fixed_acidity,volatile_acidity,citric_acid,residual_sugar,chlorides,free_sulfur_dioxide,total_sulfur_dioxide,density,pH,sulphates,alcohol,quality
9.144414060119097,0.36496434500512365,0.12730127900701318,0.9402860984736776,0.08834873681402197,9.215052695127783,85.76886390032783,0.9965515180889036,3.4758614585417953,0.714711982303871,10.7831148724335,5
8.064950688008986,0.47109626585689646,0.2937593022121832,1.616696832767094,0.06481748698122018,12.945005369463471,-15.0063711768763,0.9965783305626909,3.3078618397486927,0.5271691917451191,10.711655951789233,4
9.401070514771177,0.34151601580000773,0.3036033744088893,1.1811157429960573,0.0813812521273169,10.026189389548572,36.18276315604372,1.001470854869514,3.117534897186728,0.7775305847836893,9.36982816961396,8
10.889150755893644,0.43840769407219193,0.3945260691686811,1.7328058537624071,0.12573658637588497,17.104180469461195,45.62521922841595,0.9986186218078626,3.207500169360006,0.5596385123930938,11.037542643940112,6
7.90193926297033,0.12127706660924287,0.02662832734383469,2.2001895650043357,0.1538928327515257,27.971785314619126,47.524985727187826,1.0019613018350242,3.3685706931563293,0.7874243563656719,8.76090905686572,7
7.901967173186394,0.5426587414745877,0.4185134547694661,3.672016280863938,0.11852436654317867,8.289578428587955,52.95636985057668,0.996006073734159,3.6636928756763183,0.6134010491852774,9.68039724166364,3
10.984661786362565,0.5002410950724449,-0.24087832632055511,2.0503773458120165,0.09508616042358849,26.00820497768414,67.14451405371327,0.9968300668062237,3.203196075360744,0.36742198864295733,8.201003405812411,7
9.604639039559945,0.33658227378636185,0.1740230895272379,0.2801240105225702,0.16490058851522138,8.183279276531124,45.83155451150342,0.9943357484694467,3.4609574887054797,0.4929892391182407,12.114489168659096,6
7.501893543910582,0.631849133686481,0.20234523150969105,4.096094985093225,0.0743581763474239,7.523727875031158,34.854076689258534,0.9953808663958209,3.234388709864648,0.5868294995231617,10.145295556660175,4
9.22235207409614,0.6875140275253117,0.4266653652142477,1.3280738129389447,0.14154596691834537,24.185946183432133,33.54955162623004,1.000803826297325,3.322093751177227,0.8925921340372582,12.783572438297943,3
7.512189922218814,0.17848802712620515,0.30452617053537384,2.4177914020535196,0.07559686008243606,25.219363780076165,26.819978532734297,0.9959559314203165,3.6030793498527185,0.8131944171899683,11.283244919171445,7
7.508259418930564,0.3474550442867571,0.018887389228742668,3.125151109716996,0.11155114790054466,24.514099367626542,72.98892970278655,1.000838562600289,3.4528585162840866,0.9360564400947642,10.892908034686128,8
8.711335861662258,0.3461715300425403,0.10300137483659694,2.779454585763896,0.08432187176047742,2.8420259178185887,25.664560177275018,0.9945132754786402,3.0517401454518085,0.941117986725076,9.7551495362909,8
5.047423584081745,0.312019379778227,0.3397360019094814,4.0318513665300655,0.08720739086735946,11.340490219279491,74.94344659727207,0.9948930619318535,3.1855049952376815,0.5690923632195445,9.249014960743839,3
5.367639684727845,0.6658949683863498,0.28418653162708873,3.1706044007498626,0.0711306741268895,24.22988592003321,47.62696971457574,0.9963175375579532,3.5512442688882717,0.627957233840999,10.97526873128664,3
7.344111200290347,0.4612347722454393,0.1841751780728507,1.294166588424049,0.15724270155903472,16.415418405638945,29.798591373747723,0.9968725001566416,3.328375608525699,0.5900824128638085,10.32133458979972,3
6.57818709543148,0.44709703173787785,0.20383324209760412,5.5499870435883265,0.05335369809457324,5.263071538025358,67.40743811955645,0.9988461745849002,3.070231976076827,0.545843197098817,8.926802652966169,5
8.834220465411967,0.0992275271186493,0.4392335994318578,2.7720668486735267,0.052988387372564574,20.58317939125442,22.9940204841371,0.9979015408343725,3.1362095110052555,0.3469458994128021,8.73145574184085,6
6.756359071613942,0.6270836060418453,0.19646148542615705,2.2937236827298912,0.19604967829225547,8.851927410085295,68.06007334403103,0.9961673694853119,3.440698704542234,0.6574928879371368,9.345425897942057,8
5.899083707730005,0.2521483210293055,0.28238175119418535,3.8494955922777994,0.13889237823271658,33.94524848392212,54.0199619993289,0.9967333683869638,3.498882056243526,0.4414538490691112,12.403063947792853,8
10.791602907166642,0.5119865260532657,0.7339873176161086,2.8492313243021012,-0.029255684934651832,31.448414624182583,27.321285259966615,0.9963618741604306,3.3035710602964348,0.6541907801391643,12.834605709812434,6
7.91618028917289,0.5554753875916383,0.015263472623215368,3.058919470115058,0.06173706303947982,22.040974263555672,64.44494890604045,0.9951706925293485,3.7950627601872204,1.0196810376257075,10.625488062039802,4
8.414797947969472,0.7721317191677302,-0.07036854631493178,5.9890575980409615,-0.0005994668781027224,29.610067047697736,65.03746094772508,0.9952240741267968,3.4648304726911276,0.5734113336237796,10.563837075865418,8
5.877928083437125,0.23823592017617756,0.45671793295972135,2.1148300004429346,0.042465465329237236,16.647913501233813,85.1981469917286,0.9990557677828669,3.2513037860734197,0.6931115809567715,10.030047590987527,7
7.37454936830719,-0.10390243116416509,0.16427138774117933,2.0551347483756457,-0.06692573331170201,23.65437494375016,78.88285140950677,0.9933436701441457,3.136858790380131,0.8141302255875782,9.372066116859548,4
8.488568402506774,0.536769908950739,0.23635249445147594,2.6632099168174492,0.08315052111530288,30.777202953020748,63.21204268396733,1.00023471739489,3.1050231390721916,0.7076495196342042,11.912696963367969,7
6.343310918382086,0.8601022363021708,0.14376872437377713,4.000122309813454,0.032902909041934415,18.454986817943126,9.789498610110812,0.9963140115487955,3.3670842640960736,0.7097223119501903,12.46093403328685,3
8.938686631187643,0.7477892705878875,0.24803997184649748,0.3908523577334413,0.09299526283982192,13.448128284857162,127.80337060974388,0.9954549827872157,3.2022445910173185,0.5983915862730265,9.417239005576786,8
7.278914227138032,0.5419318830549251,0.6197076224192684,-0.25177824806710714,0.008743937055873757,-1.0462195817711581,0.6806650346302661,0.9984795185813945,3.634748750796685,0.6205807442395905,10.308877783732939,7
7.80412062535143,0.40167276287359055,0.46042569172362385,1.6780386211317935,0.09414559265860199,15.16866474278506,78.3256847513162,0.9999704331682943,3.5932623605835716,0.4967982112280692,9.905147069218815,7
7.277098759210026,0.661424519327462,0.47244470237739544,0.21250785731699828,0.06925418609398364,24.234231845623114,61.23236595724785,0.9992352648832079,3.4266133094994453,0.8038276515111993,9.937737017648525,3
11.448872913665195,0.30529076005910627,0.016754588841470852,1.9052361134641063,0.1650976482594298,25.456334275676298,8.253301708123217,0.9980037040987197,3.0642007654086205,0.3639464183756037,11.704499080972848,4
8.277054717945513,0.5952715538712439,0.06976925268942613,3.203499574581006,0.16056784308728123,21.0436506571841,42.898069017009526,0.9991737269794436,3.1655562254895186,0.8250850175249744,8.956842300097266,7
6.50189142077497,0.6010940318333253,-0.26781573189708546,1.2529515910268312,0.12926728015051414,10.587009050377603,44.40115475392687,0.9935670048457123,3.55113550514822,0.4213712745933088,10.913116660029937,8
9.698326350575423,0.7120419814997759,0.13812383578344917,0.5024427925061208,0.07366931096693936,-3.7682156894759054,90.08422962174728,0.9959563389170237,3.1873867600409795,0.823643236593031,11.201061918036453,4
6.224565795049263,1.0519320077822156,0.4913406372771317,2.597072026401487,0.18926901976301466,11.047849019952649,23.46074029075302,0.9951776598799503,3.5244283467839046,0.5998510205439292,10.243633709037999,4
8.655068111508085,0.5784831934357534,0.4033893031496742,3.7075608784612384,0.012348236108008961,12.956551289460485,38.35581478799632,0.9994492774624304,3.3949207846069522,0.4505823230173764,11.382374609685451,6
4.968560789404382,0.39820727485850027,0.2556973474095752,0.12703718607674253,0.019822068521816866,12.87071032809986,-30.090296965701683,0.9962330439621522,3.3103435769626373,0.7584807696635383,10.562417024591195,8
6.0420837168726695,0.49488513756160113,0.2955399432563894,3.648325357628378,0.08581084500554677,22.185563569779244,104.24717217307804,0.9986908131135641,3.1594334374129116,0.8178904809628817,11.738842913271723,8
8.63466410097751,0.14618481902217634,0.16222289148491886,3.6442286852336565,0.20270190544605596,35.8567641101484,11.67454798033765,0.9980717138849773,3.2811512312950497,0.5855266298223988,8.72557416458156,3
9.555393185992198,0.3610573737821884,0.3409517764803568,3.835719143019279,0.07988305465649562,17.23529201841093,57.78805851989277,0.9952753861276726,3.3379295909749795,0.7825037932754186,10.016347212892445,3
8.59132607802295,0.4181435123773792,0.45317565589612296,4.205872300820361,0.0808377378395359,13.832682108435383,43.65354161917849,0.9958260835800474,3.506507779660224,0.27153563590621044,10.321005542863862,5
8.103397919939992,0.3951823204130815,-0.023177357482094596,5.582819494523463,0.01790448219440953,13.407781869959074,43.765968096149784,0.9995876353816294,3.122852879873249,0.43549863074307793,7.460571877081517,8
7.78812371749821,0.5304709744067444,0.3599295375674696,2.001471131933323,0.13729647926351893,17.24384766907714,73.72544550073887,0.9954490347026311,3.247436631494777,0.8797095181796839,9.205451993063612,4
5.786512616375374,0.33551601352355986,0.48648697419093345,2.6534002121090015,0.13765881271646768,7.71706239651601,102.15166119001995,0.997249735220391,3.308964626386457,0.6219762233863543,9.505040820205336,5
7.076264845728996,0.7242061334648943,0.21697994220732608,1.9169861934527643,0.12945376006999548,17.201985587460552,55.299291108085725,0.9954349174273471,3.4325356715372326,0.3434237345036959,11.443026594305685,8
7.516914089368362,0.5000414129836395,0.4401401224241167,2.502767582658135,0.05853896635763187,20.508123363318,68.61757458180736,0.9963720956261682,3.1183071324954446,0.541192749324861,9.62247231905394,3
10.097107784572158,0.4981399357722771,0.8629308888945106,4.646022697890837,0.05466466158134971,18.096860635744882,57.85342071199235,0.9969076761120601,3.036686041422557,0.5030219196707363,9.500113113963426,3
8.884151092266386,0.43442105669741643,0.2791314414026216,0.6169797224970639,0.02534388747975147,20.575419340047812,80.57853698971067,0.9954342669794051,3.43479303034201,0.6317865056496028,11.299234358721812,8
5.302831735883354,0.5310381367717958,0.37866141000106474,1.2945304589681943,0.09419362508804668,20.337476093485353,31.723759476951205,0.9950791060920322,2.996410177010659,0.5969723327527,8.62029828963094,5
8.850942747971152,0.6650196529335269,0.15238858326772167,4.428053311106385,0.03597963353607491,-1.7189668224644379,82.48788829574167,0.9975725466735549,3.5569959429524336,0.6904183939194873,8.12163152581207,3
7.645360123292263,0.3265739568578199,0.3362502325204101,3.928051109662926,0.031129174737535563,22.36870158395403,83.64649556636367,0.9953105251824177,3.2688147805034182,0.6481907712258623,10.00224846992372,3
7.149232599479871,0.36837670218494867,0.39205432499646076,1.9916156944560908,0.0688154641544662,9.289851543375464,82.72372128653603,0.9953786848886027,2.9904937835451104,0.8911556733562932,8.80752255511381,6
9.339849691029476,0.43925479424466707,0.3389684680540276,3.696162801569008,0.0655421912407892,5.0416083699604215,25.21512037789629,0.9951218937125961,3.203915956119301,0.7321732619523438,8.849352775874387,7
10.052699188243118,0.230825815305357,0.09606093605822863,2.9777021794888467,0.06310107355890224,4.955481721450038,41.4448580701727,0.9968441839073373,3.3758247266138475,0.7378041739029096,11.03077717085678,8
9.883176202497538,0.33614842805570044,0.3412723542650901,4.600384452601383,0.11332222984201307,20.335416104725294,54.90241062975435,0.9988874032687997,3.193459782489004,0.8580767110620687,11.363571221703838,6
6.873330210521515,0.4047558252910682,0.5924391877435273,2.6043134313574816,0.09395239010751395,13.77425072775147,1.7622125206428123,1.0000130572726245,3.3040059497648695,0.5939093124269711,11.267750637437338,7
7.774338961052936,0.6748778361425455,0.38972715290290544,3.935884959421615,0.07559219847444411,-0.8196878398541081,99.63236686683848,0.9955481638280125,3.448015673141057,0.4454808346290575,11.619654326337956,8
8.863147833386058,0.552512265800385,0.4923974378143682,6.1988166746896685,0.0991506464155741,20.780378151922832,46.594874394428196,1.0013006215866624,3.259561932922476,0.8651849551874824,11.765247752016283,6
9.958426716108011,0.5387179822735089,0.25259760599747444,3.3373388170664526,0.04042364794476838,1.6039186920117263,56.369620290955815,0.9949905902785864,3.112588464706773,0.6830930971783792,8.058550770290376,6
7.485403795663008,0.6701795924335945,0.4499800478847421,2.569059432112781,0.09526393119548389,17.39821358518211,27.9588534890023,0.9991670970466557,3.240203200525632,0.6836897053428179,10.895453155922414,8
7.984379739671511,0.4725256423201207,0.35585356764330517,3.511425779309371,0.09753012464223168,18.38498925673054,3.213040540888251,0.9955566070919691,3.5829680272918516,0.5523339133398598,9.817430980473485,4
6.419230544189753,0.578092969985778,0.10981785406255357,1.988606798514561,0.014847657032125955,24.855770816950447,27.06701377933256,0.99525815346026,3.637012869066637,0.5551345933723919,9.57783332941052,5
6.26644873906286,0.47935564941350073,0.3637042009597749,5.843154787734624,0.1397846877185181,33.81684786466852,54.233738191908415,0.9955104876864312,2.896014765211545,0.8039427975910435,11.016456095429577,8
9.681293898070138,0.5530724698799256,0.10166066731193787,2.752099452774374,0.04592831473865022,2.353236740994584,69.2231508208719,0.9968951046007017,3.5182055818382953,0.8273914856833938,8.496674972114674,6
10.6056080485704,0.3834482684776836,0.1734239450230416,2.117893351684282,0.09451548996032175,15.475261439369506,52.339120839889766,0.9981599443420672,3.350029543207071,0.793249978976932,8.473780533540449,4
8.177582793313434,0.01223656834471415,0.3378656614584748,1.3300353929719495,0.14822058702676352,13.236647049557828,58.441892535984366,0.9983397360758096,3.48479653582403,0.7948034729257307,11.09693001848989,6
10.006005926416442,0.4731441675627392,0.35944885467602483,4.036108268249014,0.13628383788569348,20.337496859609622,35.87812963551457,0.9951120299693043,3.189902347946474,0.756735021334159,10.936564619261988,5
8.914781242580979,0.7845496272199881,0.06215350698457417,3.714062377958834,0.09171666942844177,18.156687709336186,63.37620268609913,0.9950206814249775,2.9463472980997025,0.6823588641132866,10.550405921458662,4
7.203296417171289,0.6852430804483185,0.5107971542365752,1.8037038800202696,0.07187504985589657,12.4745375726338,95.93348459073493,0.9951667226132729,3.416897757729492,0.6301854536654333,9.43209525480455,8
8.914372529364304,0.6930794969182341,0.41440125566009456,3.307031883171392,0.13737559542877836,11.590978113891445,70.25805160048657,0.996777291195229,3.1118045477434566,0.8657550544900641,11.218212598040337,7
10.914662162992148,0.7472261443612436,0.1590543128778232,0.3880216445020013,0.12373474889043098,4.835491448159525,73.71488231234703,0.9965796887916183,3.0223415137030294,0.5964674520166263,11.148333181266525,5
8.239095733513084,0.5177315181922875,-0.00751695928983509,2.7589588051024188,0.0590817489977935,25.878615824065093,56.702541177118825,0.9950996490758605,3.0363197235053065,0.722896466359727,10.4938349665522,3
10.95989421488381,0.5394631414811191,0.27101908418371373,3.133858892907372,0.050255317649915476,20.592041815995294,-2.6041172967868604,0.9975392073881265,3.420182756483067,0.5233177903477781,9.104946854603252,8
3.8464333230474352,0.37646962091312997,0.21081125722776795,4.890261733382912,-0.013617759084799924,25.177681977951373,12.526004489168969,1.0015251376166707,3.3278904932058393,0.5479191637354235,9.932226819697544,8
9.69723425743788,0.43678542879459004,0.32262809141060456,1.420853676179835,0.09770159208417936,12.896038635244864,62.01090142190683,0.9959905690763297,3.456493204374935,0.6198537234642715,11.321617045276888,8
8.447980016004891,0.6231542299542283,0.22737666776888668,0.7103063196767461,0.08586511274908007,9.431645313055697,46.63901128531717,0.9961329763575929,3.433815050899273,0.5233304759563822,11.859910345081966,4
7.791687504208026,0.7407768874337632,-0.101491372149002,1.2464008547049417,0.1468095687321271,5.216849333707721,61.514815253603324,0.9981193231406488,3.2158132870832468,0.7956348103313111,10.04080973628604,3
8.455993320110355,0.4721107448638001,0.2223306123397683,0.6288040995591122,0.10795275467401833,19.589175837406597,102.32197278885442,0.9958823674165264,3.2859052852245085,0.430834177237345,10.125359735410912,4
4.921132845178483,0.40996214702971767,0.2388761777863374,4.3713203008625765,0.15671145970863454,5.602067754717654,70.95918797456801,0.9983379289634363,3.197712494243492,0.6768690359747824,10.222141981172433,7
7.92655779067623,0.5001055917713194,0.42673220495481173,4.668095013033652,0.055131788604191455,34.4866306896655,88.54324478951311,0.995562914586442,3.2579344454269017,0.6825263764631708,10.70238230980207,4
8.907091371569969,0.620241349785823,0.16036006507779005,2.9483032091283605,0.1469075165483809,2.9235741890655955,50.12448585253409,1.0006642392151546,3.1065490524037864,0.3521640716856543,9.760825969933974,8
10.812419876060577,0.21122903677329163,0.6357349346745133,4.209812923959207,0.06355418104476723,18.73660119212502,20.361882643013487,0.9976895499451846,3.378096858774867,0.5850259505109865,7.216396436671258,6
7.4189406289348,0.04076380937255236,-0.08232811013035146,2.6875417328123294,0.1288798030896136,31.668547072137862,45.090416745926746,0.9957599541018466,3.5150241497963512,0.7034689214681843,11.712045901811807,3
6.925560875081581,0.3898926301016833,0.5622334995605249,2.3668436932189274,0.01706208037346532,21.990897592638092,20.443190147268453,0.9958226166010614,3.1366773940358024,0.7328837588599916,12.374157841878805,3
7.447013025906289,0.25585751481716823,0.255136205824379,2.0337473333247336,0.10175676496830942,17.756737124917795,98.42373357349078,0.9959724004945839,3.556253929080268,0.6252677745379718,9.726360154433717,4
9.856183600093527,0.3983719604705378,0.4719169744687112,2.0654526120714083,-0.009234397072295508,6.315163530381044,73.0829055256705,0.9997454993324978,3.322704299295588,0.7750709947617217,9.22668129418935,6
8.858876886421465,0.4704439362365057,0.3159602968117466,0.3330778211673562,0.07664312570291226,2.182308114322961,64.17691238873323,0.9944624979847975,3.3482157952811624,0.6414162362698731,10.249189425370757,6
7.399407653596035,0.4093503181953973,0.5279111072050938,2.869956669050275,0.11201769969389568,23.70050108917586,87.78612567352741,0.9956641166590809,2.960114096078496,0.6623209950527597,10.19374572789835,4
9.172554636292706,0.7904935068941491,0.22252760708943775,2.4435325257003386,0.06395157243844521,31.061472407749466,-19.661861679266437,0.9958766788861492,2.938547538086853,0.7027811577277141,11.495070434879256,5
8.46503183389167,0.565348952920464,0.08027591496443753,3.543505013709026,0.03747811856220162,11.611500095218286,66.40855239430776,0.9969686240664861,3.3288232725559364,0.8175899368848087,10.460103385809543,7
9.946696483905912,0.5600948719221657,0.5841008574542126,2.6309328950140536,0.1323059234647967,4.60938492383649,3.7486891179557063,0.9964577806147064,3.4579464249264014,0.5451279395893596,9.528114886591698,4
7.106509740408502,0.6244414288086804,0.2773038708235718,2.2722148178032717,0.08482686050765383,-8.581694305490185,46.76056195063318,0.9940175443372191,3.165723911271009,0.5772402816718895,8.949749604386145,8
7.742974350783795,0.27223337644384615,0.34431169472484213,1.2803297579893171,0.06552146764846642,6.192351563374624,36.71364944858192,0.9962003546328091,3.6340187801166177,0.5462875964060335,11.352197603301642,6
7.633416139675333,0.7078223574840538,0.546950382808959,2.601014531550466,0.09209479605771383,14.863431575009598,68.83730819919928,0.9968008986336301,3.446987194850863,0.6035263882558713,11.059462365280675,7
5.812024588175399,0.484847142692908,0.09360895158111299,3.533532123142627,0.22183345709727942,31.991232408367342,54.53018053571153,0.9957438043298404,3.118331749658403,0.90245982387356,11.566615865901001,4
8.80340447100978,0.6340961234482425,0.41909817952785144,0.8993254124825951,0.1476751424890772,22.731336922329685,91.38886672918902,0.9983735509780953,3.306169733410701,0.7573633042860698,9.334994574206798,7
8.743793962705812,0.2856285533919689,0.1820210487074218,2.622463255153035,0.148128683409392,19.05085404706753,27.137393689223753,0.9988388168575073,3.795385826744682,0.4677147433212969,12.422280589481163,5
8.308692876292184,0.1892482467967871,0.27356612887112564,2.8262601321412775,0.1117773159496182,11.99880338698869,70.40077485789837,0.9968432266005413,3.0514871994400585,0.5579240158499253,8.48193604223704,6
7.901201873262251,0.6635779316050058,0.3144557930768578,1.49470930293443,0.09832426362885735,10.168342827440437,52.353366157661455,0.9974610831737014,3.4056539877830208,0.7233704281269884,11.180561123541628,5
5.893869738514296,0.5752819052195033,-4.437228938725113e-05,1.6770011731287997,-0.029804114416520824,30.056475975079636,-6.964578912361233,0.9926778880053014,3.2354510894553314,0.5058936772414291,8.29945895608341,5
7.58490295129889,0.31958968912849794,0.14423259143591302,2.8228551882727,0.05605098267684339,18.007385407583897,16.685656868739922,0.9961577944556763,3.4413792581837024,0.5366921930614914,9.530635480131686,6
7.717385321904493,0.3260673837450611,0.5702145784826278,0.9132105743903278,0.06597127933987627,-5.0260069192102215,42.05402489376844,0.9990096433835158,3.553454729263676,0.8886431432496054,12.117125223492755,8
6.936128642323249,0.7250869568829539,0.4772382377169591,2.9898932013491493,-0.0037446032023766562,9.26460352102757,83.705650846427,0.9961531268336414,3.2227525822577263,0.5557261431595583,11.314500679923588,5
8.025814290167785,0.2621176214265344,0.28747208453455303,1.2465038768771202,0.032129210489228316,7.4178396822837325,62.30286089938478,0.995525476647216,3.5237824543414344,0.8222933587249958,9.7991575429641,4
8.986886456584717,0.8285345906511927,0.3486246917025786,3.987995170246503,-0.009041823546131714,10.537359908225351,8.472472811936427,1.0015553778520618,3.744240678854392,0.8734049422202596,9.829279252896143,4
11.506516032057903,0.3198758530704262,0.24115149887270845,5.77295884354362,0.08808380821513137,21.629106602850854,42.36956447444373,1.0006381543803915,3.3132549474688466,0.5353114445012761,10.510684321918987,7
8.596782281814127,0.6276783851216766,0.5713166771655964,1.2949404776174525,0.1309382985424408,14.925551182057506,113.58761281016999,0.9979351498249643,3.456977737498837,0.508706365385286,10.965555089836796,4
8.737835664228701,0.4342763048502031,0.2599294844411672,3.2478910073245446,0.14533872593121644,15.23134592996338,50.670370049748314,0.99927782122296,3.1819118459593447,0.613057545298202,11.776737320950966,4
8.173441943197517,0.6206374862164686,0.3463684184269696,1.482561333165173,0.11073922310396206,29.134731613252367,36.19825602261094,0.9925481291640839,3.3038518618062422,0.4749332874854838,9.898142594930656,7
5.038088933991631,0.39117719957716146,0.529206028828413,3.957335843316905,0.04183018294007154,9.035389102133117,63.22740814495528,0.9954248971187426,3.2646649814583513,0.6805757593454662,8.627036430164079,3
8.254926411736331,0.46744141878554113,0.14452570303081866,0.728638227280699,-0.006603257925997988,34.64199525887349,72.191971626205,0.9960600842536537,3.459387185131719,0.6250391749849243,10.572665489753636,6
8.402391356899745,0.5081838350791442,0.6117578368993788,3.1728214617987978,0.002156565029924895,9.28692408628914,31.94644453315805,0.9965280398022661,3.5409351871513848,0.7212986027006713,9.896826078740766,4
12.487511591224987,0.29956250884370544,-0.006092281948675393,1.2778154463549063,0.02655087113727507,16.891981966125712,63.58496755425742,0.9960201119580521,3.278069030176508,0.8974803875595796,8.969302924776708,7
7.972986359872093,0.6481648690840252,0.6259284262225597,2.210221575262284,0.04555701509821626,13.18796404597233,36.146646609863296,0.9918999474169673,3.6067245691465843,0.7989724467309542,10.727435806844074,5
8.812630481967142,0.39735728670568293,0.22546488320960506,1.0565646147937702,0.08201257510042066,17.234191335009612,70.73781086037147,0.9977720492374171,3.6060094883123255,0.7431707618201006,10.165574870497933,5
8.240989991501086,0.45428001693199627,0.25146025043494363,3.6512906592540553,0.03929178909365158,20.445919950731287,52.59987421305236,0.9980873082565612,3.46937074863598,0.3257717697954539,10.737163427116775,8
6.313247336046796,0.3011301250782975,-0.07800203423658864,1.3282275037845783,0.10694879468341308,20.338352400888766,62.90493829274544,1.00020379758318,3.1967946936556544,0.7353739169574038,9.416111379794103,4
10.242798784675536,-0.0124667317590621,0.20904105652446142,3.2727499630645585,0.07838632486002636,8.4688266937942,21.946942976472354,0.9954233814704501,3.177634236652019,0.9528467023197734,10.93538158335805,6
9.578286155567517,0.4617944474799662,0.09203869379462312,2.018262760432734,0.09052728558705128,4.770853225524293,19.897549325595644,0.9952596736844402,3.137523729061992,0.1482111722267021,8.951191983569524,7
9.64475430997318,0.9825230843225832,0.17847073092530547,2.339738679481592,0.14701252763356024,41.03171790905711,78.20141105376003,0.9916400310280711,3.489833214047632,0.7771950323058563,9.48949547133376,8
6.754041326848944,0.6569208575796048,0.27253780684222406,2.70685827036018,0.03098841328998149,11.16015660399447,44.3799194142787,0.9964128663268182,3.0576463585021267,0.6329090422914011,10.132794345803994,8
10.68475032859137,0.4961479240531211,0.4915583228945811,1.4334454596776118,0.11093522891461842,22.992124386719865,56.40614648927893,0.9988022235621243,3.435367530822201,0.5155348494860994,12.316000256455686,7
5.916853193253123,0.44742183415834647,0.3415206702801251,2.794513958957242,0.08930133857619633,-0.07641310523196765,36.888950906144856,0.9957764642756145,3.083778130435177,0.7961918592650321,11.263307905403343,7
9.29765705946046,0.5044931785624093,0.36153533068022276,4.642468390096175,0.07332568595151523,13.203872800953231,76.65798354245025,1.0012868896370872,3.4647092239683945,0.9506500031032463,11.58491175469457,7
12.023774563876964,0.609423823035042,0.08089612223088752,1.4106672998342,0.134262816043298,14.728006160175571,26.942270659021297,0.9964868103284209,3.303443916546112,0.7917892239024181,11.95878473667746,7
6.616088247277831,0.26383743693823103,0.12384918207945395,4.1405342005833825,0.13395070772785037,20.728150699278324,42.525159083270864,0.9972939845685771,3.566727712371965,0.5968973682855405,14.363115349391961,6
7.337293859675288,0.7228643389337744,0.6597450036702623,4.5973366868828975,0.04267546020057859,-11.22454140991939,72.93776281920334,0.9942737938388369,3.528290915664254,0.4996101298506135,10.445747974314278,7
8.46940732064899,0.6430762630882488,0.15295979304735066,1.3573830153607385,0.0808919708071038,17.661406130783305,85.70793407242078,0.9975744406903505,3.5870130824004223,0.6845866977442224,11.962441015442842,6
7.444091388002462,0.6436371451415869,0.6312416504114591,0.4629235528732272,0.10406058412920327,4.502585446321071,29.71594339611945,0.9930413604102946,3.592163743657822,0.80843877970487,11.513898779842135,6
5.663872167187575,0.5876951477619454,0.2513877602238267,2.9227452602404704,0.07634966259887077,19.24345711194924,111.66957140454413,0.9983873959100262,3.3287261667976393,0.5942009855402663,11.495635753638279,6
8.416557057170246,0.503923331538798,0.3004575872287008,1.7336294681263777,0.11925106661438992,5.636708031618371,57.33697589188934,0.9984488563524708,3.068241386715079,0.6106348914193646,12.3516635798442,5
6.494083686665622,0.634572247193364,0.514073032045986,5.116044506828203,0.10405960089551378,7.445173040744187,12.583367360311655,0.999718582848673,3.089495389000524,1.139740042472528,9.938755665917077,3
9.105107132079809,0.6183628267482756,0.5543784843877313,2.548730556699765,0.18162806201780063,13.263723896067319,59.17871760346895,0.9949600625624646,2.8826302941368125,0.8433708308131534,9.851446473669982,8
6.736978801802535,0.42919185781179525,0.2778374879441825,1.3769208287507493,0.013486043203510614,5.476705303968046,34.3610259220459,0.9973211242365948,3.083266833314381,0.8555218753269175,10.751742064830047,4
10.934888488529818,0.3852796454206198,0.2223513892956922,0.8939766845836041,0.08387820051263012,11.244655532646451,61.32426007704483,0.998127633118773,3.3137647315409295,0.411751395970002,10.199030250885924,5
6.968469403028398,0.5203712590523973,0.28881591029555737,4.025866942727163,0.04457487442439044,4.066242314566846,45.585743827208844,0.9978845632766606,3.1880691638349674,0.5397779245201118,10.750350938297991,3
7.752495422450353,0.8098040302990375,0.3675915056464236,1.7003424362821389,0.1202053727719522,-2.3317045169872763,49.451031776274775,0.9952694014497303,3.2639728791180294,0.6726958787072207,12.119023663558313,8
9.68297926952844,0.25217858486921985,0.4782607373739511,2.5613603192445997,0.009141405497722771,26.179570524293595,16.917418572657184,0.9922160362208877,3.39854308389228,0.4898066151595246,9.874038605023093,5
6.207530662062277,0.20649494684951197,0.3008459717988303,3.838123843157473,0.10731563551124433,3.039513071760716,79.67202061363989,0.9976939205937689,3.2391869483868483,0.93206754081118,10.064853141146896,8
8.686681888827021,0.5329521682473033,0.42377725960463075,1.8220383072968378,0.05849757843258294,14.213191123920165,8.847796884015942,0.9966950006433801,3.075634239917483,0.8997530921204098,10.591742103879236,6
10.522142682280128,0.5101775403712037,0.6276719464541882,2.435699639763775,0.053291906693949294,23.52891081493785,10.41075845163516,0.9958666588140771,3.2893532664873133,0.5692972926447109,10.148849731372314,6
5.567278501245914,0.5346683328740817,0.3762619224529569,2.476804226248472,0.01767508982296563,9.850558974839569,59.12289152186706,0.998527890727431,3.120301902645431,0.9632661631232724,8.294593589185164,7
8.613877559504918,0.5487906395817,0.3623305712009557,3.4566543161225285,0.06674620268994969,7.74834100254462,99.89386015687299,0.9969101609236911,3.2458427006041872,0.6592771435576099,9.761859593031167,6
8.741800750222321,0.455359549073039,-0.0037821650180135946,3.327042069714456,0.14422502651454627,18.262380886674215,35.364427796874566,0.9943616098944644,3.5685553928846003,1.1001962519561383,11.156110566461255,5
9.629098882021427,0.7979726877204165,-0.22614602736581274,2.19184077624324,0.08874056582352602,27.179338227271522,70.13208664923087,0.9931370954218075,3.2458989391807647,0.6845966421892562,11.981301426025912,8
6.197183791507261,0.1798192043046969,0.3776751458460337,2.5891086860951247,0.12138402089372372,4.30684734913531,82.420225836497,0.9947420734697336,3.654191510669549,0.7579527675558317,9.1299195757085,4
6.055223757756731,0.3343005950439508,0.28103515374382554,1.9795093838671163,0.17323209109831375,14.498521679825611,73.88458643070427,1.0017860245895336,3.5863271973875936,0.8979835849988249,9.124789360846073,8
9.187300661548727,0.4793490479701905,0.1970434650170516,0.4313426303127774,0.10318777924112879,-1.3249459496732747,36.73012645726851,0.9984455535478656,3.184138938284191,0.8771976694673276,10.43325718298907,6
8.804873944496418,0.17136223776916654,0.3487060408372689,2.860641200357381,0.062060021396882964,12.0679899631781,10.99545833259554,0.9973772246839501,3.0777752467168447,0.7468244512431019,8.11684542863438,8
8.725837845587991,0.46482911911358576,0.2879192541606183,5.149068465166295,0.11336261075913949,16.342046845380754,-25.84906966715471,0.9966366781456284,3.289489167615961,0.6360061456945479,9.91053277671416,3
8.88896195614486,0.8322940331456037,0.5255560501267798,1.2627932030325122,0.0627851926842854,7.453753582449343,38.326263517741026,0.9965052141201052,3.5306655526793778,0.7474025589988302,8.490353734493468,8
7.143957973316566,0.5041772976591924,0.31722217365179556,1.4177584065562159,0.06477886583514153,11.430081661747685,85.87688316255176,0.9993343919667181,3.201961818754262,0.5212486907810605,11.905967429826712,5
8.694831285173708,0.5461401811437367,0.15061534298596646,1.2809811196987622,0.014005360019050755,1.9177323169254983,9.902522502856172,0.9960188085161932,3.4816180596524275,0.6858627322068998,9.553735730214555,3
8.798223204607758,0.24796704696548394,0.4980332477918578,3.5144284902123717,0.13631287455421962,16.770786113814935,70.10692496811926,0.9981538408213686,3.5416879978272173,0.4714177194753409,12.21811760497293,7
7.085602589355176,0.3767277183921045,0.2565737850107595,3.127879635875016,0.07069987121752803,26.556942488831496,15.644966508288217,0.9963031440994168,3.1451948699274785,0.3572501211863488,11.624873488804173,7
11.471816668946087,0.4249607239352126,0.4053073367344614,2.2780472306169606,0.0991049122907931,5.028561302295364,50.500395020765666,1.00088031326367,3.1647897823422824,0.6685725499037054,9.689050972532842,8
9.10551596555004,0.43645698064875316,0.2045178587614399,1.214773313705449,0.038201903569668016,9.773282334476171,70.35712326711558,0.9984845770151566,3.4425324064254013,0.8745872414141843,9.220844399469314,4
6.274784054755498,0.7563287590007537,0.17003462290051272,2.6293275082958942,0.11179738148577362,21.025462464541818,25.236650584331883,0.9994911136293673,3.330369509928314,0.8173867890713301,10.187099675915652,5
9.416141134677511,0.6115382121450249,0.3168336460371392,0.3095290217298743,0.05190293809324581,28.12090719322736,52.625994462998165,0.9958311804506235,3.162787694691264,0.6460749097266466,10.284888713315977,4
6.643041160613555,0.2777084086125936,0.302565728708737,2.7007971936004904,0.08291456391490878,1.0681018779106868,33.30198588806415,0.9991162722251349,3.2295639103760823,0.9569882486898345,10.780761638347641,3
9.63804382636217,0.549300955686401,0.3959654070733666,3.7201341405231076,0.13389130156195628,14.312152625840508,70.26990574495983,0.9963748451492106,3.285896089454516,0.5632595635560825,9.545802381516804,4
10.269612484312587,0.5996443496993571,0.2462708493380515,0.748321208712851,0.12953796561162645,18.83130822319525,54.76546655999303,0.9972200696478657,2.987029115008908,0.3339684474943361,11.221034360874423,3
6.904840058802093,0.7280298077042533,-0.06727195675407949,0.3544744124384711,0.08889849637415298,14.97943609371152,48.86475325616583,1.000270095341239,3.453128621296539,0.28904277998583644,10.69186086049989,4
9.937739419715347,0.8161081373136747,0.21344522328232224,4.711213048372803,0.001593448364664074,-8.76792066877087,98.42554868468525,0.9949144498864871,3.2042615622121615,0.45919754009872815,10.02556532761255,7
9.001727575792048,0.2969811616344262,0.4587636934287631,1.6435365046935813,0.23964052850303208,21.01090009308772,68.85610269815396,0.9974064954626108,2.74325675524038,0.7988262063545789,9.616755279040175,5
9.697502271990633,0.33782849775793233,0.2405247841513787,4.090326984321351,0.1772929485136568,31.19336351090644,24.21838841783246,0.9978760105170374,3.2952258063381095,0.5520835438105444,10.196626518591446,4
11.524548070511711,0.24848442821707672,0.25072331949709037,2.2844032687230356,0.12613374124441493,17.166617511695033,44.166491273673856,0.9980400087616016,3.1516857482212983,0.7383629691157414,9.501408622989674,8
7.882840202795121,0.4531960281786037,0.4972753011811874,2.2732632562821418,0.05233981092045145,5.6889394670573665,44.495340092371194,0.996098431013813,3.637764438460535,0.9398681752092761,10.464282564371947,3
7.018648520592269,0.5932716748892669,0.15760535454821542,3.113777779295303,0.08432039191490176,10.86872753635717,49.650545896631996,1.0011725282016162,3.1829109958160062,0.472983516361773,10.493982553741901,8
6.787825469636611,0.6974669033178204,-0.008560643648579946,1.2624016005549832,0.06282897851117415,33.69913067655593,130.3088061280473,0.9944101362293195,3.0804713272842776,0.7413449544053013,10.687878011823974,5
6.913122515558756,0.4848097952714954,0.2678737760949011,2.6854960008939037,0.1531927969548194,25.099625408605586,59.2381124594629,0.999917770777265,3.401586533992403,0.7516237223514728,12.34286665063904,8
8.168927093996023,0.4360304953490312,0.2031652097502526,1.96591481924627,0.1031251445425917,22.400266183843293,-20.18478481345761,0.9994301312111833,3.167910526398483,0.5136745419595725,10.254310808330471,7
8.879958357188295,0.5303515984497481,0.10675073604934918,0.651309179232956,0.05079180708200835,19.56412583534376,29.08763393334015,1.0008017775792073,3.144108759749553,0.8902158572916642,11.505057653836932,7
8.770374358861034,0.33297141967399535,0.26492430882026186,2.9724749046169587,0.0664622450437609,9.388628878090277,-16.76827888736168,0.9938235458025844,3.401900276564881,0.611089800556589,10.652546136673273,6
9.70621152336124,0.9179077443389547,0.3983011294493567,2.1313690703709174,0.14605940712849524,13.994288193442314,36.11665751748728,0.9952623370242206,3.0919065384220867,0.5947619932447884,10.137931267911702,5
8.322103216192442,0.17846779457638823,0.29814228768643686,2.2801652401774093,0.17000489234102392,15.220772643214842,-18.581237580972143,0.9999838861183232,3.008545268360109,1.0189742471310554,10.268924803053643,4
10.77100793116744,0.5369481157791449,0.3613962145372476,0.8057746792201792,0.16641657817431227,21.495743160644437,18.237514454741877,0.9932459216907393,3.6451996004188674,0.7488703462023422,10.335290949915144,7
7.850083383495475,0.9047212438459279,0.6626815397030846,4.727960514867926,0.12785160325269887,31.089188942669033,-3.1838104779259595,0.9937870821979192,3.415899747520129,0.8172993934465347,10.707744478501038,4
12.924287583202354,0.5013599689119995,0.23142422768848717,3.7273998609405625,0.07736875655986816,27.18338136793128,59.67728587292676,0.996023384426577,3.2471581430011267,0.8903317983587127,9.344747158259134,4
9.36363449120051,0.4619921929997011,0.3556697269289339,3.84981823784077,-0.07207569126645605,1.806156442039594,47.017798966753,0.9973839875772446,3.2993045580596125,0.5494194200919331,8.788125578210536,3
6.842832154092321,0.42851091543791453,0.19815732748017306,2.072377416581645,0.10485800119041108,18.239949689010487,56.99775614745813,1.0001844501472976,3.4011728716232312,0.8724695864991255,11.119727132821703,8
6.47948275329611,0.4639216636475184,0.1307280560226054,0.07914395469521196,0.08990856205779497,23.36763345167897,43.54980417723863,0.9966294681701393,3.494667489922684,0.5746780004503961,11.387936215839385,4
9.120203105913415,0.774569694935306,0.183018469316446,5.234084335485315,0.09699910481606769,22.188603301446353,0.988174243254214,0.995783521703871,3.1488049417369974,0.5674140238124895,11.220199416083084,6
7.920113264946054,0.057627617734098635,0.20424828569566228,2.4144634887917844,0.09269486735166031,9.707662366125806,63.94620518540627,0.9976227798753928,3.3732293051931364,0.6137600047076168,10.57046922041212,5
9.513800839956557,0.8066867402592651,0.3718951595094251,1.4516802855719249,0.02368689190254214,45.141092157683616,110.43341048889195,0.9979391929665888,3.1986591647579523,0.5542489780593577,11.243947090198619,5
9.104503961775027,0.21520856950997097,0.7698151573401515,3.0835222042763593,0.11787042784255927,3.229154376688811,60.50401509401604,0.9978824796443405,3.262203751097475,0.7997665935517178,11.184771928618858,3
8.176190848483317,0.44666953415311705,0.1567913127448319,4.133969103204617,0.12161081570159252,5.168115533339501,32.94448822252032,0.9966440275840973,3.3321385734929807,0.7054258113746595,11.266392294850451,6
6.860450679283712,0.41415111594026766,0.21667493887690747,2.4677292214803472,0.12411693910298296,18.335950812615764,-0.12621681147968644,0.9930898277721637,3.2986642853894654,0.5764918495150908,9.454505096523675,8
5.724759718034031,0.6177106539541439,0.28737539737775036,4.2900052351151245,0.13732885017866933,37.16803054963853,17.033789964921144,0.9951647680217873,3.447113379660514,0.7746658556363197,9.193353023129905,6
7.540924581486065,0.18037512962325047,0.3791597697419494,4.016199913923616,0.12020258224608116,7.638051492958292,61.950308666877945,0.999840542170535,3.397417311823119,0.6132189856443212,9.972573828572502,5
9.755877950349904,0.5924345332163886,0.352710162390957,0.9930663376371185,0.06949852942305446,13.341716343530077,82.41289488437937,0.9973741378759532,2.998366158125564,0.604228037038005,10.380877479503079,6
8.663959365021347,0.9048619246573706,0.5568191587896234,1.5566938520767333,0.08645815760419548,26.77293673015693,55.6085837658252,0.9963549557617859,3.0284353585869113,0.6682762604332625,10.133886760154482,8
6.182244076189621,0.22736519908143787,-0.18527841410704166,3.8405520285916745,0.09455624336266884,15.821378451122666,73.39628056029746,0.999236337096748,3.226056663048141,0.738788260463257,8.335640635528337,7
8.59440757394701,0.5379412335220791,-0.1773859740391346,-1.2976575893346127,0.09538497245533092,12.653961454697043,70.35338205289901,0.9947397667352621,3.665725052488365,0.7262741003941614,12.293861873348657,4
8.955039545539023,0.3676035644406782,0.20082436559797012,2.2907620295690156,0.1399108827985865,21.6563290188672,63.71563491573528,0.996549303732574,3.1296816334996795,0.5982476390170188,10.098549412225692,4
6.797442358458075,0.5851774412386072,0.5194600375087417,0.4968363177254598,0.12218343765112455,18.72517990229593,25.270371356378554,0.9972755168103481,3.258355458077449,0.8040089052646984,10.58997485823465,5
8.561332680107398,0.5038295554831504,-0.013129606321119314,1.8328246779930655,0.19386717197849768,26.304387856367914,52.73947589518003,0.9961172449934107,3.1927307946086954,0.6221929943164585,11.769003889839365,5
8.3989548213582,0.37170261819113803,-0.30152646793875154,2.081651875359114,0.2003234489942336,28.914688890653636,19.00353247188944,0.9972015256458032,3.189191123182384,0.5486526369365178,7.820530503526674,8
6.3569504936879415,0.5975744569742147,0.41423588124384175,1.998457870929489,0.09398247913069624,19.070030600053617,47.57515544761736,0.9966246121371565,3.335647948781011,0.4104363197095503,9.837136740897117,6
8.908238512592082,0.8608696219573486,0.34873144474054285,1.7268342470423481,-0.10183277742296848,18.91732725378309,57.91849652520809,0.9942013139044282,3.58015545523913,0.8271403417698336,9.974170999062215,8
9.253333694825999,0.46181924165454025,0.08195831864011402,0.9639988905196604,0.15184162330636333,18.141109822861335,102.39986564376622,0.9973629557637581,3.3911936799761175,0.6621063129529813,10.03005895000429,3
10.141187113397972,0.6439515884296364,0.102892079855814,5.70867577354616,0.06298118305064727,20.891305566492875,3.778844845868143,0.9943432964169743,3.1392938077145813,0.6958483009467875,10.209164750214653,5
10.091463488459336,0.24134540842576724,0.10605125607306509,5.1144468058258905,0.049925803908449654,16.551706378714638,62.88975182271308,0.9973312302501934,3.8506459021606414,0.8377864956689176,11.99184827828933,5
5.957962074472945,0.3087127246363982,0.322107063494788,0.8731078516412039,0.07007773625053165,15.993915176777106,95.88080752357862,0.9997482716483003,3.315714644192225,0.5788409406283713,11.140804763299945,5
6.705697432144292,0.5944812555760755,0.1747369447633986,4.714963451824994,0.06766784765926967,27.966271208272424,72.04197627268029,0.9964379536054478,3.184555808723577,0.4263521277593981,11.453838795491713,8
9.175559954254723,0.796823205707193,0.39881278379510393,1.940748313338006,0.12061349050526962,31.16116180355043,74.48719961322637,0.994657033740058,3.5824192749355177,0.6718627193765871,10.451832298992016,8
9.173436116550755,0.571122669757132,-0.2709253325808782,2.6808624626643947,0.012028211043688716,0.9244705536657918,66.3939317616378,0.9967460243735901,3.206185876411236,0.7123534638536503,8.86068964923995,6
9.175581066720282,0.4373883938953691,0.1286296269744401,2.411416456144318,0.03611396271041992,16.10021151740569,89.84503816258875,0.9953360577838429,3.6325827309974885,0.6153156587527366,8.112333261339392,7
14.849643534113026,0.49985828108467084,0.07478920781778992,1.5763519022444479,0.10715792770987083,9.113055665547652,11.113220452291856,0.9981890180052629,3.1258714418066664,0.9105353882729488,8.717651504445206,5
9.270513868178384,0.2499184532060565,0.24873186432550154,3.8773932810486054,0.12114720152066541,12.890285335139277,1.2644200229818665,0.9967040225049543,3.5860060777842735,0.2373516834873694,10.795742274582622,7
10.23046158830702,0.6209030652710734,0.19239044830197227,2.6762411428073207,0.1220770822468006,20.025162097353213,46.790973364646554,1.000419526503329,3.340209532856339,0.8504096284429632,10.434946683967398,8
9.921802997938444,0.6764666124646819,0.4595687559791533,1.832828007493062,0.05064818605333504,22.694383715424685,-24.31834941786643,0.9993259791913547,3.5582104465404867,0.7944961205619184,10.168819987688392,6
9.407365127219858,0.4095819334333839,-0.07186735433201152,0.6735747786793385,0.041086717536687994,14.87873556388655,87.61131153787437,0.9966938389910371,3.6803531417403086,0.7376510322090781,9.99456540258585,8
7.764042284111413,0.4059915704480997,0.3090982952661504,1.2489669807932315,0.06466825831060403,-3.133403347228029,87.28360145134957,0.9984312181359462,3.073478541895749,0.09289673659025366,12.612893732987022,3
9.590247674838555,0.5531756459304097,0.4116672846423411,0.20206783815706464,0.10199363761423624,6.349544194238204,32.69943168221064,0.9962135271816743,3.5551543641516643,0.8782610931559457,9.494806049925879,4
6.986197135286129,0.4126560527918809,0.671329487312391,2.5171129677812374,0.16427386846362746,24.96499670200166,34.76457031020318,0.9970679137703303,3.018219219114919,0.4855062011918996,11.420601401727666,4
7.897408368541986,0.48677347707483554,0.20364680578130495,0.824668170801846,-0.012371859288537526,-11.404264220349312,44.61253332002784,0.9962771316072994,3.0905631289503543,0.5736923636748242,10.402104229623093,8
7.474881968690525,0.9199443578333031,0.3648917208705034,2.1282152824740423,0.07896356215208167,27.87427151682,48.71668146450745,0.9985329119196994,3.1393181080415125,0.6309992469856883,10.332966537035404,4
8.439186036956748,0.45059485985080067,-0.06077255851247304,4.418142595054519,0.023366077948739808,21.212299906445413,51.196739333411415,0.9998659765534191,3.4007273272355723,0.7292610658908358,11.694301303478419,4
12.234919563344965,0.42833196959575554,-0.17839124086260477,4.17901940209022,0.007387866132325505,29.16176081530022,65.421659526984,0.9985972964143823,3.3066031753869716,0.7687027671727336,12.00878342096059,6
5.125649172594029,0.37049163887296815,0.46895487515634,2.454812348256335,0.13834783226724084,14.014308131190395,41.30333035072022,0.9988438732025707,3.2665727831674327,0.8117828942342804,10.136495597426679,4
9.466642323636673,0.6488383942999874,0.29888794127038587,2.37808138339959,0.11723122872496693,-4.6140542402290485,78.1253790147672,0.9988460668744714,3.329247055804472,0.7986950967133478,11.279122991166357,6
5.558383018977593,0.4637551653563794,0.5357025379596846,5.131824369189411,0.11247167579736311,20.30362641506498,61.71627664513501,0.9981025118446695,3.4182579178586945,0.7029976247162314,10.80028049836506,3
7.497715828157964,0.3701253923357148,0.025319422206050157,3.2290585685021957,0.13605129198654967,28.746531240383412,26.970206286203027,0.9947214276815795,3.4336496247882704,0.7307068520397905,10.408180852690906,5
10.151216014844524,0.7642608064546024,0.4039804279057505,2.041070956172868,0.06601405516169319,25.247218055134212,91.05871803753521,1.000401943038833,3.518833367123026,0.47457186831021814,10.624680436922729,5
8.409276032462287,0.7839206009027275,0.6737635681087706,0.5035746360313673,0.06836812418332358,9.373085165119646,2.177519457957935,1.0006088216533968,3.6640069625534877,0.5323254428407662,9.643190303670679,5
6.467833877520181,0.37991528685225895,0.38394112167145317,3.0514225054306405,0.1992865308361287,16.86761075462647,43.958528242891276,0.9965322407933732,3.2957275255117042,0.8122282380247215,10.063290667335806,6
7.0839836942580545,0.12669200972787675,0.3553163011182098,3.6610532816160073,0.07767144728702127,10.67163731220076,78.90827423549044,0.9962586041695677,3.1957822075738167,0.8023256127438758,9.761301192272024,6
9.45531617318895,0.7015027379673844,0.30171121616486996,1.6156878656808986,0.12675660565270455,7.807335358106279,23.138587537899227,0.9982248233058307,3.4227072258370375,0.7830459007955516,11.391514388071812,6
7.058376726080868,0.36307403484799916,-0.014176291425182452,2.9076838571932457,0.09031907704816575,25.553885711798507,57.215336343316,0.998101625670367,3.0711490367470757,0.5725491505183904,10.295278772904831,3
8.667979602289359,0.6581251198325537,0.5711145871420696,1.9909973871189592,-0.002412926503920762,4.024676887348379,64.93020670096858,0.996596107862494,3.1642591735776775,0.8147836624304283,8.972514572923458,7
8.377472127836484,0.10597923645763285,0.17782847203898683,2.242354641121396,-0.012231450190063414,7.061835694183873,18.60271235661911,0.9944999486888247,3.4998761892785577,0.46258844307833913,9.604219054520604,6
7.192279409070112,0.6785194676598618,0.4008966512766034,-0.9829508805872638,0.06105078900300476,4.959743665276145,44.60823525339684,0.9976114023814996,3.275174325036459,0.8431511676765865,6.880808890266604,6
11.944704951853055,0.25776561414384375,-0.012606861314250761,2.1895060347974105,0.14280506258349945,1.0975247670095332,41.835373603096066,0.998102873076351,3.058361508328392,0.6156519637881988,9.856058137929637,5
9.37766233794062,0.646152823813305,0.06410806709844391,3.857117023371276,0.12941458283180018,17.464142918426035,28.792650889534336,0.9984516422960776,3.002039386926965,0.9463089690779076,10.441409571606865,8
4.857257602682068,0.5028546135672868,0.5870174798444471,1.6160364222068186,0.13570385821120168,27.61503048481976,122.95527011767557,0.9976985855447084,3.3097433358787613,0.4013548443488676,10.25025056624633,4
8.616972335108027,0.309212116120671,0.2305395422084314,2.573536915501443,0.04064769105318423,14.151232437547343,21.8174903362993,0.9964577697032762,3.528379307393602,0.9597786878061487,12.578169786684532,4
7.174963009893741,0.41859273741464387,0.5906550952085089,1.4416690106313115,0.17079362450611568,0.9425219943583354,80.16269970424014,0.9989880040790126,3.525709155506237,0.5985510640422115,11.032396645006541,3
9.749136669153582,0.6372636913913402,0.28435386818829644,3.004618346809882,0.04175533499068078,24.399445397420276,34.03756644292231,0.9971316969951318,3.3221761005785675,0.5954885264780035,10.983497038398067,4
6.9527147446644095,0.5211788906230469,-0.06837955459157152,2.196867523449357,0.10064121993349844,32.857017540349716,11.141005766785703,0.9960701539712705,3.7017818838192253,0.6931225992275515,8.592404061972694,7
8.104948049506273,0.6168825960944968,0.4784135199463441,1.1850618430451905,0.08948238550461317,9.537576758534055,50.39287002411727,0.9966386932359086,3.279035926811907,0.5414965848238815,9.998893740471154,5
9.158478374266778,0.8952881169030971,0.18202153644887842,4.365572054731179,0.08130630898427069,11.214457332822818,68.42008168478753,0.99350806193505,3.272286475320518,0.6477040697786078,9.864670911943936,3
9.771783830089207,0.18715167765778973,0.4397377627034087,3.800504818945101,0.15692960691478033,21.156606300833943,77.3768159771674,0.9966355163516429,2.7865128180522,0.5346035349039547,9.535310681311191,4
6.259496108005181,0.8234425149937248,0.30504217350801643,1.6531305305005555,0.054744473991701965,32.21873747785051,98.55474865161729,0.9983768730397493,3.2105274101677566,0.5408191997335382,9.52013126793532,4
7.731347899070388,0.5208711875046426,-0.008623645588574091,3.1969036331848883,0.02251973721440359,10.801658542747738,144.1931275678583,0.9976795660442784,3.470403006981699,0.7427706115510972,8.411064750664215,8
7.492592971026375,0.32024319033537435,0.3328589530741138,3.252376803948533,0.09099977431032095,2.6755021900179496,55.2669687239347,1.0000413283459624,3.612792267371941,0.5067338657984023,8.99656147485054,5
7.18934030462469,0.233937274852202,0.7392446284305598,3.3992217290156463,0.07000866328567368,22.314186062724065,25.1179582637622,0.9964740501719686,3.133953073266543,0.529406980049068,11.361502743041445,3
11.301272208477865,0.46217592184459333,0.3985972917028918,0.1280417456068914,0.2588691459541323,23.990680731422994,61.94485278423141,0.9979746263261067,3.3924504658586097,0.42662548754311047,10.2427938388075,5
8.988468908633624,0.6843300223848918,0.28849644939890734,3.9092491574456787,0.12382537382199875,16.061314504352268,38.21497263658578,0.9985854803526115,3.509375806464657,0.5743317844065723,9.842957339898232,3
6.156497277630423,0.47449017592449316,0.5150686803913795,1.7024214519039762,0.06953297123906878,10.418667403425493,77.55688228512358,1.001685714016575,3.3022416306391795,0.8829723450530668,10.394047531882022,4
9.86036530999312,0.8022309860494695,0.34213369304062213,1.9990408931822263,0.037194421540645665,25.943787309920463,4.193578219931183,0.9972895309822353,2.8433439084945538,0.5161912811824954,11.684129746571266,5
11.907665534921478,0.2097648619896882,0.34190684605255883,6.19303445316428,-0.0040144205284392415,21.280360045479643,125.15503989921443,0.994911625642272,3.34945799991485,0.535622344918169,10.404631572963364,5
10.05519094293695,0.4975822104307891,0.08167496556817946,2.9226227330094163,0.03873904571312834,8.315644830965072,75.24958712759192,0.9986958575067105,3.4522861248121783,0.6929667309018611,10.994411544024143,7
5.717071057878178,0.2495213111173762,0.34676960515791966,1.9591485343739543,0.09574708858795658,16.490947313056715,-8.57213258727343,1.0007314547119368,3.110515420996308,0.5969646062540805,9.468734673372918,8
7.476802076127374,0.5727263765249936,0.507088683283389,-0.5874121218582684,0.16136643257973848,2.482924679753534,23.602046223605917,0.9963549025795467,3.2491690938251225,1.0387862536694406,9.71950705417861,5
10.453748953617259,0.6773774780194601,0.13278756957999505,4.445669787524897,0.14608445711939594,22.858904564379202,73.93067445575998,0.9986821630772128,3.0689007915742472,0.6323702460050364,10.789374573570043,3
7.0969619084480735,0.41584764126378937,0.5848991642493895,0.6167064608679567,0.10145474158231897,13.377664306171441,85.819353853658,0.9994574561104579,2.7859704902839293,0.7169871188569532,12.481919079170826,7
9.054493027848588,-0.02084277132542689,0.2816587951709748,1.0951855351006952,0.07384161671487577,11.64289167615263,5.016158301345207,0.9990341310879403,3.505400882357531,0.8204406934158848,11.972752345466361,5
9.616877890829873,0.5397896293592989,0.12244609769229184,2.0361067812770113,0.1034406178206077,15.671255148475659,70.52985306428731,0.9972511170449472,3.2992502932396297,0.8171782371966847,11.041110876401753,5
6.72421819831726,0.587347710346702,0.4995264153840489,4.48297650838041,0.0640681001257712,16.403076993302477,-17.262215797843467,0.9956030524835737,3.6195349993409964,0.6996588888647545,10.56657713617679,7
8.19880689469494,0.5808589509923395,0.24264115285234614,3.5825359813320627,0.17591819978819379,24.949300615655606,44.05191643945548,0.9968374409039729,3.4714644383812354,0.6326083272633798,11.941176291189889,4
2.7898455218825777,0.7471564383644308,0.4519029774972216,2.279027486223636,0.08054049093624599,21.910905313252215,83.69754578940581,0.9979172009077553,3.22915804766691,1.0040848511844738,11.274146155349637,5
6.558541009731708,0.28578926407019023,0.24164827354829255,2.9316088890943495,0.08568310708766365,14.435907212071973,28.799980906601643,0.9988164450481835,3.283363867979118,0.6430407531965747,7.876971775392272,6
7.870634142631628,0.6360432210900899,0.2880347712940192,1.659460029980452,-0.020791121251033412,23.636681497189954,-2.7284358715544457,0.9976678900959981,3.4132354781540344,0.5849126822471583,9.240676067359257,8
6.1787685906597565,0.738501502495595,0.3987120408668583,2.695515165391491,0.0802282576738618,20.00737253691613,51.825088280459454,0.9962401840669188,3.4933766833511486,0.5502056719900169,10.771954357893724,4
11.07509921668378,0.14428248319869663,0.35817941151800115,2.6026714426893913,0.13182420689824706,11.73400363713963,27.04427740102922,0.9981107593122995,3.3645341261484023,0.3664434555398515,8.43433567789393,5
5.868759657466925,0.5639303651837955,-0.09910635609034774,3.8562778539538947,0.036613871148072734,14.75281841763514,67.77542608017258,0.9987201701354856,3.521118629057897,0.7996746778803178,9.412652094767452,4
7.551924372615129,0.3991640337984657,0.07575125198112162,3.854049371414529,0.05246398327535935,14.517771111568791,17.784227736804006,0.9977592201128289,3.2406662526651053,0.2608283724928595,9.630203561976229,3
8.522258981386356,0.48369546537967084,0.4858819969581631,3.1915683350879025,0.12963555088668324,21.052613431742017,21.50298264144769,0.9953276257709234,3.1005712906428626,0.6590271170461635,10.118217503129584,4
10.750164591412396,0.5695352967076672,0.27357268221969055,1.9927134194354568,0.01616713882409733,12.329773852783582,-19.693076588916043,0.9966371879305657,3.2870381492877736,0.6251736921738645,10.083826770951172,7
5.859034342994954,0.4025542871772895,0.1952537394457156,3.538551212146177,0.14289005037709593,12.095908135783667,52.60817546469893,0.998895641552825,3.3410369781472364,1.0407940826793463,10.08196753011649,5
10.277378378663432,0.36485838416767763,0.02828519694850512,2.3712441473157346,0.06339280549134489,35.687573094339584,41.690137036872244,0.9942339643825111,3.0596929210521426,0.3486192911186835,11.307838268964346,4
8.3173962037333,0.506830483497605,0.0840527357448303,0.985319883801614,0.07057158897543984,25.39735481747104,7.78330586557766,0.9928136439552177,3.0326555831706754,0.5068124412126593,10.108253748004413,6
6.631435293218484,0.2825508122274395,-0.10435972799238952,1.935397091324686,0.03380607974372029,8.39399335574861,53.39535755431404,1.000016165700288,3.389477259294685,0.6368636020241196,9.976906854721642,3
9.085575906247561,0.2828349742229629,0.2797438562596934,2.6183377772980543,0.10890231302139416,21.70940993942198,80.89331992125659,0.9980228305100437,3.218728629725915,0.6264200126302414,8.915910685442132,3
8.6384014824749,0.6358746565913007,0.18031248388379062,3.7743020971306436,0.212993599251469,17.18350065655177,39.886257867174656,0.9982134600050402,3.2668318188675993,0.5665774195622924,11.526780822184408,4
7.27963130883005,0.27024119296826876,0.10668242180293694,2.2430605589799857,0.12907486197303158,19.91551175260094,55.84950934412513,0.9948463660527459,3.228061466859835,0.6462320554016315,9.661352734657765,7
8.418663544483033,0.6332625001818424,0.2863753149664094,0.8071218042645516,0.046785736902973205,17.373413245651044,56.019271236310416,0.9984750561269331,3.604120180352642,0.445874336092144,9.204266639198597,3
7.644966885335008,0.5925182585707902,0.37279412617054764,2.579438356615547,0.14678102927457382,27.89642645485236,7.257115703094307,0.9975504973751367,3.552352232079,0.7207227894291397,10.63439963235587,4
8.492979486927123,0.15483865424188065,0.718639586441989,2.6588384560791734,0.07416602270328752,19.456203446514458,114.86733208335066,0.9938313448443032,3.052529261992166,0.26534749184681167,9.556364611378632,4
9.42562214668578,0.36448706953286897,-0.0023766839126427297,2.760172680463854,0.15872424907137794,15.379113017857126,31.461955605964633,0.9998485668285477,3.1934413573839104,0.6556192095008664,9.821451986226277,3
10.9962285874471,0.7388218806094745,0.5318762086601044,3.7878201223362025,0.13033382010821815,26.421905769830175,68.65183466138893,0.9973173666472375,3.4700008535939184,0.5579393619751926,10.684306191750977,4
6.195713651994357,0.3037668937720637,0.4946203122030144,3.926492536125858,-0.05715707827358668,18.33285041087872,72.38410414855863,0.9962078320678415,3.4203872474206483,0.8327689502686281,10.040869113842488,4
11.926156736915654,0.40711914753812245,0.14418145212465988,1.6681047786656669,0.03979601835224862,17.214785793290577,42.393360805180194,0.9962440205080295,3.291708407534043,0.9584028820076618,12.9427703128307,8
4.981450740811748,0.5924121786503793,0.3406471909172062,1.6373991587314793,0.1372192611417695,19.140226024861146,67.02423582696795,0.9929695561891353,3.0724799590071528,0.6037211313124392,10.317688602348882,6
8.041965338439509,0.6566781018565191,0.20847335013247692,1.0437218046623378,0.09758286360725088,15.063909766336335,55.11203431994084,0.9981866731992627,3.1634919907692907,0.8964234079540433,11.079622040767145,4
9.300139251023781,0.4496922227911009,0.33713771608374776,3.478341938392667,0.038812202614607466,16.09226992995469,0.217888011495603,0.9975237144144915,3.196646486490742,0.6062602322928302,8.264136547757762,8
8.777686175149556,0.38049796106167166,0.6018262026809101,4.528348151672802,0.05832052422530936,10.133054112381274,36.03500085874709,0.9966118397353338,3.35539886622382,0.4957584910680547,9.453285954893797,8
7.241410816304992,0.7844739723397016,0.4211212465262626,2.0588853009275074,-0.005311831004469039,8.488327803761212,26.78582022231596,0.9995569704149033,3.6407454309394476,0.9568036174715554,9.204394935591617,4
7.946192174392633,0.8477799327595158,0.4017216746466884,2.1619972093850097,0.0855813356236802,6.014296135175604,31.762413635577808,0.9942322819620083,3.1626239530423743,0.7485319956047812,9.35018230436711,7
7.461898411079985,0.6957716101563591,0.21393813600907152,4.553495579658566,0.2005344863007882,2.0801671320292385,3.9678951313909465,0.9958064550472647,3.094792950488952,0.6607545488436685,10.857091793220704,3
7.298079913194841,0.5170636285130048,0.003188667015132929,3.207780994501011,0.1302466695366163,7.202826386154435,84.17231265261898,0.9952999834904792,3.278282704634411,0.7768201707667702,11.539121574555152,8
9.744323564935742,0.3383468556718147,0.2583063578919184,3.110729986721477,0.19952085005942116,14.257329655330743,99.86575760224262,0.9964424100404569,3.5063477961028116,0.7066165559721285,10.779093555097962,8
8.906926326140582,0.33391111868868695,0.5413216309727831,0.8327168916367826,0.134119854489499,17.03117582445637,79.27409820794749,0.9971349400505144,3.010623406647859,0.648232700649942,10.15069091407706,7
7.122053688056889,0.6045028210531516,-0.005433571317929542,3.4502192969911865,0.1413739671676346,13.287034368523596,88.92746439685571,0.9978600270476227,3.5907268301749893,0.43450607935764063,9.70605945741634,5
9.829319788236527,0.5836796441777368,0.08898212636466096,1.1992091232863384,0.1887039343872512,-7.557034901273578,35.62705037873084,0.9963060530937897,3.265593727576866,0.6140087546825846,11.62495972630516,7
8.822409185490237,0.7803197185892858,0.3252535472468136,0.9123717396910587,0.10886316296711132,31.745863577623425,26.003524445460798,0.9952452885296902,3.153135999537325,0.7659534219879404,12.678380999570349,5
9.681865602026233,0.6300900185072278,0.10306904303054748,2.014519792526603,0.08063863392465598,26.86480122890382,21.30662745521352,1.000372013899541,2.979962142647568,0.6391288576332422,10.54856127526206,5
9.370369031270142,0.19938393964803636,0.14149531057695747,1.679890187171834,0.14163287583110062,20.457598512171288,68.25414245758834,1.0018232803835772,3.441304154684125,0.8133953793921657,11.43329937047873,7
6.890708481432478,0.7103895235445837,0.21528028365436458,2.189760427860945,0.16269201185609422,35.074906725532685,54.493080753756935,0.997286573343764,3.265765760951693,0.7252213540573542,10.777707384775024,6
7.347692231665152,0.3003878745371174,0.02687651916197009,0.48262571166511403,0.06600176786438955,6.226358825162894,44.45168351725195,0.9954864392659583,3.3341410965509013,0.5107168259254808,11.231055397112149,7
9.570399128709546,0.42320574560952967,0.10517563075672631,3.8423428290547417,0.05392154588299853,34.87625120626005,89.73990195844632,0.9999509082620845,3.119837651797727,0.435740767168539,9.118998544078872,8
9.337629451236891,0.5500400412503389,0.4406855833574618,4.078760812323001,0.096942801621544,6.347859232494521,60.363064675906315,0.9941064857873431,3.2361807931497952,0.6332796550118714,9.863050091843665,3
8.26446729026095,0.8991334979567929,0.03852604355380718,-0.2262794637971397,0.1315749433465831,18.387379252913565,19.324297961820704,0.9963304533505903,3.202683750729052,0.5708811638222201,10.835016384050142,7
8.499456551624931,1.1219837112010722,-0.019574426898967545,3.8698409279331702,0.12990455243307808,3.2616267486579567,24.530008638522073,0.9956077658973074,3.279881378924358,0.7171747076356867,11.733740038490177,6
10.472030322840324,0.6213446118272365,0.1739950040932211,1.3652599182497231,0.01879161999062004,16.146940955443668,69.5057788753868,0.994680928899099,3.1660895347248377,0.537916598010336,9.500052356198559,7
7.29432863897909,0.4633606762559224,0.4463911005019692,3.6997657517759004,0.18558030335316608,19.861664979983885,81.3771841376017,0.9964399515341564,2.9931638078625555,0.555383304621671,8.16337097785586,6
9.230065547989065,0.6069011296961101,0.2606156384006221,2.404174910267018,0.05794175353015747,14.453096688654453,65.205447664447,0.9952716558416521,3.845699949059321,0.8390218519911352,9.851909130914626,3
7.956272490862381,0.6775310851747672,0.2070837843768763,2.540285789713398,0.07674675015557103,23.138774440901376,109.59732867977868,0.9970253089282973,3.027319150532497,0.6851945046667427,11.511143785783077,4
7.929941954513726,0.4358664748885617,0.3088717595031214,2.2408632908102937,0.04486728200060901,16.990144494872574,100.95523646913682,0.997054354335345,3.3362918013885077,0.5405363988773603,8.657714849803366,6
10.167920648378225,0.8590422711824645,-0.04914148657193046,4.19698088592688,0.22491644179685438,10.775852716224907,61.554182550075176,0.9957573365529561,2.945594434315191,0.6629991074849534,9.105388118655258,6
9.70320779327965,0.5460141518382804,0.3989411307550065,0.7645767824649605,0.10210353351439837,10.331866821976607,19.326838237110426,0.9962589732868122,2.9005905126764047,0.894414911310286,10.571510444656223,8
9.682966381201087,0.5995486178182788,0.3766870062807288,3.350976474229012,0.04745124596592175,24.109137726156966,3.770412112851666,0.9965383020641926,3.3195652983704536,0.7099437370067029,10.27243162196239,6
10.51931397216236,0.6331848504108923,0.21813830518085575,4.04186223084537,0.1331961774981223,9.462579701930325,34.21640241451441,0.9986196921222389,3.3348735175536603,0.760801637602272,11.053913129708551,3
8.335706530775692,0.5843173221228911,0.5011849023592834,3.502876112756575,0.12845678896550167,25.15402970484937,71.85604373173318,0.9967031411978716,3.5522997981604765,0.5321201287903348,9.048400563509864,5
9.45932005120144,0.6677881000939224,0.07450078020939224,5.754578480052785,0.0806136488210058,28.22711792831931,107.27935361729395,0.9986494034815722,3.379909368203141,0.8344912941128821,10.042523546414465,6
7.772546513791125,0.37654936269061534,0.5255817986507139,1.7594745321854215,0.13203033563916916,-0.6871386234613013,60.775752135556395,0.9981716259671093,3.2700378562508416,1.0540773842788465,11.714703942643407,3
8.851082799230353,0.3883396492107939,0.3308987331190502,3.8402267516309436,0.04873540195845677,27.329263873010348,85.56785220963081,0.9981430613938015,3.110079951186999,0.525450500772815,9.087814186999537,8
8.078756807574937,0.279969153405661,0.2326894820243653,2.3514731105220115,0.06535408625253739,36.60422698444699,38.904852955802525,0.9997756919406919,3.5998024136467097,0.4590780243567618,12.024603525941297,8
8.464893140487622,0.5879002461240452,0.2960252729263377,4.2267685068937375,-0.010510832728303152,18.520037612019284,67.55138113250915,0.9947612182405082,3.4857702492100446,0.6898421814519752,9.225841315522443,4
9.311766943242754,0.6557873007024229,0.2785470468378116,2.4892354059900828,0.023802445789021853,21.990841852948222,74.1707753727467,0.9960536337873858,3.050734104450315,0.8088358584735498,11.334319735115372,6
6.909024838503098,0.5915545732303772,0.5440565792835435,1.9569739053925428,0.1803815402835343,26.370053243691586,-18.32661110313343,1.000526597600599,3.307592745642127,0.6444637557514556,9.989745638765562,5
11.857058368665284,0.8348984866695075,0.08466417450579727,4.328501085420281,0.17207143138611572,13.245176848209777,33.356519521575166,0.9964853669988215,3.328810446305299,0.48095491267274737,9.140600916597126,3
6.589770451450507,0.4988807962341907,0.14749615217068032,1.811813285373498,0.09328943243244812,17.822802235378695,78.3401126811697,0.9913697526201883,3.230869268678866,0.6415406924973337,9.853411048132141,4
6.235879358260856,0.6337483311185026,0.5072605784144959,0.5221839375392214,0.17314657235949188,2.8580047037689074,56.05745507600664,0.9965940633137043,3.454370097161359,0.7616756863721673,10.999422106996894,5
10.268788484950116,0.28165982477213714,0.18089301296322813,1.77641436355664,0.08199627566958476,17.38635028530451,7.515003411019208,0.9972698790603265,3.466346627669635,0.5908045894191699,10.39246060560836,4
9.645826579736992,0.4225800595051198,0.48010661546631833,3.3666461252239452,0.0778294848716046,20.981119956445415,-33.19403839900275,0.9917657737651375,3.261902860438979,0.7632333530183367,11.630316352587679,5
9.361003688988664,0.6391075515131555,0.6398871966017419,4.448854252221928,0.09282553242327782,21.161630229264695,34.92923540503379,0.9996678712797759,3.243826150840468,0.8580008334907847,11.979314067028369,7
9.368187365749277,0.6698204221486288,0.21964099461167325,2.655581125415117,0.08375392023382172,26.654247235975802,44.63767213450199,0.9955725750722688,3.5997916925335063,0.7008392063809761,9.098666268150364,7
8.279180486160246,0.44120661046716353,0.43627246531506103,4.3454758941276355,0.07924018382199097,8.251978218644709,17.8305426556646,0.9976571262303751,3.4865677784724474,0.6552488788826902,9.018103940598621,7
6.774667568474087,0.4856801496283866,0.06926154373202828,0.5985551099313691,0.14716990535747765,10.673932433265035,51.72180292192382,0.9965480369093118,3.3144720779816765,0.800988467288468,8.964726849017074,4
8.428867748929335,0.1964252506638381,0.45094665961356184,1.8794311492549358,0.09750678269781016,34.95507345991355,63.710762658685525,0.994423297161592,2.9741581921839892,0.5144628593356708,9.410884294347179,7
7.148825090429411,0.4285941598386781,0.3398847971973534,2.0959948359842584,0.12562408822169022,14.4967162623629,69.13267663396569,0.9948589837307291,3.368800021261007,0.4976993282722032,11.61463597290172,3
9.957703546810178,0.6780766327039572,0.39460765643204304,2.3396168015384724,0.14156902626386655,18.00033787312328,-30.745324522766637,0.9951298343271449,3.4396166929835337,0.6146827115620725,11.016398145733408,3
8.050002451446366,0.6150410032213133,0.17088558559292097,2.617732143550275,0.10940928978273667,15.329899582747789,3.6285917723320367,0.9991713438183673,2.7490956743203254,0.5763804926815406,9.800469669785326,7
6.896654765452731,0.600133144276242,-0.03221668311343456,3.4672753403490697,0.04148643370458805,7.783191736949776,36.94745260429373,0.9967049236237997,3.350373889663605,0.5234318642006193,10.387787150314882,5
7.753644069189912,0.509954737436192,0.40065041294990095,1.8772704265613136,0.022356705551798056,32.23529210891806,65.8817133242363,0.9959562689668965,3.2166616026408525,0.9711796407497917,11.944736055682533,5
9.001983472268563,0.5014126317256353,-0.11268063049589094,2.694640161734376,0.09743903174036525,10.722985880793942,63.144722447151175,0.9951307821748195,3.2558291439740894,1.0292388456140296,12.498811936077033,4
7.341668260233243,0.3679357721053106,0.236529901551493,2.4368279535463278,0.08143718475875328,4.727144762930701,62.571708279930306,0.9993923004430523,3.1185238094473355,0.599870142816551,10.685322766787083,5
6.902225327537067,0.6397656840405069,0.48823637328399394,1.2037541345523903,0.09436957144600608,11.492597226972483,34.34720791502525,0.9999284025450472,3.2703621419192714,0.6755922214572222,7.474790697547862,6
8.71426825953625,0.584194588877878,0.3383795471746072,2.3408666352859906,0.08919729803757069,-4.017060017255336,36.18809656877129,0.9993694877974134,3.578398315236266,0.6280667205891556,10.72701580423597,5
8.71644317088483,0.5984037695985599,0.6896685289579627,2.2988766581440347,0.21917868300832835,9.487125350168181,22.965134142082555,0.9979848746783083,3.210720300236897,0.8482748708200866,11.428222942495482,3
7.43819660186908,0.3947930314664839,0.5050218305163547,2.2688872089957357,0.023488687217933096,6.318714021476733,72.35040622749298,0.9975796600837414,3.4931147117586367,0.8819597455128081,10.647095547441683,8
7.499234880448852,0.0693314160257511,0.16922032233488468,2.544463239214031,-0.009497313491056245,22.174286309273242,16.62387000459392,0.9945681243640482,3.138733756224078,0.35786515422276005,11.199166410608262,5
8.694484893507983,0.7194305423507391,0.3054626759702877,2.6059429568587404,0.10661884167598049,9.265857604401276,75.05120104125581,0.9965083617465779,3.4517512385312075,0.7409218360111564,10.792771911906422,4
5.838256619454549,0.4042325087983192,0.2905258594911128,1.8947867492497377,0.07117887227059023,24.878039355788484,53.85915685854232,0.9956322795933071,3.30033117112439,0.4378403720026048,9.041890040769948,5
5.907311583559856,0.3274448471913759,-0.016435352669225467,4.281800627559771,0.10580339348649756,29.984839930693212,45.51353221097993,0.9933489757820306,3.370404965757856,0.9589062668387973,9.42513772330019,4
7.078644823870859,0.6386957823827988,0.11192021670312932,0.8627271191157768,0.11919415111420005,23.81175336287599,25.3285568073766,0.9991140868383307,3.3014306512194973,0.7348421651357677,10.046732594156829,6
7.93713984208986,0.4215974720161741,0.18784781860402794,1.4906418481421453,0.15420523475894488,13.846117111399234,2.26711858158383,0.9956083401072154,3.4283250464882413,0.5200305784783519,11.571956256062187,7
8.828542861516608,0.7119872768093244,-0.10724410057118733,6.391949073912977,0.014638708980803078,17.41114496705593,25.627459039524492,0.9993918838148707,2.7864829764132484,0.618975364050565,9.557527524847318,6
10.80810556881424,0.6234011899153395,0.30949869365032856,1.0468121030150783,0.06216410510714185,0.7501505985594044,36.10977333537875,0.99876349280152,3.016034937308486,0.6108738660947531,10.901492896484411,3
9.758021359443433,0.6367138646400955,0.25018563106939185,0.604743455406338,0.11143806294403819,14.662206274787604,-31.177802282181304,0.9981134359532668,3.3834160996017286,0.7492692002905887,10.734061853313317,8
8.028104499062174,0.22680885775989312,-0.03457878026231487,3.528267443001705,0.12852317978436134,7.395615319331668,40.487279873956076,0.9982257681435264,2.891292329220753,0.8371251427101714,12.144816991587044,6
8.26767244656543,0.7423887970772801,0.3808425730554664,-0.4079677952834233,0.1996724775144193,22.94326381149299,77.50379314485818,0.9957693722358526,3.193883928870558,0.46480476036480933,10.354152244057644,6
6.5957000801157255,0.5522501062467712,0.44317454893819186,2.1706165260385855,0.13778519855569335,41.72752389244474,65.71819087931779,1.0007157003025813,3.2891318317926697,0.9725882651550595,8.469765739896115,3
8.268527668812938,0.42614457215075935,0.3454068957729778,5.504154895107083,0.08716057020568614,20.998216359738095,30.625206100530256,0.997086250861906,3.1343719724774206,0.9329673183295435,11.111557511386456,3
7.809280313835766,0.5286776934684502,0.23518636495820594,0.3370897089852396,0.04547821235286691,-3.911401489546666,48.54889784770251,0.9976038633702374,3.161687719461245,0.5111949935095224,12.751860732797406,7
8.848621552574754,0.144752953420336,0.418288430350371,-0.27475028003419855,0.06178550736404903,12.38769807085627,28.646569209074013,0.9957018473328667,3.3543164400307184,0.6723763050415926,11.183621679353102,7
6.8937073959610515,0.5817305622961342,0.43604407209533824,0.4011463172592227,0.06036485885214467,17.224909253744546,51.90910420007797,0.9951376694784461,3.5018589911559617,0.9508374524994337,9.533572249008552,5
9.182889074209994,0.2941256983635857,0.36148071394393766,3.7577033956857795,0.12276168142568802,16.873574252602637,97.82355818355305,0.9979545920176188,3.108310123749038,0.8695961597351721,9.209859532903138,4
10.905656152104383,0.22946594283129312,0.1350775499130478,4.074687407980138,0.10284987227929152,8.691868743912469,78.9604604866209,0.9974350269918776,3.184988360762526,0.6027536848918578,9.351734283141855,3
8.115107747623343,0.19552816275642176,0.35532015310223614,1.7823756842300877,0.023817521457891053,18.452917426369353,64.18621208786084,0.9954212952681949,3.1537478053345906,0.7984377684765385,12.60364306842025,6
8.982909927568201,0.722537674997985,0.5390961301650958,3.4564973656014963,0.06820492654547834,3.574991630806128,30.734797891337298,0.9941231465624492,2.815724049624544,1.1695237095922537,10.03993981542642,6
9.473244785908893,0.37414732126144223,0.18067418827765394,4.446357458516785,0.13387737767257102,6.55091277314933,71.74796696717968,0.9944601538253449,3.3283423580635016,0.677877196914706,9.67109226678917,7
7.617925197794079,0.8067455419832998,0.7195878678264862,5.002284980201756,0.10758311774870295,22.457976416037113,-8.666939395310749,0.9993922674341822,3.4869435491656984,0.5524497972551967,10.225719691460043,4
8.68095721907771,0.39283970738954044,0.1948738132029231,2.1551306063482127,0.11843223080063853,5.843367691201742,38.672335094300614,0.9957734923706999,3.503328641463176,0.689311374855538,10.051402246533728,3
8.321407081329053,0.15852840848141064,0.30648140266802726,-0.7220604047379813,0.10914608550286314,21.382116054922573,66.26247685419034,0.9963221829086484,3.125846724711852,0.701913856234544,12.124415395766254,7
8.466049367533014,0.2766951120102682,0.16550288079873274,1.3507695086264386,0.17132153673044298,2.3053622534394194,71.43390006357579,0.9999006805175181,3.0496603902959714,0.5708287543699834,9.284074759882067,4
6.985883367445708,0.7471623240013877,0.3446541671840522,1.9024741270906393,0.10180215319121849,33.64825883791736,69.10618817711945,0.9947556988770272,3.304321109518337,0.7350762615284169,11.698707554826491,3
8.341667296240203,0.4688203644126665,-0.04844433852705504,2.1374856847902532,0.07069886010646509,8.257300775959454,56.72941274391992,0.9955460103485659,3.4658547373132933,0.44675181984632484,10.534301306096193,6
9.146597095117265,0.3903425407018798,0.19079164023665574,2.2369968385877925,0.044212247943321965,13.763334281965559,40.541075690231864,0.9954624663428786,3.3309700896620766,0.5468592426085246,11.727729164770455,6
10.766944133251572,0.5320036451705575,0.08157575993028654,4.066452437102937,0.10248047291048559,19.306132610904058,64.75320700427413,1.000236136962332,3.357860927174752,0.7889016119463157,12.140880948107457,7
9.930760404344852,0.6003565472335091,0.3270676695784582,4.284199797362614,-0.03203520073875421,10.346500474989057,15.555585660652085,1.0009867670011647,3.5283661855472466,0.3616719552378173,10.493277397304405,4
11.960410177769646,0.7234797631804921,0.4988894751017815,2.2596568845053033,0.0807855499083644,17.434059610713046,19.125650311322755,0.9985031264508043,3.152172688153859,0.8135384906391121,10.053430029440918,6
6.995509143090317,0.7896998459785853,0.4292012374229103,4.0378788264725465,0.0797080070039328,21.753567245201257,49.03724432318979,0.9985667694483085,3.256005982665394,0.3179631678300305,10.472796715051613,4
9.782945082425154,0.42804627084218283,-0.17433187217177848,3.0007259132835253,0.021776457319135953,25.606132325034853,52.715522209388666,0.9958392899942945,3.6269211023522403,0.3656748215910265,10.295752260794355,7
8.6116814097552,0.23479046278359234,0.7084139305855761,2.5903083620076,0.0435867080672002,23.91497435972957,-13.245300892633331,1.0008946569738086,3.2606377753804745,0.5751736136804995,8.577336898687399,5
12.022664986470044,0.4173069677753448,0.35905598812417366,3.7691618199539496,0.13048287650741205,14.281895361973259,62.01983057133411,0.9975353925087174,3.046532606806686,0.7087668532792896,12.107728411163581,4
6.925892914896243,0.5520561013165772,0.14470017190139992,2.601152867533082,0.10153558745374813,14.533682259563978,72.50003647133998,0.9987062205288995,3.1661287807499408,0.8852948125316561,10.67036351911931,8
6.8724728682926814,0.3072482147578778,0.33142558379818815,5.380935647936867,0.09508941668536637,39.49108558025033,44.44958716361226,0.996788950122458,3.1123640297557515,0.6697958697371312,9.12059089644384,4
7.281032502745163,0.3085698170209914,0.33523796450053844,0.48622436648761713,0.10531737669660113,25.49889068249292,125.35738734837174,0.9964639348253448,3.371432517140254,0.6180858867120818,8.12572434778175,7
4.689377268673329,0.568757576309977,0.16663025660968725,1.7787607412711752,0.09463137939744617,6.781763436797863,24.463141491598858,1.0003260845191921,3.120810599282244,0.7585288121574167,7.839640843776616,8
7.406216463142707,0.49026952968590976,0.33958333346841507,2.3228735442644695,0.15214312814291572,16.99988163765552,35.084123608233305,0.9980794473594766,3.3542068505722487,0.5119472005204512,11.247528480356253,5
7.009474475358714,0.5065593990823173,0.17850554247593853,3.115233766641187,0.09617145908518243,12.648568612218074,33.962792097802094,0.9999027509221408,3.15278695629187,0.6837005770888891,9.719124674752196,6
8.555669437009554,0.3483009330599861,0.21912760146199545,4.275144681944324,0.017089344309062476,14.646657660768902,44.48580882739642,0.9975106563434901,2.875324292320354,0.4560941361475888,9.899609265084354,3
8.880985158821172,0.45391985715884653,0.1627441728489831,2.465842005869381,0.17150649824372052,3.70504842291912,36.152081172112396,0.9953032669271538,3.3613239573963845,0.6740403878688203,10.936969690992706,7
11.489490426667007,0.3151533711463391,0.013465742052069407,0.50887849069131,0.10851701336644229,11.880767656140469,0.5752520280392304,0.995833314134243,3.3296927363093776,0.6379278246056015,9.832347028288044,3
9.915720524916287,0.6780396822249574,0.32916729404307676,3.679519455037006,0.060537313460246614,34.115557731939134,28.96390622419631,0.9972059304849292,3.403551563141768,0.5232744533535991,11.001176857658866,5
7.3192637853739155,0.7070498669447505,0.4170598873032676,3.55694227259875,0.02732991408524907,21.79076300875503,43.77851703945549,0.9957469995679133,3.1654025561669483,0.6880569082114157,10.504790470814386,8
6.772695058707792,0.1307624275523812,0.40297671921527445,-0.2186021231311681,0.10979571104790227,-8.9116140815146,87.54287870804592,0.9947850771827447,3.1440911049281244,0.6869534410371393,10.30745745853584,5
9.13626259156106,0.314097827961518,0.46398505052704686,2.4946742128608808,0.08414139975128122,28.167234924979468,119.67402802130614,0.999402834063574,3.380293371696309,0.859827182097653,8.669974553739362,4
6.055603548064909,0.20069414898198418,0.3648680420029736,0.2738014370475832,0.16870733930162043,26.896295229091614,91.0706386290716,0.995910259858353,3.603803914506196,0.3870423214793261,9.498295507917256,3
11.413479901952401,0.3699952131186204,0.19345490035661927,1.5694884634971125,0.0727046359666586,12.407146956935835,21.412492020803988,0.9972763854955826,3.3022336019012655,0.6470716856915028,11.062788902145552,3
10.30504820522619,0.4833124060419278,0.46793277288623775,1.2360675022520804,0.04813096051587665,23.17263543783215,24.038282849336536,0.9975922671797712,3.384917019209429,0.5307553920504086,9.649776003649544,5
7.502401391422002,0.21007095606029397,0.028496492031612974,3.6329705775387797,0.13478981091179643,7.4060078918279935,41.742156942191414,0.9958236937493589,3.235682463114858,0.8078595498899697,11.72590651136294,8
5.3876713005455095,0.3156280373749374,0.11986572349750396,2.6635622438410573,0.13626409463584158,11.297442837336426,105.89044333216835,0.9999015989326174,2.991273895625263,0.7881650510826627,12.981041456392738,3
10.601583036081202,0.29920852558370026,0.10715998571535104,0.7001725989415615,0.09843256838050977,30.985463606698538,41.54100627799752,0.9947657164775908,3.4934858838308114,0.7463395736616656,11.122023830925455,6
8.105282263070551,0.5414534658797888,0.516011211827862,3.732092348140279,0.12381785238374542,13.282699601302916,3.1922528122647904,0.9975232505271615,3.481682847817232,0.5403483461281913,12.042115080501674,5
10.404287730354886,0.5138688674072501,0.48855770282801514,0.4926718465002198,0.0881156439628881,-2.697316619549909,30.46115448054984,0.9974922354127531,3.4421548050350386,0.8105299990998163,11.192799962125676,4
5.589472980049576,0.35565248933254934,0.39746104740899896,2.962159306659321,0.10169325505046234,15.366967772186632,71.98284806004077,0.9968914907942718,3.263610912331516,0.3998777421136336,9.812311775060593,4
7.281062460978587,0.5353641744278796,0.5143859730423594,1.360385062991822,0.14824954412819616,15.214116070856432,69.76802913757086,0.994406174773456,3.419411219947708,0.36499718038922885,10.620166831288168,4
8.308914289520912,0.3906639830825469,0.12414344351760237,1.9880520844572722,0.12126591670107514,27.983685693734596,40.39285000577535,0.9987416351037269,3.478752359477566,0.443101930016673,12.614653040707186,3
8.379867009400062,0.4456689779347893,0.3697190239721961,3.2059790472537375,0.08153627808336876,16.1433642217576,69.55268422748101,0.9984870213406692,3.6240317369913413,0.6543092822444261,9.824090883109804,5
7.534888698485286,0.8346904180597075,0.2749651143233671,3.2300291586833407,0.15761812729630753,11.784176885597073,-28.014682684045454,0.9956488629428175,3.4977052209294883,0.7747779481680099,9.256739971234119,4
9.358844884990749,0.7680922103580696,0.4693764207769828,4.371756702978344,-0.028242768639575616,26.45056145231206,50.426364756079025,0.9984149744144107,3.3127642450067274,0.15407447941838082,9.152386134573204,5
6.48504527004959,0.24008375261448045,0.27695515348956046,2.3848448204599655,0.19260366557109676,17.2079023250111,75.40261890516479,0.9977498153726015,3.0383493489151254,0.8848662814195638,10.160717677783097,3
8.057954875463802,0.6659464835758349,0.22301142231798377,2.929031208148677,0.004702045255463222,8.499773184342828,19.51551191990034,0.9944387757092777,3.331131659534348,0.6822890733503338,9.296180702492633,6
8.504502573910228,0.6622793108983185,0.408181703712198,1.8871677486339455,0.05864535876138519,27.549975605416176,19.400828295622496,0.9952921421708573,3.351315479169861,0.39347870090973824,12.241421370180962,6
9.174546017899875,0.2703473422494763,0.47523383343824654,2.7547858356719166,0.08795412324024654,17.936617645167992,-14.592789041194685,0.9992765628897792,3.4418059550636606,0.6771609849492288,10.637992188050417,6
9.509745292751113,0.6637555287509721,0.16633096103063966,3.1152804672119165,0.08267596646359193,16.029259666794378,99.4665546287529,0.9976188323702841,3.570778371864685,0.8457293204953313,11.468898940736553,3
6.388108443875623,0.8075863836825106,0.2877848657295248,2.3623662135638734,0.14032055200132773,17.779083914116544,23.2349187582883,0.9958713941083788,3.280969897588644,0.761904972602064,10.071468070362332,4
5.692005909749443,0.27549103875111725,0.08831187327166942,-0.02525067772949452,0.03710816906948827,5.293316285834031,54.954428169449685,0.9952830482176547,3.7201974379626224,0.8468424206341743,9.14578308246827,3
10.472050597227465,0.31649943579714723,-0.19961220349858794,2.9640592548632534,0.10303834087415316,10.723462238216626,66.92926236895136,0.9959692124037691,2.948142595991884,0.4277380730024911,8.959666660023395,5
8.864933820365307,0.7035322933687005,0.34009192628274576,3.01038606829764,0.0610893950890123,16.035826018327832,96.89824232166795,0.9961110409402446,3.383868374492325,0.5896191100264713,9.401209083604067,6
7.02757288785386,0.5542990621651296,0.4217810712509264,1.5477571331128688,0.10475704896687082,14.0533630497532,41.92137345847404,0.9953080739347415,3.1402959215631943,0.5028023208109995,10.782278043429383,5
10.936958358388289,0.6102952550479046,0.3524133618173451,0.7018581494984801,0.08676138701010618,28.724283828165955,29.198816805312187,0.9935164717752334,2.9185556000622395,0.9519886348575342,10.971871224944742,3
8.496646878297861,0.5681178432800994,-0.08991234355087346,4.566230810705552,0.09464678263414888,18.174058527270034,52.711232402828266,0.9992800265728016,3.2596451247401683,0.7686916833927271,11.063515680364553,7
10.304805212908505,0.5781391841856288,0.22983011398470507,3.1880237152521627,0.06250375837678271,24.549039226364023,89.37464912589547,0.9989412673452229,3.0085654603158085,1.143991630122799,8.762460047839957,7
8.414781418397187,0.23470557433778338,-0.1436695520102163,2.1792865567096062,0.06449680249519588,16.093953545758495,41.38430646377414,0.9944534890963863,3.2677144203934363,0.5805063793190713,10.399549895511903,3
11.803271472299379,0.7094635413242897,0.5739402215308369,0.9081539635935176,0.10436362570137134,26.56288483746123,15.489320307725482,0.9972726225911274,3.3069538496188913,0.5368053840140082,9.27133198601837,4
11.284079432153447,0.7339179984855547,0.08278908357638276,1.3494592402101158,0.1371857752878022,19.97527756573154,-3.8450076744069577,0.9951955235945704,3.5237082818671897,0.6357194714388245,10.84161256434298,8
7.876760947585575,0.4541218511863945,0.5510807218919793,4.323626555500724,0.06008603329010761,16.1342048538846,6.697186308027568,0.996476865553547,2.9984829730472122,0.8943207276418333,10.926984761047198,5
9.951670616622405,0.49130461003722753,0.48917392873682913,2.6927267172152645,0.046561622771354505,15.867169110409804,75.52491941441994,0.9963104668402527,3.4816890331291543,0.597759652806191,9.110609648270918,3
9.397139114294752,0.19377849948885556,0.11988192949278764,1.7291781061990108,0.12067300828359184,6.455613737090367,36.41939228187522,0.9961443315685643,3.3196160900559586,0.6811543916441806,11.464832567915984,3
10.626673647804994,0.602850951203567,0.07344300974645096,3.2135649237145185,0.08837480534711553,21.069157201363108,26.95180997261656,1.0010058941681526,3.5057698307219187,0.6764374194907593,12.972705235681069,7
6.6596301170138235,0.6144114883428289,0.3700740432772677,1.3598425375751468,0.1315249066992976,15.59795265463621,23.373081634929903,0.9961193486306477,3.2136497649937743,0.6667144494043722,11.31831931134313,6
9.466287481997348,0.4875617966001378,0.13113519256338577,4.601180242392529,0.04471013933144261,10.980080398187955,49.806513386606,0.9953834723498661,3.033551082647311,0.5490922617213788,10.220882556493786,6
10.0993216276443,0.7248706719741005,0.3204969284316415,4.393920748855415,0.001028053728828443,27.064617708120714,39.097981905735736,0.9954748371410059,3.056500134756827,0.6366605184552377,10.051799726469284,8
5.310142873080706,0.4331845538040119,0.20343448183861632,1.8467963003161127,0.06334979590868328,3.4978397410519886,37.98663925726467,0.9990875539128035,3.0416385092665768,0.6293825577702692,10.170029620160241,4
6.288460528468184,0.6129211851787201,-0.05623168289312669,1.6198616541567956,0.05168236953674919,11.77504104567566,91.52768961775439,0.9936957953366141,3.3955628305841308,0.6587140078553096,9.563192768545289,4
4.833305297807829,0.2960671322615769,-0.14609360382489184,-1.1653864781691916,0.086060579995985,26.277187487795334,97.7545373014339,0.9954747541671289,3.5953844044429397,0.8203978590859604,10.677638027317254,8
7.842008381444253,0.4952895698251524,0.3453368496989194,0.4257869198280848,0.05815773928648052,19.155229409202533,-6.130715205996886,0.9998936456802231,3.187009694668956,0.9593067658861638,9.147691149730266,4
9.519821834853136,0.4651291484194328,0.1876884507338749,0.6247423150591414,0.12705084756682244,15.521410723472426,57.8105601277176,0.9974879723759953,3.4258270596515565,0.5171260903461499,8.32133243474231,7
10.854006988563249,0.5450615844081883,0.1893820366171735,2.6892664773823403,0.07559248687887418,18.510035431501464,21.363550745494056,0.9973838440100722,2.995311588372876,0.5933610837860884,10.641561849994904,3
8.425961126713618,0.4260946142333283,0.439172767818757,2.043272813782097,0.09752372493869504,17.794141710488415,38.807713242583915,1.0012642929202873,3.33606424983546,0.5197479772709483,10.423356372353403,4
11.068646427471197,0.47370548086566644,0.534688455326489,0.6165303176186621,0.09788172792204719,0.8333745371407861,57.20618670918091,0.997492695905897,3.4337125232674253,0.6918072613277864,9.771712981919087,7
5.953827521034686,0.6652094342883013,0.24549105572763816,2.1063703405496197,0.09974775462060936,12.507381146520386,39.98024274127966,0.9955836276772808,3.010375044944626,0.568480592223134,8.989033715128597,5
5.404249853096237,0.4126471525523565,0.2318802586180277,3.207472006706288,0.08879354447725132,32.16521654513749,54.6051760607119,0.9964358458862473,3.259223306204029,0.7007654617361381,10.718718429605438,3
8.20556891187575,0.1786845798522641,0.40002860662277673,3.238975089881822,0.11553003452051568,9.406758652228325,69.20801679905327,0.9947291353819389,3.4431834280971128,0.8476165747756138,9.310807457572505,8
8.952911263196823,0.8499167808410841,0.02861288606008494,-0.15953839320243368,0.050217243308709615,12.81698985895666,56.72103441783055,0.9995118740800314,2.7132458705541045,0.2306086134132166,10.247161214048132,5
8.244418928240043,0.7762908157380973,0.3446306109495394,2.320431127322637,0.15997089633269415,10.583792366908124,25.654401962468423,0.9981491234350734,3.5670906123403485,0.7436025812321175,12.341469039539088,6
4.785348429932211,0.24154746097887625,0.4103771943644308,0.5633229122397456,0.07817313083157323,15.129847766818626,26.236412969979312,0.9992488282999418,3.3707358751782093,0.5817682016873607,11.116308746532923,6
8.14849593282826,0.6379415610490389,0.4360460416835258,3.7624201759963833,0.024422543105065905,10.168771686757019,-0.5102747883951722,0.9994259678570987,3.4433455295434685,0.7382717855573462,8.893954071380135,3
6.08240184914175,0.39940504588973136,-0.08735054050049301,3.597804982894898,0.09940366784958865,20.867415021580598,18.820630181816295,0.996171578438145,3.217456144161047,0.5076001955824659,8.997663271886468,4
9.438443333011065,0.5526974430662119,0.14772894603821185,1.2427618831457583,0.047440975877625746,17.973134122902664,111.74825594265143,0.9951104942959822,2.9554555036869288,0.8633643680121688,10.567001002018134,3
8.923217018364642,0.5588448258026988,0.12434734943530665,1.4275367166394404,0.12326672672544375,23.73547615107018,20.863882054856933,0.9968965737773839,3.40681259126339,0.8152577050668484,8.887147249735078,4
6.702204363243497,0.4531184399367356,0.31997739088184257,1.8542261293023699,0.20048027880211888,5.4905883381103955,7.6184991893539475,0.9952544778584229,3.2834819349166975,0.7566198652522493,8.198101970642284,8
7.426426240527622,0.34324686688272066,0.3961489159535968,-0.6539107526238745,0.05067139542210749,12.596595171170968,57.55761944087752,0.997329913750818,3.306423091086464,0.7948483720277167,10.985609212426397,6
6.499337012788783,0.3618917895367481,0.5993420814891963,2.9703554428168073,0.10661861666119923,13.74277368387865,43.357962943368626,0.9992641937616694,3.5175213970397907,0.5332445205807306,10.753029329752955,3
8.19344553463561,0.3167616169037515,0.20100690392638537,2.118017635123817,0.0022247205647686064,20.55646910088595,40.54542318397556,0.9966637207079017,3.4524127747725193,0.5546639617028207,10.895658164407045,3
9.923741944852106,0.333635558353911,0.2004855003381572,3.8582451155950026,0.11269526147206736,8.067788027929655,93.49851689159897,0.9972999901798155,3.6842474834179226,0.7879141541389716,10.689338699999695,8
6.624265721229577,0.48656434199012893,0.5299344037757494,0.9622270948524263,0.045714310010015496,25.156538042583442,65.12118029342605,0.9968123087675532,3.3307708457746994,0.529486045729336,10.328158217160366,4
9.156879076380337,0.3568480021778496,0.35931538770606103,1.6332278724500957,0.058758269078275874,27.864155905176087,29.510233253785312,0.9986054551448754,3.1617575124417763,0.9057579579318749,9.671592597555673,6
7.398562048766851,0.636410413142524,0.5535303022375948,0.3908646387452386,0.03493567550800859,6.111276523644161,32.99229471947126,0.9956644352114234,3.2623166306182547,0.6049895178822247,10.967748462696738,6
6.952116185154016,0.7974492310671855,0.35774560060196725,1.0939932111080457,0.12660756130273676,11.091271051064343,30.414645041112394,0.9926071074767138,3.383132674507721,0.7453220462763057,12.082871837245666,4
8.118048388077252,0.3839893517259914,0.06857667625734581,0.8452252055044935,0.14036521787366313,10.680684917079077,75.86640751214848,0.9979417377187507,3.503171303798595,1.0168724182733653,9.848648091812201,8
6.540088051887064,0.5478809001070755,0.033374329044438655,3.894363150385024,0.09116926073292538,42.323862046774984,36.83112822804647,0.998975668842616,3.006593209712256,0.539942029808427,9.277185768770872,4
7.358796180909791,0.5999370220605867,-0.010302449811785852,1.5224334117480507,0.046778664733214015,11.700998947921132,-12.17406558098697,0.997892748489517,3.3017075230358337,0.6716894976436131,9.151368638647638,8
6.263607582598958,0.5944004541838549,0.43241036695169466,2.6738459586424588,0.16947615180519313,32.77625442156135,45.40545060176664,0.995719539009064,3.6219083314076737,0.8392111379883423,9.446596743332911,4
11.640032725957862,0.5151910535832175,0.5377193646174017,1.9669312345934737,0.05247949361226718,3.3336800489339034,-3.721858037221658,0.9947299758036279,3.2519582257994957,0.8217171561090104,10.622858376923682,6
8.35994803835194,0.6485364836719445,0.6698724282772762,0.722748627582062,-0.018101614996371945,6.103490338356366,119.07960985791176,0.9979889950635606,3.4862023709738206,0.6042713972593091,8.046409680091084,6
7.110466636412605,0.5964497905361315,0.468621066464648,2.2643794075597,0.11291945049785342,9.133954681517992,15.13295884304138,0.9972829579058693,3.398623505443201,0.5721558256212849,10.883087466875558,3
8.663765848248179,0.2524675155345404,0.5325677155069972,3.3387446646090324,0.03476126631792416,7.543106885534776,41.65846274319489,0.9967484147446833,3.491172121304996,0.6203668914673413,11.108304311325773,8
8.10904231552559,0.6738312128778546,0.18399673346926304,0.8091368504393068,0.13943043967495874,13.321012658415013,55.520690245137516,1.0006449266859876,3.138047891680013,0.9061358202457319,8.422113804062832,6
7.924351680793522,0.6774581674533484,0.06871683665122863,3.6327579070239304,0.07094311516632905,8.912217972785019,37.474280697585414,0.9951063998116373,3.138919665986884,0.6125520044188091,9.322901520094641,8
9.344083390073823,0.3473427791642837,0.4700158664835107,1.3103907099312253,0.1201856620272098,7.806584072654264,37.42899675161564,1.0005500740422548,3.3040543784244574,0.6732796677221891,10.487649077829955,8
9.58776310708042,0.5075875670895204,0.38353615044788014,1.823822503498023,0.1600750173276079,27.584719964733274,60.920300443308946,0.9970635678097413,2.9935556425519376,0.5874462999430178,10.242183296665162,5
7.398148049062104,0.636665798562214,0.3214888748681785,3.242956372214067,0.029557056768963898,28.23793622513165,97.3651266402772,0.9933288590462582,3.2460518786776684,0.7799432560153178,10.97160121509545,5
7.321108990904045,0.4581372360841277,0.377474296126598,1.5711893798927168,0.06170314345537972,25.492964983753158,72.32779969997083,0.9966415946913617,3.350575331503133,0.6864392563892217,10.244749496331998,4
7.832412114842206,0.7145956095532023,0.36463709649164117,2.5526048030702118,0.08621644636714683,21.23998955584328,95.7909579929269,0.9989189921531989,3.6569271213899546,0.4894162521711011,11.791246479452463,8
4.386734019949507,0.9727744989238722,0.5567633719707122,2.0594328396966706,0.16687756595171718,16.927430657795522,12.461569432914438,0.99626988993439,3.380543637853964,0.495299900614051,10.04671366105195,4
5.724175194262462,0.3428027934730035,0.5589971169633912,2.681115209385346,0.057080864102977726,11.029693093340914,57.47296689742693,0.9940504429175232,3.4250456941746203,0.3202370536855638,9.31866371460827,4
10.623686254655693,0.22379107936924503,0.4088440704680694,-0.8330347477328961,0.06027481520254964,6.46842495244908,52.12311971792322,0.9966709709364077,3.532895169410001,0.5186753604486453,9.230213947112068,3
11.096445112952182,0.5607637191209751,0.46916057451258564,-0.06155454129131588,0.11390702877779042,19.629957034326875,58.586012625332245,0.9952856552522166,3.1070684822209884,0.7949707866174693,11.209015360209857,5
7.876638732754158,0.6443125010252287,0.40281251048495514,3.3623538084655733,0.06113856371447145,4.263696074532021,92.4156550309739,0.997983628802176,3.2669834675258027,0.8850392914620856,10.432583256152608,5
9.280146837194804,0.4538267252310462,0.2077660535930762,3.9520539679086704,0.09762629414488083,6.060790708246067,39.71395805686222,0.9985467996321352,3.7850825183607784,0.7765449217469214,11.097087490797716,6
8.829125262724013,0.7906521326642069,0.45131293498262803,1.2253186150558704,0.012423128951593657,27.529132562048098,33.61838890371511,0.9948874591845038,3.284175555523098,0.7542874741089158,11.074434749152104,5
13.534097374373903,0.2322788400553502,0.021100986228147656,2.158360306960412,0.20071649712782982,35.006490417220874,64.6213663148159,0.9955883918897687,3.523286149756441,0.6384905715801296,8.178165161959775,6
10.203277349438782,0.6385837246063222,0.5107783104591767,2.912606954063222,0.022614538484529823,19.932951381664807,-11.680690009672965,0.9985132849302139,3.4927475754346213,0.7917354743353778,9.145909138874213,8
8.082540094482697,0.37882783584822133,0.061095412046792974,3.4705046423221857,0.07391236480048957,27.064571522946444,39.183882378968114,0.9952823114434021,3.004377257122462,0.7086672979239204,9.277312455445797,3
6.675581250979277,0.8438755812414593,0.3571606573589466,-0.33874818033918785,0.08837594820789527,13.541516825560166,42.57147625358005,0.994835683728344,3.3620958554011864,0.9667563252378113,9.502329392659062,4
5.569041255562127,0.8985030706336237,0.1309692083147682,1.259543654230272,0.1856344067178398,2.623258139123159,16.628165661871467,0.9946426177364075,3.329349494441045,0.6432642965899528,9.937609140765822,4
8.64588818097428,0.3466686824433304,0.41067779661488535,2.034388868210175,0.023757710953362987,22.12171618618584,81.88294737476704,0.9977040772259163,3.3659917575680867,0.8883113742351423,11.499064554078904,8
7.014203733016685,0.39008857281828396,0.2932149548144182,3.484396276130469,0.18918520677393758,21.69289323270064,11.946069527671625,0.9976183154390349,3.1491775040417878,0.8085993939090362,11.71833058762229,6
5.882168693683955,0.6719175773959604,-0.01895119163266651,5.9978026772100925,0.12785884105510112,16.71668553880244,42.51618940399472,0.995631907939242,3.076616097617568,0.785025358654707,10.077820086776704,7
7.200826096787706,0.42257387004209707,0.38413992620369575,2.180791982466395,0.1108547662211623,13.576245418948886,56.67418843565795,0.9970101707922565,3.2047979999958294,0.3180464746714906,10.123591052542782,8
6.46136839385553,0.49091775641355234,0.18441584463345786,0.5302315530544159,0.04076831564910222,25.62210578581098,91.6639015287119,1.0000542647683102,3.2804410005831595,0.8179622254631109,9.624022903536986,6
11.16814077962336,0.5050776841084821,0.4762293441626738,3.063175308081817,0.11855706210190368,6.142669665725256,46.65163764893184,0.9950518796861636,3.536996889520063,0.6383236435854439,10.4981064669624,8
9.798787586814067,0.11606536876046869,0.30026513774688146,4.3493941053569944,0.05382566887901,8.262194211093423,77.89306860623094,0.9930965147819791,3.6634621639451215,0.5845324959460685,10.62277297100733,3
8.28644650976175,0.4972324507811525,0.37908419707760765,2.651219769371301,0.1533330626599206,5.91893493239572,70.1196481101452,0.9979101511514408,3.5793195692446353,0.40790478299975474,11.287123110502492,8
10.815905036113044,0.36205444518716523,0.1084862089969576,1.2306920367839902,0.041446898544613336,16.849729626358272,51.0740993535817,0.9967791976721968,3.4720370421563684,0.6590501872254089,11.278282598580809,8
8.431526123000952,0.4013754355200456,0.1821335537145276,3.8411915180720264,0.0843420752771958,5.1210698789074165,11.046057526975972,0.9955799498263698,3.099131947540082,0.6657037714591013,7.867670143824044,5
6.8358168577419525,0.7887264006937629,0.20827227277978308,3.428963865897809,0.06223634559934142,9.157578194847565,-0.3411684098435117,0.9983041604747098,3.218220765002101,0.43848967329148325,10.232200557599171,6
10.889310931358418,0.2486986211441487,0.47134049604851114,1.0634868181261259,0.04062385187865026,8.94244437772802,50.51467824683316,0.9986784502893375,3.3419852104825996,0.40954237060807236,11.922510033979115,3
9.21614707426392,0.6626410373495955,0.6354754175610979,3.0339958645480785,0.12706599084539572,13.393916676660417,29.091003161213752,0.9925834439602398,3.1735121923847647,0.7427253116217789,9.918073579964592,4
6.536681537645025,0.4442074139336383,0.13896564965142472,3.896171794722422,0.11677293737048167,1.1262555359602313,77.33561602548264,0.995694804181337,3.41544113050559,0.8081898722804342,11.653166000199619,7
7.976424247257867,0.4440479663008331,0.515369628931536,4.154646059582451,0.15045050994504985,16.87204992037267,71.61326509725306,1.0016350324623937,3.4440972216508574,0.6923480946868117,10.062903019987692,7
6.811448969245913,0.6580743792103423,-0.13393548354514045,2.4069714345667617,0.001006244589591615,28.47303650664678,40.90783718357736,0.9981668098315963,3.4072580125130933,0.8556418904463418,10.592415814186161,6
5.949240457360629,0.5680102589137781,0.061162119781542124,1.9986887753489535,0.1432085351170522,17.35491372316762,8.795473509938112,0.9983522072765944,3.505026920911516,0.6453145526602453,9.149420238360936,8
9.87450183080379,0.6141225994439062,0.10824430876264501,4.218183350913767,0.2152724452678447,31.413211448013207,63.854273137040025,0.999345788557263,3.1190817572573852,0.6507602833519657,9.190826586676835,5
11.546008288799221,0.6936369321065723,0.029498262111855522,0.805775295826761,0.06741794554115266,29.339981858769253,13.40766827754004,0.9970341376503995,3.486565740818439,0.5041052351140657,11.198040729489316,8
5.9224351245074605,0.43373832336333545,-0.016717677957516053,3.1140110072894074,0.1847574306054485,23.777350472478545,21.970690543281457,0.9985933683201832,3.1608709099759604,0.39475886381586806,11.370000108220731,6
9.25704770237397,0.37755265309844993,0.3825997824275595,0.5819627216897991,0.07684193639700866,16.746858426368856,14.679280638899904,0.9984361240876743,3.111812809471423,0.9752925627561295,10.429071796820542,7
7.193907632492895,0.28296989468844036,0.2571864604544277,3.9915267811634436,0.021379513121934646,16.225003882454395,42.42946627598154,0.9980780829935055,3.4064232268372763,0.852320838542457,9.04972333309777,7
7.471886847600017,0.33491789400420896,0.37588107952102195,2.138736278144374,0.07471837787966021,23.6379977236326,85.61634702432853,0.9963559760587651,3.543174712439796,0.42327286358645866,10.448185012267937,8
7.292930328793923,1.089818885061745,0.4380945372243026,4.276016529906457,0.1424101983837638,12.083293904959675,46.833651282623556,0.9973441178447325,3.3976026972752016,0.6864778243313177,11.782958456741706,8
6.831215691544314,0.7489359161473573,0.3531233986345067,3.187977858897738,0.048091175883423425,-2.825207514674638,32.37378314988604,0.9958232768713864,3.304160804754509,0.6429921271123767,12.317153117056938,8
8.382486767506206,0.22978512675839574,0.4315526352300747,0.7874916779132981,0.05998306704967564,20.9200405410296,-3.345292691493057,0.997025628609133,3.362030765220301,0.6134212795622827,10.051621274441494,4
6.887384802101236,0.23550840865128597,0.28609354275154614,4.494478824908141,0.11967697161465954,4.689313700650288,65.22011129608481,0.9946630182158015,3.327285383613456,0.5904669658714603,8.574145364716431,5
8.759776603825726,0.5963732123436983,0.06260132233885105,4.6717433729988205,0.09015300583692865,6.378587718096153,21.246648004355293,0.9954187520174541,3.074809820772921,0.7248157549845564,11.324399959510258,5
8.214595213936468,0.6094529594755934,0.5115628361641592,3.7352010896389016,0.11923114762433704,16.00223947995788,50.878081432217186,0.9964353759161502,3.051475971011017,0.7990898393301507,10.0964405938995,7
7.893788320327104,0.6097767670634728,0.1821775734437746,1.4337769889492922,0.10189147703791679,15.048751224465303,35.31078567475086,0.9951125891371398,3.284234824105309,0.7284064987347949,11.437344705717145,7
6.757141774529284,0.44900884128926044,0.1128807402475148,2.0715804638996276,0.11398126597757864,1.8792439368436966,74.65984824678145,0.9959899654585096,3.3159713671538604,0.6395118763555371,10.709179447519382,6
7.319488738033835,0.47490914799941997,0.26441642483912037,2.703598104368063,0.06838494070952295,17.654915641331403,41.81119906305778,0.996672148046489,3.3022664756735467,0.6332714581285096,9.428211483661965,6
9.584165083903786,0.5655759048318715,0.11743781614069737,1.5148054409359935,0.10158654710151963,25.661396608610485,45.055430300739296,0.9978045246893288,3.4352203227299825,0.8192584338768534,10.46406879672532,4
9.151559218961449,0.5171786012586661,0.21651392360211352,4.869285201448486,0.04363134971520331,4.716584297342171,63.02965586603017,0.9988985146037058,3.256904656767132,0.7387856394797306,11.83917220375976,7
6.638156083842464,0.056139925450492956,0.3688107843126933,2.7020570604164513,0.1544216811251694,28.724833308487593,116.52902601468513,0.9960724312572438,3.412595836380971,0.6723572087160237,10.235930612136032,6
8.468864919229684,0.45404007388496126,0.36966834784922536,-1.2846872659503,0.05828626415913431,0.3982917487005597,76.31874870183229,0.9996702092345372,3.27108264653471,0.6538967794079817,9.261714320210086,4
9.577358109732042,0.32971871314793727,0.1204339867148741,2.9750981378587085,0.1464423743774695,37.173241443709536,44.07599849049589,0.9988772221572509,3.664671792407293,0.7186959866340892,8.652491414543679,5
5.462011022093669,0.5350422837817024,0.20245892541025107,2.0125796444557618,0.07831965195085673,11.887395695165168,47.10553369030452,0.9980081876638879,3.316142745345289,0.5803807229448936,9.550618844448884,7
9.22371232704589,1.0970518005206822,0.5148666009540488,2.3951028214341727,0.10009995053786606,17.456169968268913,29.679637809293656,0.9973072982585932,3.7681445223051355,0.7996615989423959,9.94885011205192,3
7.173539609792061,0.5734963330948609,0.3992800235467882,1.9839328879000206,0.06525177245546496,-2.920335724856699,15.65014178385006,0.997638241683737,3.3704023182181726,0.4771040444875627,11.301999049508986,7
9.270017736608372,0.4372940627655204,0.7150130078697083,3.6298649832493624,0.03920022844159854,15.378639335306914,28.759224026811374,0.9993741023013327,3.2572645658823567,0.5900523933396982,9.167065805407216,6
7.002459433877722,0.6843603003954505,0.5360256347483056,4.067562889974734,0.0027619806197349134,18.284821777181918,21.519084197505897,0.9994471593195186,3.120110404748065,0.7638880362258241,12.1091270743026,7
5.231700428870319,0.5965375774418425,0.5288586137119878,2.896274427162115,0.03723379207037702,15.138378959005054,68.56115666526422,0.9996698934567673,3.011422285188461,0.4674099217297736,8.929132568074689,3
5.533177855598624,0.5840188980903682,0.022426289908839603,2.024964338006577,0.07380455733920391,10.369189229476262,11.650569690323458,0.997082653663754,3.1017115431207687,0.39258854774958496,12.964634701812521,7
8.38174440932435,0.6213701186431342,0.45277207032668454,2.4421279132671616,0.1005939589414442,6.534354814721851,90.99594852554145,0.9981099343299972,3.124078738167202,0.6707232048229709,12.298070412429919,6
8.74152825292652,0.9113087129659083,0.28937863966061783,2.5274394632086796,0.14051896566416316,27.305266195373108,71.81753065942138,0.9996870930132441,3.378964004082435,0.37160211374409996,10.555282874326792,5
6.762661737322507,0.27382231293481685,0.18980363929235006,1.3765979441892284,0.06771212701015755,16.3080713499795,47.67655706913306,0.9957525679301672,3.1947669257879623,0.43920339581118356,8.587537111753448,6
9.385607179921536,0.5947264153622909,0.3336030681065057,3.3105001079997285,0.04590196178664129,31.407523765167724,47.01051417834726,0.9963631662925634,3.3373854105108993,0.7886210001460935,10.339033531819336,4
5.475415894142769,0.31472377400369234,0.4890423069222967,3.1440592534046528,0.017864260699864368,10.73517645205077,28.609716782719737,0.997032073326027,3.556395672475337,0.625186506207025,9.974474946214844,6
8.187664342299563,0.6111025292684497,0.4001663182008423,4.656617735687343,0.1140031808952052,11.65205306627783,55.91278557447622,0.9987991974759588,3.2824383296730293,0.8785327814505275,8.998284054643984,4
6.241272460403824,0.31626269770278115,0.12430523973158797,4.2574896924038645,0.15915972576646714,24.155942445961628,82.90705128588344,0.9988303443014372,3.7158313396933607,0.45518156204063265,10.720110589972187,7
7.19187861673633,0.4165266372789831,0.4484917827185241,1.5400551153738178,0.15331651339781444,-0.2297496200356406,23.795836745558148,0.9965382717776041,3.06483780393216,0.6440280978425117,9.493992557158792,4
8.380577741237904,0.44098201715241875,0.1724824915848072,3.6484177243125506,0.12549663740736186,3.865366398470769,-3.601938934318106,0.9939827810912406,3.2698832903250143,0.7279293740453191,9.61360356824546,8
6.837297279017282,0.6951633438689419,0.34333662379285723,1.1686652636677397,0.12192716586337995,26.974849713531636,70.20620241027255,0.997492367888592,3.192137415277804,0.46101246187808553,10.17595350197041,7
7.646255574809298,0.6836908887884827,0.23932998650457316,3.4743049413171896,0.17488118898546706,4.280660707768053,57.704077150045414,0.9951633677253432,3.4873013212114015,0.8353995237649362,9.767600288423727,4
10.01069777566455,0.25085652471072306,0.25622674965287484,1.7767401217358492,0.10660407307084052,-2.1905101530254782,10.03343955244108,0.9940201275907196,2.8520416739267755,0.7468154101382266,12.685972278821033,6
7.3192838218106475,0.5109868221999697,0.4532485950081019,1.0674454872741819,0.12230648380120858,34.68527188073091,22.798084759834108,0.9944722568785326,3.0113769421644374,0.38642119526313623,9.810713903700496,3
9.720676590510742,0.35808402905016545,0.0919612560368204,2.892063479776366,0.07396080690740003,2.0618235212579457,18.64955895634536,0.9976527620156911,3.2785306355098074,0.6535838946445379,10.884969112533923,7
6.37949834708205,0.24829901786493308,0.6890390148553867,-1.244393979415797,0.021897831457262124,17.841193983281695,23.090435121869785,0.9997220747218656,3.6102755442018983,0.7256126451639676,10.560074741431398,4
9.20066710245598,0.4565965899151259,-0.06421721385889928,0.048634195832681026,0.055807554975021184,16.69085192724271,36.318469116640806,0.9970777890324725,3.3451683668074614,0.5596903655002302,10.78802524778476,3
10.750666655118431,0.43830344230883606,0.18046646334902855,2.2515113627160037,0.08954204807326724,-12.106283166180837,38.203938958735336,0.997422761309292,3.029690509147153,0.40842296606350165,10.871997243972025,4
4.098204349783609,0.9853432972691045,0.37404237798834816,2.6154184732887793,0.09303926862506513,13.326829768321911,25.52380938274081,0.9993657898777558,3.0605666814619537,0.7073379942060598,11.369497635266734,4
6.94527806570019,0.5865919650721392,0.416862833287062,1.9829537217785356,0.18631429274276967,20.484132494791098,21.98059395650237,0.9939110901818329,3.6345979405689905,1.0359113015480355,10.693090683180507,4
9.281022616206918,0.22447649984915252,0.27990485588565894,0.28878918179536184,0.09406385837955343,19.543093815188605,39.450116650660405,0.9980403528432006,3.1757730402407516,0.5942127031431926,10.647385374374952,6
7.954822843726913,0.38704519916581154,0.2885218593996915,1.3549514210060924,0.1489421722012822,25.035206838035016,52.53382065036552,0.9969768204313624,3.111407325510047,0.9267710008184005,10.464324775314953,4
8.930947984731226,0.7042766590858797,0.3821100170655233,3.047693058132351,0.0682461379211842,12.12508685094566,36.562214299960125,0.9981321149176642,3.595474512126172,0.5321109003005504,10.247740362426029,3
7.273225182583106,0.917688554573985,0.25378610450846395,3.3144944788797073,0.07441620571173829,23.125044420921608,85.23601177026296,0.9960330321831924,3.502219401117398,0.6966427579516918,9.397022330173256,8
8.447202638703931,0.1828033375524083,0.5786362515869812,2.4772876353656823,0.023549618138827583,9.10670931919928,63.766894575885956,0.995364125419147,3.554811928653359,0.7911588302489403,10.333044784837778,4
8.035348699833465,0.12401512297219097,0.46786982284632045,4.119567293451785,0.05288359935617141,1.8953258358722493,-5.497913276336959,0.9972810178085713,3.1099916239468364,0.658569676784868,10.665394112792088,8
10.285229504821674,0.8741930350743565,0.4745648702011269,3.056355832842928,0.11634906956818765,3.0227162431876735,64.28301625865717,1.000298382646669,2.9949788717971275,0.6093849396901907,10.842381012230074,5
8.732515433612063,0.5779228354741808,0.10676865532591656,1.4535620844585029,0.09037800901970666,1.3788954480458528,66.98295142532423,0.998721820209083,3.326633297872541,0.7834416786295636,10.59831325028926,7
8.873924525527844,0.32634145362472666,0.28412231511885944,2.107297125223736,0.1371469309948617,26.09585967891194,32.65374605190169,0.9959846144596398,3.3670252266147327,0.9815473695957675,10.143749485206612,6
7.599809157591806,0.6069258172244871,0.23990681025585925,0.5359873799090036,0.09906269741725252,0.8542649094144341,-2.3415203810041305,0.9943180559280375,3.372920360740966,0.7110997771886524,10.337212106484513,5
7.471069419076762,-0.02714954780337553,0.09887972486210683,2.3486054134520167,0.0723773134181129,18.740388406493032,47.26620306056749,0.9936358654326044,3.5956367871278,0.5722697699898409,9.790988866994129,5
7.564651080706645,0.5006751013194322,0.3720328367891534,4.056940866909874,0.19741484318934796,13.34075805927567,46.745614501085946,0.9996321989037009,2.95324658199835,0.6277422352658539,10.744546390107221,3
8.970568642043105,0.565564234568617,0.19247084844403667,3.459406118595355,0.08530482156434764,14.973514265493684,9.985674194404574,0.9950898354237283,3.471939010259553,1.0883502997597136,10.156758949294467,3
7.584326382605553,0.684854027907566,0.4310807659700474,4.4628130562867705,0.1481500484852652,29.636072951996997,-0.8902341365778739,0.9963489731740102,3.0806749911705364,0.6829342097774818,10.598617032017218,8
8.792617256723902,0.29722080954149244,0.08596168742113364,2.0759606586814097,0.06993953967276612,11.615726327847266,44.1107329670365,0.9996424222521552,3.4711470641721682,0.5589496712417447,11.500883347720809,8
11.828181357697247,0.5171374322806718,0.6438081225683643,4.3845397123199605,0.12547997396917832,22.116015615496835,39.30845266232288,0.993772197089042,3.2050086590957245,0.46533845419796827,9.619705199393339,6
9.780911995833877,0.31491507478808256,0.12073346828158762,2.2293740829728423,0.13640078295758434,16.375633513811117,33.23024294436101,0.9999845290189501,3.1372056408218976,0.349596814000857,11.056364919001533,6
7.745759995314671,0.5510767511348634,0.3438604674400872,4.560219115597851,0.10042459852877904,14.479810943673021,44.24744575336347,0.996492719092215,3.1780194586101596,0.7218093265538523,10.43653119787391,7
10.342063667678707,0.32093073552739515,0.4583718620776135,2.469400553581027,-0.027724146134830124,38.99969124386473,10.608379663929469,0.9947028333695225,3.010877959844687,0.7712891387801657,12.623312959538831,4
7.606271865863364,0.4183798321679559,0.18587191395997743,3.4901239233259873,0.09091262304280565,1.586582542846303,32.65091977541823,0.9965052981457022,3.3080857879666934,0.5925616494059148,10.16206963869014,6
4.8351882901976495,0.30083692104195414,0.4704937286865901,4.565157310033798,0.15152300238799876,28.891318354374448,64.59972601027347,0.9955548064371971,3.1454653218679085,0.6574550289347378,11.164681041466173,6
6.586253271440414,0.6302272483647314,0.05416328043991675,2.2292013199863123,0.11637404165138651,22.56406565489972,35.450987348407466,0.9978816395978114,3.4572596461800553,0.461021509420934,10.416888796931575,8
5.119653734256046,0.6716902233313331,0.5904235398365121,2.805744582561844,0.11229194376146233,11.20475005368216,-8.175091569154212,0.9957037351322244,3.4280112162065834,0.6825978390206752,8.872865040855157,4
7.7024270771297765,0.4530758860085172,0.3028298529931516,4.304408795288823,0.0038871533021240384,32.293185174416124,31.401154835122135,0.9931767155781619,3.637631410580558,0.7418542044964112,9.827241994928942,7
8.331311244622238,0.5076475989920056,0.18071771840622408,2.313795570497911,0.053977246466247054,-2.4811011238853666,11.68477070427361,0.996558874931182,3.3732654967082154,0.5690220745815016,11.368518215971234,3
11.149943430867982,0.21028171707329119,0.24016364551451308,0.6507508044913746,0.11056788155757195,10.782333427009284,55.81549778323711,0.9942869098954269,3.4041355534160145,0.9473769538295927,9.9240360933309,7
8.855776535399077,0.4400646703986426,0.46178385387854387,5.500209876418873,0.1105191638393446,3.915177957309238,57.52163431155404,0.9974086397679767,3.5800199623655624,0.517691924453025,7.957718053676425,4
7.927529101024931,0.48995907659165105,0.18310894162991234,1.8423297499280085,0.15073333900664512,20.120834648714602,-7.739562627839021,0.9946257393354333,3.1744674607946606,0.7081910226832271,10.365456681383046,3
9.709989488011932,1.0241586182059952,0.15012846211544448,2.7222584713125597,0.08275666224269528,4.869358988128225,72.04742802921223,0.9960239743936559,3.0023483574353933,0.804213927349783,9.198430072253888,3
4.541069974686597,0.27760659484516725,0.25569268048325233,4.1184093372315775,0.11029120433369072,20.330639467413192,10.297852057807575,0.9973651756084286,3.3400188118256784,0.646860784974605,10.54499950585639,3
8.700544748784562,0.7928354477504875,0.06460757744600637,1.6481085347763176,0.09081871209656468,14.13563584178446,98.4530155859176,0.9965750825499314,3.015473306157119,0.6279589407879365,12.106261789537822,7
9.610470829607845,0.6993717546931616,0.6641087815883631,1.0889849214890177,0.04065286317492215,11.206460573439156,45.39038327147964,0.9975008605660021,3.790787734585078,0.4170927544235574,11.246403041883195,8
5.78640338217427,0.5561272808980273,0.18672108175705532,2.8552322154847665,-0.022789566554737378,19.886472460333106,5.869014548207645,0.9983605743314355,3.5910996584157884,0.8907480542717683,12.090321411613976,4
10.24438187345178,0.8517240968390267,0.4663233572360807,-0.010306957077345302,0.11155048460650382,13.313783760619359,9.314459667141513,0.9946841326005373,3.732795266660316,0.6311181557165088,9.782336776411059,7
8.875443892740504,0.5744210945213726,0.3418940167295545,2.0969314923849116,0.09869736042064056,5.113651569409614,58.48714462898238,0.9968712049187506,3.3124893953326255,0.7513521222389202,10.242517033000915,7
7.594010546368638,0.5778318391335857,0.10309318990360636,2.843054130041568,0.05909124789499155,44.01372989634979,34.087103633353536,0.9903409924049837,3.4101147187403194,0.774362482936224,9.251120183511443,5
9.375729172380685,0.4893758693964909,0.2988090581574541,2.1220673444447704,0.009041347174206751,11.128328169708555,43.81042098260135,0.997494666603365,3.208104913609471,0.553189256356982,9.647552210455896,6
12.160177858267474,0.7447137764837255,0.4568005558621496,0.33916867953995444,0.1214869757204369,-6.176090801520147,100.2217476790023,0.9963983717392503,3.47658496111735,0.6264201372704935,9.380426684485203,7
8.609172633599442,0.7192938467621768,0.26234773298273867,4.731849138685616,0.0767039962902224,7.579013102786114,23.924945880440518,0.995033100473044,3.0568913575897882,0.8868619996263957,8.962604733866847,5
8.721974996710571,0.3748645425007575,0.5386225891702056,2.6449534155288457,0.11784373611840727,3.327233116272698,48.97877430395832,0.997631438844593,2.791381362105044,0.4700763968241244,11.902442287864474,8
7.519086470781586,0.2361505610802465,0.5043030785563728,4.503612964866438,0.18320242652058794,24.261456160405157,93.85486808331075,0.9993453951543702,3.1418578761022866,1.0217460727087337,8.098843675470935,8
6.855264571909855,0.45940387252086856,0.4837829709316659,2.1359492497473775,-0.01707154401598525,19.21652659591586,55.9269446903912,0.9960479645048022,3.008905304876537,0.5333716265030335,11.907152795285013,4
9.711570888125218,0.3399922871204707,0.2080686455454006,1.2679832256329306,0.0550199595648818,19.98712801790344,-6.017890266814192,0.9951103710195166,3.595585347231907,0.459482032371113,11.770664817412255,5
6.844657495954927,0.487295085076929,0.08403151044370258,2.876853288357224,0.07953121933440434,12.299775341627557,63.677837387160515,0.9973300505248774,3.663135491016063,0.6824925335170509,10.949771943026898,7
8.421662603272967,0.7474876269368278,0.1772824789274411,2.1978980231404925,0.16274130870733253,13.206497529430784,8.62090569314634,0.9943287866667073,3.0194141855173777,1.0354192049377782,9.174042005096524,4
7.487982340499302,0.408539668982642,0.33924818813334406,0.851133958812099,0.008179849039675752,12.290688963923317,93.42464844818784,0.9956792372589289,3.558343121504248,0.33513579094932516,8.659607377412472,5
9.114265703768867,0.491435323737685,0.4091573427064711,4.557697962302494,0.18679305128403023,15.188068158645303,19.84536903506673,0.999444804323301,3.490276996700154,0.6360273278567523,9.796755950610079,7
8.867225578987814,0.511604546961679,-0.13431428095208953,1.6288216879484056,0.09679279507831452,24.353334353648354,144.99381375560694,0.9971243584596245,2.9860446630562247,0.7409650529336145,11.087632501973918,4
10.06381790523843,0.6696861764410569,0.29837735967764994,-0.07637293871379569,0.08519996691330708,19.360754125053464,95.42340761481339,0.9932410660721077,3.221946493813676,0.6657204929510404,10.403370001184742,4
7.432972121946931,0.050622133203078956,0.3316178450646369,4.359432475540266,0.08009701183905468,21.001128296208666,20.711785202276705,0.9934060167054412,3.1839672555750957,0.7249266839005116,9.252150555395767,6
7.84121261000127,0.3786599410469407,0.24449114873688968,1.7939827778623276,0.06818684839099856,20.995589082492028,47.66045556505315,0.9973241713852935,3.4495990797254397,0.5379343760307134,11.66302526312214,8
6.636101683170079,0.5422567384558945,0.5582547678031757,1.649046550338126,0.14240583796345774,24.84442437381738,71.87026129390429,0.9987247811518354,3.054244129818997,0.5580472861916652,12.252821660999693,7
7.544701457870611,0.7400157912853722,0.3843560148501742,0.028457378158036395,0.03657396229587805,18.881500415402545,72.86079564948136,0.9937647570827477,3.2802254748681032,0.6347681499829361,10.150740919583942,6
8.94141083817625,0.401619510498759,0.5620383816161794,4.937318081235787,0.10727070908219268,19.588480726789186,61.59709657921451,0.997899425214993,3.162813099210076,0.4679190250565323,10.52027059395708,4
9.586880648297099,0.12468945879162519,0.25680789592995357,0.6947271779064377,0.07079091671465122,27.888062411931564,88.32124821988162,0.9996606870149795,3.3946682366770284,0.6524033117551679,8.740266448007555,4
6.732318948898038,0.6239422891932273,0.48749549850138496,2.58182927298791,0.0518933275742951,9.34954081996888,42.94202476106581,1.0007757179759174,3.256641593662414,0.5939133000758448,9.944174612280062,5
9.778330064179624,0.37292752223487413,0.6270132789055038,3.7776684515566163,0.2192987587841948,7.442574200484929,34.89831693699091,0.9976624455197197,3.192950859211921,0.5800923185236724,10.961483975801093,6
10.604584359968417,0.2620666681819277,0.5623386898545322,3.0904037062043357,0.110952536737673,4.14078400813144,35.55348839848785,0.998013605189105,3.257340684873584,0.7144860901417684,10.790342194283555,3
9.002839335480292,0.3751309220573552,0.08157168131425335,2.416483963210932,0.12066327723305718,17.829145636202558,75.3263166550802,0.9927336311447437,3.7072085665680223,0.35048788615611837,9.841565365869323,7
11.490552881348712,0.4630949284688301,0.24926478449152378,0.11766779839761732,0.1468888390334331,-2.5373224121912337,59.05097432998732,1.0011995050959919,3.216620072776122,0.621054682424864,10.09833214067591,8
6.984558361523927,0.3790510670923575,0.2309670589100407,1.3663852299258026,0.01893250273407264,20.621540960596775,56.61236096777846,0.9958490195738078,3.0917989563432426,1.0539501401545264,9.908068189800993,6
6.184087004370592,0.058886788580186145,0.3978509070152655,2.762920473259531,0.1776145954561016,14.908069054994474,73.24273022548701,0.99513305768315,3.4166867138311927,0.4753613533246438,10.093688814909777,4
5.276175576862727,0.6794132393774265,0.4372707110029066,1.397956302018205,-0.0354478589247538,27.34639699821057,-20.68472945917722,0.9964895877311207,3.2712950661154085,0.8785350844023503,10.865558282769939,5
10.843275329531611,0.7549750082557445,0.13222146519485273,2.784703243998275,0.05156167949807397,9.280826895350094,57.23227118787996,1.0000233468283708,3.0169532138267052,0.6692915405551588,8.235709206093965,7
9.412421615801899,0.6303043982679012,0.3135677027833875,3.4544407723411985,0.06704841634105498,13.966817145824933,54.21277333283262,1.0014160920950872,3.7462992670404933,0.557497172490159,10.318215533711285,8
8.205506059452228,0.27246286591503666,-0.1039854664312273,3.8475040401201426,0.11908616824852529,27.222033332933687,102.07066668292327,0.9972508173589517,3.2295042108826704,0.4354909178799329,10.784973089188258,7
8.775946664743696,0.4597016932104964,0.588389001160378,0.7833488990622433,0.10093591330707438,29.831356467781525,-3.4434034147010095,0.9989961683452073,3.2244261092077298,0.6837459340984895,9.772466845794815,5
6.38666861959276,0.4986957369541084,0.19752515186466127,5.575304476970535,0.08165926296508033,9.1984763424818,98.387158868433,0.997086408097371,3.3319670703816193,0.9070775079884951,9.872733651638631,4
12.457778365348606,0.619758877912382,0.31117278796889936,3.5744710823757826,0.0894001327686138,17.8178123258716,49.48850125451397,0.9949244090539636,3.646023353841768,0.5938341053165501,9.904566115103005,8
8.519676009357887,0.6336680977436162,0.23807005720238775,2.4976001848633103,0.04109884882387158,18.94418977684048,63.13665451178149,0.9999534873415766,2.9640509346962007,0.6462365577947485,9.873045029109125,3
8.485971150828318,0.35316524024430085,0.529205515002683,4.025351216307296,0.015138380275791327,19.736534056211482,102.30531999110943,0.9957557450392872,3.3551971698841077,0.8317630445323565,10.406472155635411,5
9.533803260627778,0.5163991112827121,-0.2675012882794758,5.811570880799962,0.126325581116803,13.374243406843778,65.50512184418392,1.0000710615467439,3.7174544323587253,0.7179480345288678,10.541903033815162,3
9.117715693952412,0.5914560809230482,0.2966779315348182,0.48579185852038265,0.12468530562680927,28.81383398123635,60.21215355226451,0.9995970826595382,3.3257457361479297,0.39271311744682164,8.089434252142821,6
8.680602841274524,0.7911644644293534,0.2788362485004604,2.184632300512105,0.16922471875785294,-2.897034836215454,54.995609131476506,0.9982280725279145,3.052933204139304,0.6768108266953813,11.118168408619518,7
6.9561934257429705,0.6409013079649446,0.20927272248166343,-0.8298043238226596,0.05049914515923959,11.78869765198916,31.045221545185562,1.0006579495125087,3.1763206294078694,0.9170799348131518,10.081001227218346,8
9.101496207131193,0.6578113374751038,0.6452453091271265,2.7697121457072345,0.12464076051504613,20.47930732772947,46.059858891157035,1.0014646920663715,3.341376505951358,0.6537199983005253,12.526259493015388,4
11.499441644007558,0.5167653255858722,0.12253410822884575,3.011551938695197,0.0758146635817634,20.572248119493437,23.388078717949295,0.9966495132740714,3.5661607831279722,0.19394679698884593,9.08918660721142,3
10.587214078463463,0.7820918290407008,0.45435923544713225,2.445173038380137,0.1495237492596741,29.52759030614763,45.529292318959094,0.9953824117631671,3.232132831116788,0.7259965485704825,9.445954040370236,4
11.008417265286976,0.5819525591918995,0.37125055774121674,1.5836530006023661,0.1410981388339071,27.98225393201287,-30.08571300281818,0.9932714603254871,3.465330359486486,0.6262624052775139,10.176800123558413,6
7.430933350066986,0.3277824179652859,0.5523038505071032,-0.369320322663655,0.10056046996122284,13.144583746927761,61.15830572972911,1.0014893645108605,3.012926234590622,0.34905394963339315,10.85454799465464,3
6.617671805560414,0.7806739940250382,0.1665621830444989,3.022947156776476,0.07302349216670066,28.998712435306047,42.98267062514036,0.996120635982163,3.011256326080989,0.3745346246908567,8.254155939891348,4
8.0861622358306,0.6395806545078055,0.1534062201752482,4.537608277481455,0.13804660893041307,8.859582562225452,35.90527668999678,0.9992700737142035,3.20343986226301,0.8257682143590975,9.487989942672282,4
8.39473235089078,0.41139119577430355,0.5192139814954797,1.6725741619731953,0.12234522616282828,25.308873827918376,54.252016770024724,0.9955174892649811,3.587605744374652,0.5354949332488365,11.050452176631229,6
10.160125581400614,0.4041014065201513,0.3850642616660221,3.116083900632403,0.05577797989569087,34.10522478420993,-0.30760945785954164,1.000076531281824,3.3137749279027537,0.5057256152748814,9.357063658924204,5
5.422810129484808,0.5593151090281524,-0.008987469335351772,0.3045979612119294,0.023610066326028453,28.14944106854969,110.66590988850231,0.9955997648163691,3.3579622391133235,0.6539414446416163,11.907029014013851,8
10.900235543083044,0.592636959053517,0.1921389971073459,3.1400982891695195,0.07557335496591018,17.05770383524123,43.60867377090921,0.9946165617327654,3.3556159191147055,0.5504854902856104,9.90072804126602,6
8.031386572415718,0.5394584531262413,0.3772765307696122,1.94926478315748,0.16577069076741047,12.682212282278778,42.187133711917745,0.9965829871380925,3.521841596517346,0.6770082667222167,9.410689478523913,3
7.5743021810893865,0.562261734688577,0.4675528443093178,1.43261486915592,0.1473243579366519,0.714087037407138,15.141925065613563,0.9959364485980767,3.1779558614924293,0.6255375949957661,11.071268683568471,3
6.579422562057716,0.8399914749152761,0.16415386936140897,1.4354909022974174,0.03438362651647096,19.10539637914204,47.79023062082562,0.9981925995709224,3.437657021697646,0.4560007513840807,12.168379125506892,7
5.4867436578281925,0.7143086304469771,-0.28285119796338826,1.948943785153786,0.03161212920500394,4.847827720290809,92.76967637901825,0.9968972101456149,3.1338234672289738,0.5730963742445646,10.858035884618287,4
9.699389992735256,0.5381271182530049,0.4046446371474066,3.0354066419695496,0.1537341924839743,8.068653363860632,81.18523491125711,0.9982554047891038,3.696654531184152,0.7352680646225478,11.786472339145584,8
8.424640544220287,0.6882621161534966,0.05593586201120482,0.6629715183262752,0.033218204762108544,4.092541992633285,75.19644578763835,0.9964179570538294,3.139921779140662,0.6671260668405664,12.244298874700661,3
6.107066470440209,0.29349521929449207,-0.10346775962448229,1.944038535805006,0.11546476618210039,11.396076673433448,65.03116540501996,0.9956697852579623,3.1235221393842756,0.6460697779933887,9.385955452079664,5
6.098366087491853,0.5795854099893618,-0.2664651849968282,2.4419395108011934,0.05919643923318381,15.720305855130178,35.168096590433876,0.9958328789042078,3.4099339626976097,0.9893553210004954,11.432230467465546,5
7.729166011206782,0.861861269946622,0.46279617203954826,0.9613450856553971,0.17085224622608414,18.736145811657053,-0.8553845122111596,1.001089877596062,3.3159576862864646,0.7842763793155411,8.724182439766098,6
11.137336592991968,0.4563908209215252,0.32572349008099327,5.015331282345024,0.05147876004310605,9.994933645860367,40.36572052840104,0.9974503418644539,3.3653704812521865,0.8049150150196283,10.867392784965023,3
7.8586947026818725,0.33047321427618304,0.25486872385754966,1.305106327914122,0.1471680765102914,26.69283706395183,39.216241670388655,0.9930324755810939,3.3454627590984636,0.6317853706748628,10.3215503204337,8
5.74465697969922,0.3695822222813878,0.5778048725925523,1.5627883209131135,0.09924293270301823,13.91794742010034,81.61021650915094,0.9959595819730919,3.081921560238512,0.6974246823597168,11.767245223346269,8
7.882236791053895,0.2820733925315223,0.4274649366046145,1.130368870248503,0.10260974271171433,8.122775667344808,57.20988460117407,0.9971937320649518,3.6226717858158968,0.5867130017806322,11.689476664283326,3
7.836369931428961,0.3430476183744593,0.6232600085443833,5.017872121993364,-0.008515429067570052,18.262922672434364,100.2062804208171,1.0006907993625007,3.4787084411778215,0.7921834601391018,11.026761685587843,7
3.715292706999329,0.4258983802819942,0.021452905566600677,3.2740673200392743,-0.020145667660285943,35.63552833543816,86.51712182125976,0.9990573974317798,3.571789990253423,0.6412320163031626,10.7282706894311,7
8.20769872691972,0.21888659616427159,0.29308987520920726,1.1887711912589012,0.07897170298663429,19.35160566535118,31.93564488636484,0.9951565643270361,3.194333822177915,0.6978042173181946,10.959205544394147,7
7.907411298645248,0.5031236667899206,-0.023342674989602907,4.048724182403956,0.10234530317083058,12.37144372626393,-12.239263488455656,1.001836711507145,3.383304708943034,0.6873039213663786,10.4679479585142,3
9.483550820182812,0.6804554347573295,0.25412353362890655,2.7809781720044295,0.03374010861311383,0.7253864388129596,92.72398272006888,0.996937679270397,3.339473692446938,0.6569116301610728,10.332684684781306,6
11.443225361407087,0.31844876397061594,0.2502768292466645,2.8601547895561024,0.035565329476182884,13.805876790279296,91.85971236661456,0.9994926596221498,3.5256005252403013,1.159491971416481,11.986835989477687,8
10.215160550231188,0.8038567847283538,0.4253227274526141,2.0177319077465663,0.11807363149130665,18.349281250881155,1.91501750022654,0.9946899830052002,3.532049626365924,0.5466747228258972,12.119178801645994,6
7.842889226056789,0.6021584177055189,0.3091127762283796,1.4508176182602375,0.11814272402285653,12.124191087444299,96.80492065430752,0.9922036738094983,3.3386101605916227,0.5451290398730223,10.244174882527572,6
6.418905955139161,0.7061161171248115,0.4246814276559831,2.972872538676442,0.08311294698060365,-0.6538463824099949,59.60986662955309,0.9941831370192633,2.9964097736313495,0.7779964469579987,10.66140004331182,6
12.674711665524764,0.3684330892295726,0.44068802662777884,1.7368778780061735,0.12901008605930375,7.494346104965661,52.30262143814655,0.9904993330476086,3.6559323774175376,0.5588212701572196,10.489820747250052,5
8.400671337824631,0.6709050454133232,0.7309857354766285,5.043457881405146,0.03128988521399267,30.545384608877576,100.2878473901618,1.0012241786545057,3.4111974867380277,0.6104609185706882,8.627131713869085,3
8.323679796252009,0.28161321992093735,0.2369406689427751,0.7229924526596543,0.07220325414565146,30.34001003730461,91.37461071661029,0.9974290658377728,3.1783125917217716,0.4753101379295449,10.029920864626794,4
8.258987351912996,0.6780495001673017,0.11179545986672418,4.650619481996923,0.17239388028918368,7.13360830795402,68.49392141584173,0.9951507119631039,3.3813084276533387,0.7435648462984398,12.159674621152913,3
8.636744093305355,0.5343678679587063,0.3492167230632818,2.3441536116830792,0.09341610649699088,22.727567871994218,62.61616317179544,0.9979052480599603,2.9977812903094954,0.7457237315623058,9.57524653746501,6
8.054587299729299,0.6106502439969568,0.13954399457209127,2.9187200276295484,0.09631562572934996,4.214272152298264,67.34101158750185,0.9973786680723603,3.5110706134942085,0.6064173498130144,12.725997808531432,5
7.324774588303599,0.26488107887502965,0.5963921536873071,3.6664208732812087,0.20529732929838698,30.043162819949522,33.798104681876644,0.998241866791228,3.0057576511441693,0.7815188370416124,11.689338940548321,5
7.370339799891334,0.3209860315446791,0.24335639221095348,1.6176509869937892,0.02003289170756145,18.452358478942365,45.18165215883341,0.9994190628022726,3.255833101592583,0.34411874766528944,10.84164796560083,3
8.244319440632804,0.619445643650677,0.18688472642520193,3.709947738578091,0.12982151833210553,25.496414986165338,17.223533898380094,0.99642015769395,3.3488908899211096,0.5398349217425616,11.016927614574064,4
7.376177889072601,0.3103303991551598,0.2057368557697764,-1.290561397533648,0.17319931399040497,-1.1509334718253896,36.009687400615675,0.995240321387798,3.5077679423964185,0.6311035383441418,9.391072634031472,6
7.088162169448822,0.5926412584198246,0.44368348469432817,1.4920146534892853,0.07375710367507268,22.77637101924888,34.90108200392521,0.9986555504287439,3.3213089352868748,0.460711975526498,10.108248372552827,5
8.480931387076225,0.22657243870795085,0.26845060335370297,1.2063120697225085,0.13298153934274232,15.923259363154965,26.034922802485067,0.9986046655557689,3.42699257472251,0.36271878363881727,11.985539021353937,6
7.866538730384547,0.6696348425333336,0.1716666359739235,0.7450915826795339,0.04089902513945476,24.519290707908425,51.51263458739928,0.9972014716162427,3.294366618310089,0.607657685943464,9.724017726909114,6
10.856788080590572,0.2534953370462982,0.6330703835247062,2.1990632266894683,0.05566338022163242,25.148677980978498,36.30863192688095,1.0013551083773615,3.293562809811143,0.7779834148003262,11.56724493264368,8
3.79335132573188,0.6104599875359047,0.12876603186764995,3.0400499554543727,0.10924832080238171,16.657846894747493,63.57374577161514,0.9961243557542767,3.3170954500696594,0.8779584265425071,8.885255791619237,6
10.155561648268186,0.6251261867292002,0.3071132148065987,3.483723997899028,0.1299283336555295,9.991703609040853,-6.536580238694256,0.9952002840567294,3.2621884158295247,0.5669610598550866,9.082025746277488,7
10.41834482724597,0.36064563631408497,0.4304612303220461,2.8372274600805705,0.1460468256203123,23.796961821794945,43.25929179445911,0.9978361828550132,2.9626859513837127,0.784646692395671,12.491523132144948,8
4.775236604906146,0.6164053134169454,-0.026267022083414693,1.5680291491490346,0.16848142934697466,15.398455005948723,51.34120412585736,0.995650124286173,3.1463353012606743,0.7682121464728635,10.386979139135644,6
7.717431090063408,0.5520884526667111,0.396052100281185,3.016623012955234,0.0866276720722409,7.272150464723575,36.74923508538294,0.9979910330482898,3.3489549682223396,0.8671633896368645,9.807650124306225,6
7.668550527807155,0.39223162876145234,0.08897846490391009,2.673999972791191,0.1496805877586294,6.798477685423142,41.31104090629537,0.9953339834883211,3.250175799302256,0.6004675248398198,11.89901490969886,4
5.9072301189797045,0.29828906318475834,0.46455655616680047,3.8104786351104227,0.07288475782754254,1.228355836876183,-5.31311835408529,0.9961995154341362,3.2688381835636187,0.3542549158186054,11.770403710459854,8
6.977711631095513,0.10747486166548414,0.10746979761620473,3.5877113841041233,0.13510456557941342,10.897088404369367,58.76374445409324,1.0007816808400782,3.235329266112257,0.6719315949118666,11.412830021782963,8
6.412021062708092,0.5699300094599388,0.4385538063697721,2.5426669794888803,0.10037443989260908,27.02692046074378,68.37099742471332,0.9961888252865047,3.1272803214536364,0.48765506403514713,9.773112288646685,4
11.278859753820159,0.18703944572758896,0.5211666132589425,1.2438457913742405,0.11228389535409619,17.77829799705434,63.286730708724306,0.9954022969119654,3.201380107804741,0.5370041314594587,10.084390666468558,7
9.890653268350684,0.5190688398882617,0.472287305126561,1.5858697818350869,0.11117539370110187,10.702322940769594,81.27799296159203,0.999341357577413,3.238633651122281,0.608792745510959,10.742791706097204,8
10.46164366149007,0.4473103567835502,0.35026332964762047,1.7302948965067535,0.009764749510109388,24.048559381800796,53.65047699082257,0.9948979160994266,3.30102862810837,0.6023823026706457,11.163839276361962,7
9.5268425088735,0.6358285550876391,0.2537398114140601,2.058627132517242,0.03379390705696133,7.675233782766112,62.79647896148092,0.9956141135397059,3.3786756688939423,0.6840650753722851,9.840668068579609,6
6.380611988930712,0.43959090010202717,0.1847160847330312,2.8752705986256544,0.09512707199087611,16.953502743327785,52.15099436907613,0.9981531222410179,3.263889941822852,0.779536573791335,10.587810821682767,5
7.408315547324386,0.43411044273058175,0.5942069381634207,3.501244146179282,0.0056360460179415706,14.203696272744846,69.68917374655231,0.9988768228477466,3.094068948861516,0.5974849508430857,10.694130430877147,5
9.131936754087462,0.6463741408576591,0.16010095596647134,2.4284338297784713,0.1315605551599878,23.791306255883523,-5.0485779923600305,0.9994409527821622,3.020383592016243,0.7272685761233608,11.815446732012779,3
6.222382724883694,0.5670116058168235,0.09258678528600076,2.5225747030606613,0.13357779831440708,0.22771629080499167,17.51182805672564,0.995505556335559,3.8194874414750446,0.6625187216881859,11.22991241182863,5
9.51209733129306,0.5632311914365556,0.43307378700656596,2.7006288270000054,0.1063585276438895,7.498022541853443,99.36768868209201,0.9981920173459722,3.0740369939470873,0.8190340472993357,8.74251819068118,5
7.891446823131171,0.5938535179617053,0.1407726393627009,1.777732561614724,0.033943299362103885,-0.3824565909453348,-34.19438212917477,0.9960677836009116,3.196274999747123,0.6279393853119262,10.165006660666076,4
7.662804627165685,0.1928855753585788,0.10998730050677455,1.2044508392998616,0.15900694694342574,13.4040327819073,42.37412831576365,0.9957886887329788,3.4034000605027868,0.6465824651183256,9.378338293018242,3
9.508631945945936,0.6513577359973964,0.011279147566046976,0.04238694376500618,0.1918605319859179,28.114275036324305,85.68507366706625,0.9994064255645846,3.372172121913136,0.5963519238401859,11.02489616267284,3
9.055247629526269,0.6224937588027205,0.20341803210789644,1.5267908986923788,0.09735384137229869,10.945527903464729,43.922398037121766,0.9959008912082808,3.404173138512314,0.6324177482070558,11.415468685555549,4
7.686357518107565,0.2966633742847006,0.28345699522070134,3.162403634574902,0.1155267689225618,10.893160618043492,33.63463464212698,0.9975564091920419,3.211456586093565,0.5268070181812015,10.51171158417127,5
10.270860665719223,0.4511839052651597,0.3486183455321398,1.5159239867446055,0.1000869327398022,24.717244241841364,51.27091533490491,0.9973111589384612,3.3477116141279093,0.5099584613556027,10.105060266309366,5
6.462192343080176,0.49213854247447375,0.4902612488598967,2.1670701476036847,0.11651845944993997,26.685495584552996,35.34703405991926,0.994858491247323,3.3122687328481724,0.7918801154980633,10.476086772339581,3
9.347090531805248,0.47310064311965344,0.4053795847331587,3.1530038023772438,0.08402206216868019,15.1142893273121,48.018033260978996,0.9989321857107126,3.2375737264917426,0.4758557138586178,10.62981120082553,5
9.308272138546252,0.566771993313707,0.26182555608936403,3.228965294991736,0.08827178800780983,22.84714854049892,24.448425794835725,0.9981205617873579,3.349081948354268,0.6057499247513565,9.695890383111402,3
7.773771053166217,0.7862733563662367,0.260360864724056,0.9886540069675456,0.13528588002486827,5.230454591220536,83.58625585853889,0.9930274187762591,3.511073109350141,0.8326082736660694,9.059417789153699,5
8.8544261378116,0.7163533455345658,0.4020314937830367,3.895883099035098,0.20728120809482203,29.77974333925414,93.96774239516681,0.9975548422224747,3.295559955312935,0.6000408648493868,8.144847053189112,6
6.173106920144986,0.23755616131371876,0.5545140325857139,4.078290125097679,0.019996438279913056,37.48706293937052,42.598119370316454,0.9954540531316668,3.296890569271285,0.8008858771265478,11.793900344912773,4
9.870845932651733,0.6244139980612098,0.32526283989664,0.9182101998940164,0.08480937577985165,21.21215791188725,1.2458491171889747,0.9991941506128252,3.513632206975197,0.559522227476437,10.946002867998462,8
7.985666368046919,0.7657866639070819,0.2061738291579182,1.3466283825023844,0.03097697573839589,-4.843316213428004,29.713175379657958,0.9941092003264385,3.4922720719637623,0.48130218692046706,10.79876211247859,7
7.411370865117633,0.5773617041378405,0.10142679978289088,4.167526956404668,0.16960124492880418,10.417697376022158,40.92837421660218,0.9962870460627409,3.6167872881926963,0.3888796046668605,11.791718776748244,6
10.083315683922713,0.7181960850371933,0.010958947117554851,2.2944050702425787,0.06061310153400508,22.128253216693214,63.68278293780587,0.997724049101977,2.9487539531040845,0.8831630917763524,9.018985189338341,5
7.10261572607731,0.9024540891401531,0.43325393440870463,-0.6076891264325912,0.017839960310710293,11.785170028336372,13.735563635367626,0.9971086805882837,3.4810238366338777,0.4667318991221494,8.49080603655948,7
5.90561579618195,0.7047419092213962,0.4155957047279114,0.5404458933742393,0.12190934994242866,28.721985542500974,21.617643484809026,0.9985259165134279,3.4203160090804356,0.7870217203212659,10.822655108170999,8
5.653730405009364,0.5498617191283458,0.4154727050213323,2.150882524758526,0.17721555573715556,21.881572644358652,63.852312549340645,0.9939631560279815,3.122869520449347,0.49000900544512505,10.722598512987775,6
9.330216917287588,0.7090176948169506,0.2742681107295888,0.8717402896015576,0.12317989342803815,8.935244992342035,77.98399145730541,1.0003038286737347,3.350317583599769,0.8839552660497696,8.49556250935997,8
6.1232701007563195,0.5289775666193782,0.5813869491783501,1.921206721108982,0.10023989386409586,16.322648107712528,26.48739650936742,0.9980502893175766,3.5102243495515997,1.0351530631845671,10.795473168354519,4
11.28315010937342,0.5047806086569911,0.20317630108303644,2.54535469915701,0.1104570461387997,7.061667793609098,3.0038372196171323,0.9997194364260018,3.13416821550292,0.3732898898526428,9.959754752360476,7
4.760720006597673,0.4297171528572535,0.4910538474414411,4.54715644564862,0.16074203314127772,14.174151215875582,155.37590064250017,0.9987484803384665,3.3885124858045614,0.47559140619300166,9.512203134288661,8
11.183975826093066,0.8126826717664217,0.2922514210020914,2.0933645172810955,0.0462900364992925,10.454067595674482,72.84903982392754,0.9969767797710899,3.474270735146203,0.7914324168465483,10.033233920889346,7
8.658729694244451,0.3363142668115997,0.17832984706413246,4.001558519401862,0.08440764479568436,27.747618002330384,38.188875861687954,0.9944316035781777,3.0857960874937023,0.7472172969721885,7.714318571989683,4
8.135587709820333,0.8064735449356233,0.4185060614635523,4.5002642268514785,0.06736549257452333,37.16012056830995,75.67803209251771,0.9958728936375026,3.2715428615109703,0.7920767153092326,9.749488354268868,8
7.373637552424786,0.5999728247480742,0.3819272237367987,4.508033537092906,0.03160673463541448,1.688116667642479,42.89293121942407,1.0001791266657252,3.3601936753284822,0.5624615564312561,9.625275973567376,6
8.978531394398521,0.22013876503961166,0.3713945518533852,2.8986564307397957,0.07358123702915988,-3.232162862097521,75.61617734030615,0.9997708755633128,3.140773698891409,0.9978808073739724,11.012812691629755,7
8.236021005877758,0.5735298585982843,0.31625568441123975,-0.24860480697456389,0.14538605479912242,13.548275781486144,52.259975526615335,0.9957608000397926,3.1241693601812908,0.6800684093372616,10.225946849838026,8
10.175613199428087,0.07999469846967516,0.29242138365663384,3.1451548115654115,0.11833010741963627,0.8158430117131736,50.011972639529915,0.9913633914275957,3.272991079627445,0.45311636193660165,11.10275576104677,4
8.494187002725468,0.6251016033662071,0.7776743985740877,3.9677598429389573,0.12221552500541003,16.462116036709173,43.25179834838398,0.9965746205313898,3.4603279433807383,0.6169647549926994,7.595506720789651,8
8.555512994485193,0.6770462965977982,0.5368513290392346,2.3865060523904162,0.09732378058266591,23.489361138059266,-0.7635840042819666,0.9964245942237417,3.4287468002384216,0.4553936276410985,9.476991955171847,8
7.681859239236446,0.3815288088695893,0.4445653789971024,4.942417418105348,0.11616618913642943,30.941418972668252,110.95713167997361,0.9965004547759192,3.1277174541627315,0.9304600309541979,11.011596756728588,6
8.203192439674186,0.5247095391911165,0.32235983164067766,3.7037669860544407,0.04997048288259472,18.01394558715281,15.929380631164467,0.9980570784036628,3.430433577023137,0.5477436853239802,10.06024890636953,5
8.823263007116502,0.8908314867500573,0.5014314401193338,3.295582728013898,0.07452450570363853,14.068447751504209,2.1192219817503783,0.9987524251586434,3.1328120447666983,0.7437221924065858,11.330006586271804,3
5.392713732483737,0.39885065914761264,0.40359895527829037,4.020932995688173,0.09960021184843383,-3.7838491657308424,39.97562386903988,0.998980599094199,2.977966040401313,0.5799855653530294,8.414936799671855,5
6.008084782420289,0.2882184825886799,0.3052409505548071,2.9667177917652294,0.1038757929440945,16.261851491857986,15.271430154153279,0.9978914182802707,3.2265712857905537,0.5553841573403728,11.204221923658423,5
9.563548959838617,0.7963326804925197,0.23928713494681697,-0.9899346991534945,0.10600939274609365,16.712872605494617,45.293477911511054,0.9933984585961547,3.524593874317147,0.3352567891822214,9.696946860436455,3
8.590471244817502,0.8925174381061589,0.28381653246746236,1.8012054679414882,0.0830832358991811,22.38956814212745,69.69620700253836,0.9963176005346134,3.4311921104282743,0.7616896825083964,9.59018320717906,8
7.987228328200446,0.5007391343695695,-0.33408514717561116,4.176035238146995,0.07112882994348352,8.915118984709089,79.84499571746436,1.0016081795670984,3.299685638525361,0.8808608129469613,11.490151751620198,5
8.33133768621117,0.7022926070816713,0.34212016785952837,1.3693721238623857,0.2478885641522149,11.649473997641403,73.8861138135155,0.997748433469605,3.2166589032817883,0.5042855111679243,11.678091242952156,5
8.890888899114842,0.7682951831061762,0.20230478397792806,2.1871384926682853,0.13533936364661994,1.2199774469581577,36.914142192072546,0.9977356391368877,3.2220475727767135,0.3973110504502259,11.53816966569601,4
7.382408543474086,0.3515031534923232,0.6185339996565768,1.0372291605357005,0.11065737379763112,-6.912928068840653,48.636530312832335,0.9977189718795477,3.3217569811721592,0.796563727265431,12.642506117553094,4
6.9768819668160695,0.40293883292642635,0.30386881416235084,4.997491633282476,0.0783395750896803,4.915029092032167,60.460008679617204,0.997830759245012,3.0863125028308342,0.3801389706519373,11.793483969287669,6
8.632936933666059,0.746174902630947,0.062207316093007614,4.854089440385222,0.06743905865280617,0.2967418574698346,-11.006984990088391,0.9922337756378281,3.2303785309597406,0.8673205991112041,9.525019757894471,7
6.636766278054447,0.837002855741702,0.29002396917437645,1.2625835468029791,0.08345997031365221,19.367122954206113,65.82929510395536,0.9965209513661779,3.256886107728046,0.5062528290977145,10.555801940949216,8
8.994029684714603,0.612576172034871,0.09077578298749914,2.7062172005447174,0.10464144217933417,10.818659433331426,-1.0908764902664387,0.9969242143364107,3.0297851083097003,0.47244023371981353,10.003782300666572,6
5.405607872795672,0.32403712929958917,0.3946814831424933,1.5473083331303332,-0.004021777203154081,10.617628699252109,114.33143776391415,0.9995629907985069,3.132310349820485,0.7022386115923196,12.631998845943972,4
10.049564583453595,0.8974122223398883,0.35818947286789704,3.3609224946439293,0.0115305202312658,6.155869538247879,33.65100220682405,0.9970953457892446,3.3821013582972763,0.4835163215480557,11.61535695016858,4
9.103415720102173,0.3938058204376071,0.4915679262216535,3.2135563081392604,0.05815588055305212,-16.325654325124333,40.89911915257849,0.9937069772267961,3.3019023679881987,0.5397911161801544,10.1922318496152,3
8.735250548333589,0.43297244376570965,0.1418236416610869,3.6363878002585714,0.10035697183892842,31.083107487475505,21.59966572515077,0.9978601783123435,3.238247641761323,0.7201769285540711,11.365700777528303,3
9.970574672707375,0.5684675668979243,0.3068016192456294,2.964685826791042,0.07803634264240743,5.997294772232117,26.210988948762243,0.9953923507035145,3.117714512492407,0.24705090268167018,9.044581687055585,4
11.13130655558638,0.8108320841429548,0.026995640914672936,6.609568688943855,0.1639060613049742,11.87579930150093,122.04508778172692,0.9945664287178372,3.6153699651178433,0.9392112718078148,10.67528791141002,5
10.024429110530821,0.6707951953104447,0.4402989563849429,1.0609067289849656,0.015880160650211556,1.451078347106895,78.03219972456883,0.9953316819065668,3.132404157064136,0.6674188225191755,9.368285258136607,6
5.170513806736204,0.5829731000723821,0.40377423608802443,0.10515530378888016,0.052432726519831475,25.71930343440634,-4.123680689878668,0.998085008459329,3.3503185614523474,0.44019577789140024,8.542548579309852,4
6.1247191565493075,0.5926577060236212,0.39916100420551415,1.9496737190179538,0.16600458704955506,17.434289370373243,96.63902572261259,0.9995175224795201,3.2024261823852407,0.48706828722123696,11.262989861282817,8
7.237808417917346,0.5087029337286932,0.3003238062713882,0.3048164282156258,0.09655596623375734,7.736347147341315,86.37699507966724,0.9979658598903551,3.307255858527667,0.8285798843043364,11.399450204706307,4
8.344354785358417,0.6116279029037013,0.3829545781577582,0.4105528219916099,0.13424212914005793,12.077703886559762,37.719988744486486,0.998264046447234,3.3915219483880743,0.7621789989625977,10.902933899833185,3
9.18002033479751,-0.005912015538860671,0.6208678216617193,1.0981594841228464,0.19256234716347317,32.781799221248704,57.12099908698464,0.997946090545676,3.0259486821584227,0.895752711738486,10.198736255376849,6
7.066235517639109,0.4406785081860403,0.2429811485915972,1.2089355323957216,0.05530977910490887,15.270305681187217,46.50684537910455,0.9972026543537209,3.2986767511693023,0.5439337163832801,9.00700547966895,6
8.617503499611034,0.5482643869833562,0.32772903674201687,1.163534657269916,0.08503428311039839,14.182664623840942,112.09513684674877,0.9983938612699255,3.538145729795969,0.7104192523156365,9.122518442211028,7
7.015849014999352,0.2697971832760986,0.08277474016371802,3.2255065306235764,0.07637865495345642,6.586185138607348,20.72242376326102,0.9921624490658612,3.6523003786984005,0.7325165450032253,9.333792022287323,4
7.260419734913689,0.577264663562312,0.12634780768033352,1.7913353144805295,-0.007729650224163789,-2.9458115047230287,51.818350122598986,0.9972221767026097,3.2739972053489734,0.7781954750428803,10.142959379102583,7
5.908676135358023,0.4591057558027757,0.31956265861866145,2.248679595178528,0.07448015981220155,14.399613264206556,32.871204077237444,0.9949101499307555,3.3083362414433815,0.8516377909834518,11.583796606965407,3
6.730503481611463,0.851095139663098,0.5207867093403814,3.7519258843013086,0.13405310936903328,19.254851123246176,-0.2903333523891902,0.9993258051450883,3.7422666057203067,0.538065136006461,11.566444632186519,7
6.002136170452234,0.8146039450429713,0.2487438351496855,1.4271484653060034,0.11702947709061204,26.995844643276698,119.32406241681457,0.9967056893895663,3.5269848563198396,0.6405910544807183,8.586575640425835,5
6.6410154699385355,0.40683888617636743,0.2528166941375752,2.129635741813389,0.1209541584694005,-6.484965344996553,8.008302889620396,0.9970618961765356,3.176543086148956,0.5562745432513754,9.637443329611358,4
10.091191054233327,0.46983245768666093,0.21862295109912505,3.0120639805300815,0.07122455096802502,4.74903672976971,54.2642631870966,0.9939898562514924,3.176203309822775,0.6510559815294161,9.607822878470978,4
6.686021888985698,0.48521048687832147,0.19304866583113536,-0.2181949208683096,0.05719513819971792,10.192589094435498,-10.44312001055107,0.9990336617780257,3.4913098923574535,0.7787335729507058,7.61525855864863,6
12.775049510223564,0.40966810476807547,0.3589942911417643,-0.8388677125308153,0.15346278359493104,15.965191514267982,33.83067220497792,0.9982546562405477,3.0977925739908536,0.3788139649556806,11.0227330416449,7
9.138640431497512,0.5390049968056253,0.000548470964271075,2.984564260316812,0.06513414268211652,14.549663084715775,60.924971107304096,0.998113895764681,3.5175453502677705,0.8485931668080786,10.129224193249627,6
8.614221410281287,0.34834358622248196,0.5561879153333456,3.188819992793658,0.1047041019396607,14.783113143127304,19.78377867642203,0.9953739542956623,3.3668599927502014,0.4663390388751626,10.275543209705926,8
6.8407917736919375,0.2738769330124947,0.16691554037410788,5.389908188793375,0.09816673403387692,20.080960585699444,66.36446107427662,0.9954527203101238,3.4035441528054142,0.6077470456514706,11.880458164213202,7
9.490526794995287,0.6245422447800537,0.4443806970876283,2.721332826213534,0.16308585081285593,6.967068892208907,38.12164396769328,0.9974471989088918,3.248653239303989,0.8714701272442412,10.497139914612793,7
7.321415695395785,0.6259059168443621,0.04600028052122479,3.6476356041613327,0.138570617883618,25.341414422336946,85.28272290915423,0.9956110031795039,3.1740350391507177,0.7157616520571789,9.92619648853738,3
8.507416684897116,0.3391368480680015,0.4337680261092436,2.2263382989796368,0.025237068966643947,20.334524416994807,91.93811014022737,0.9978697859253547,3.5923985661736637,0.7177200912048222,11.029285383105439,7
12.652143715056951,0.67907108615252,0.4343889215628995,2.916118110219121,0.03062234166124799,12.801677358719207,27.637422895909616,0.9926781747944665,3.250652543889305,0.4592935722998312,11.564759031233118,6
8.136698170468096,0.37368445416693374,0.3768404144011793,4.834159578449347,0.11894549090345671,32.00907991888916,49.53218435996757,0.9960249108871868,3.2178129846852275,0.4825053909099471,10.726114322654148,8
10.25376465468565,0.5506330476075962,0.10111429564004154,-0.4735899453758896,0.08678311763104167,31.564160355717668,53.05398947358368,1.000593506930853,3.283972586424038,0.8200135874337162,11.158108558567964,7
7.104600077285992,0.6640688025224912,0.3499096379196154,3.079062760600353,0.0672414108023118,25.328953551938085,67.43852674934504,0.9978789716559915,3.3386044265435886,0.5598455972676538,10.239875585282828,7
8.240519566155166,0.4932774870592574,0.06338876305312219,5.489821422108312,0.14078139419972355,-14.185567705677926,47.47460587606077,0.997333587329062,3.0938349746561102,0.5758649815390257,10.309956479004372,4
11.310361080580368,0.5909481824282269,0.24944734898076293,2.8948479068930797,0.09937296910444554,31.789450927179754,53.276961658313795,1.0009704530713428,3.1870257011586176,0.823871712679301,10.524322781328712,4
7.234156001760796,0.39671407122248564,0.5058826201910652,4.810802148525987,0.0926228693444722,23.94758522471934,38.967586331761055,0.9923280927623971,3.176393585218788,0.4815146972871803,9.571566954524073,8
11.38116254859478,0.4607066833143806,0.4593403854141484,1.6191029906587806,0.12899143203775248,36.06408637712937,50.8029156100766,0.9953693777704238,3.4690560609213694,0.7057699725906639,9.77513222419344,4
9.50317829027431,0.4588281138239319,0.3030365885080866,2.455133508170801,0.07124455025282177,28.374645917335386,89.83202638665938,0.9961976536565053,3.122807486400022,0.6672942454485076,11.915667606000321,5
7.343806480979746,0.3506843306919522,0.1050386848154316,2.5469345833440227,0.1684259492736277,31.783426774972856,68.3207469599912,0.9987167024660107,2.9488464284483893,0.6595434266032488,12.608751705448555,4
9.375093156394387,0.4646451673768436,0.4291175424348387,-0.604627511102279,0.050597618838349595,24.78654850180379,70.14143610163117,0.9987513127264565,2.906581087418769,0.5718659425808243,12.151417705441999,5
9.95334256436544,0.19027634022725065,0.303876247539605,0.8645510410097199,0.1228464533171044,29.486931986455122,70.86132069647408,0.9952679865820347,3.0059239730648564,0.5614246191512342,8.944416907554597,8
9.357076935769234,0.4017692505715791,-0.16406311964608472,0.9643748888624195,0.16169164193299224,35.9412374073444,41.92431032992583,0.9989959086442851,3.572307640569622,0.4766780921548729,8.83815671195653,5
5.630617976186224,0.4430249013260658,0.45652596526330363,3.650892509245538,0.021135225536395005,18.16554738378206,57.521292438124505,0.9961933704653566,3.3032413198968102,0.7420530544270222,9.090219624860323,8
7.063866801097724,0.44876404950092397,0.2951534332260616,3.721014347957677,0.07283324120737754,0.2776945592187037,11.18926861492043,0.9994232792512984,3.4002498173614404,0.5464146374421549,10.547826186067429,6
7.879218319562443,0.4517005108258442,0.5404902495966144,2.9536510197891466,0.1471103696442779,12.925390999848577,88.87065265845959,0.9949347146037559,3.4072975454242656,0.8246865855984328,7.31040294840657,4
8.173463170529923,0.4876471600279742,0.08094589623143905,3.653744055597988,0.14786222738655125,19.899455993834366,-44.83769426732627,0.9967533768018677,3.311236783678464,0.6218256429295891,9.75231827671855,7
9.355142565836154,0.5958883036172128,-0.33534076263920015,2.2701908221895164,0.08142521998058803,16.748875843715577,44.12410305293097,0.9960196653692469,3.2850437406697384,0.48006341679842357,11.947809218077225,3
8.602091701586533,0.6749034148265045,0.355816771669037,4.182704337355361,0.05326644531615702,3.534380338405736,84.64956724595905,0.9991120607431314,3.508905285963628,0.6195716400347685,11.480682713801798,7
6.029914590192829,0.37004695463034654,0.3583127353363945,2.5123038196849006,0.13779679111653811,-0.31067625194978987,1.9923581902317267,0.9959544375668676,3.329199182862528,0.5901542761467994,9.839995884369142,4
8.946336346710138,0.25935982892217113,-0.038134325521290424,2.581009666397459,0.14917745512908023,8.588373313651708,60.19273728135609,0.9969151029419765,3.5798194958526826,0.831547579993769,9.923309014712299,7
9.3379957669825,0.2915911175513794,0.10430009082667871,2.128170313432624,0.03176683257438026,24.077395559841513,24.534707262892113,0.9980136227953261,3.424165989057973,0.5972699678272395,11.023965877487594,4
9.251643761482768,0.40255941576101456,0.8510435487439802,3.458230668690999,0.029804317551680982,31.803397708229696,34.82949224876734,0.9980905169660522,3.176440745303794,0.6130442351959446,11.428795630768619,4
10.137327233442857,0.42961573643669815,0.2388778771692393,1.9103216567419214,0.10126283409917998,25.165676137777012,78.21605170110145,0.9987739052149464,3.2005731952260126,0.8999629399337141,9.813549005486264,7
9.717667662733138,0.3460007867605085,0.4461917952752432,3.8670039280772954,0.1214680316714446,26.57427287114136,53.53587855420996,0.9974222495536893,3.154507038709144,0.7464054446487693,10.14219737610862,5
9.080606134688344,0.2407766671500211,0.16986803452632324,0.9149912029975906,0.07504654573849726,15.191844268364424,-20.133743640183965,0.9961635021694404,3.543509604390143,0.9426600227205945,9.777389298627975,6
8.1807182905203,0.40877583450516236,-0.11806057977063139,0.9615172433805286,0.12396469099911747,-1.4208245770596406,14.77795718885725,0.9963006025092825,3.218989809410889,0.8740376506908639,8.935515614487265,6
5.476366413022816,0.5362853240227943,0.2659483506408189,3.4623974571771057,0.05449316965813089,11.447794191172946,79.18607925132906,0.9970513446304152,3.1403054406400734,0.5091823599783147,10.158281877176005,6
9.030350972525397,0.619005893167113,0.24687908794277896,2.3760380995837824,-0.015734679953686784,13.412355881276213,61.81510970036892,0.9974991849521487,3.3639556082253637,0.8282916452480183,10.07447970577036,6
8.65306906817729,0.38851538937833574,0.2200243522663257,1.8645520173856203,0.06880494638337019,11.029475131643178,104.68847389330139,0.9967056567043031,3.2805665787254994,0.9193015596526806,9.01329147241248,3
8.761684023232135,0.4174004355713132,0.2770718328987215,3.7460808254656435,0.09316160732565505,16.546948653746263,102.52737060243881,0.9970384068419311,3.3589137025150326,0.9205782324949814,11.110689031401503,8
6.129527421105475,0.31466033823053785,0.3528536543291273,1.649834020279482,0.07620800200517716,20.414197598929505,35.70591070515587,0.9939654922788558,3.6779627807787687,0.8279763172080369,10.931652746488478,4
6.462203881305955,0.49371216592504474,0.26997660974923865,2.2197182439794823,0.032069836817025736,24.530151882434975,129.60684756729313,0.9983347105689093,3.4826141611857717,0.8244789091345599,11.165291670929584,3
10.090359850665937,0.33031427316183704,0.047198766410527226,4.458919130099623,-0.0007824487939408764,13.218801356336659,47.80782910511306,0.9973622245777789,3.3054021108603813,0.6085476225751566,9.555122608989196,6
8.232756238443686,0.61462556264824,0.39723695831238776,4.65479928413491,0.0642955597816051,-3.0375940564459327,15.23193836450216,0.9990037408270822,3.0183153231587982,0.5176450456605723,8.218066754073888,6
9.458551185533462,0.14282670161317773,-0.08987435106448466,4.701357494378458,0.13488278858248717,11.17122280708865,26.08988442495095,0.9970003210148142,3.200007500558273,0.6001230557874324,10.914064242610214,7
8.348141239421786,0.4280740655095075,-0.11007149145684009,2.1050239122925243,0.15280987197068413,16.43710396991984,-27.471928474550822,0.9935232048429564,3.4422092205090604,0.37698586975643034,9.669476013907316,6
8.350585437142767,0.5602214678383484,0.44783609894031357,4.222984066978258,0.14938566920692276,28.228079221334085,100.03162727222627,0.9962831076213866,3.0657917920676367,0.88827520362169,9.420265053429729,4
9.895082470159197,0.5367669032645008,0.4014040544270714,1.1714660411238507,0.049204523242572344,10.321921578158946,99.6271456384475,0.9966001401537632,3.7281940592660705,0.6118401968989889,9.017241617892214,6
7.4227239620304655,1.0386067327960995,0.28852092698519277,1.2303359753891148,0.03231468381848179,21.12543628399402,13.488254519160407,0.9984858066108672,3.3028833125271095,0.8795262239410432,10.097145219104132,6
8.463405320799673,0.5699600049135816,0.02091029904898556,-0.7906381936741051,0.11483173074899476,18.900878996354322,39.4798184833971,0.9928594529109732,3.3097696786418966,0.4506450718723281,12.135060026755522,3
7.514132009201429,0.29918908063159794,0.15841781186518492,4.842015482657942,0.12175500057989627,16.439005331233883,50.15504895571506,0.9970823590338979,3.1666709614084043,0.8440462365703758,9.844005526508933,4
7.561356413365064,0.4809071505821854,0.24745065046269918,1.2904282112934904,0.11000848026002487,25.305333193245914,15.308349279310246,0.9980273504315866,3.3993475513551434,0.5758702881095157,9.201216651416374,5
7.774407390103314,0.14475073330670962,-0.01917879371482273,2.322854388354116,-0.010703163711888175,9.391588032474193,-10.918367031948335,0.9956770242294369,3.0683996386955537,0.4416572005874404,11.117126741133031,7
8.677627411777312,0.48388005014064783,0.1521942683953534,1.2255459213004025,0.046655770755826664,10.248135503564836,40.05819907536191,0.9971492560196337,3.732978517820291,0.9366100688671588,10.590093507748414,5
7.48612734317209,0.3333887885998482,0.43046606763533596,3.4732313476621965,0.08851556048570107,15.880991769057719,36.40437882784485,0.9957459269817003,3.5634702609304023,0.8482429837879317,8.068768495542972,8
10.434785413474986,0.6830780551120323,0.5854610728578433,1.9741128749957237,0.11436090973152135,9.598534949063001,34.18242904737042,0.9955408541335592,3.496859289039409,0.6960047114315834,11.128580951728615,3
6.779167586226844,0.390091945080893,0.21611304946828985,0.6732563533938711,0.12836536813012434,21.080122910545995,54.34963006583183,0.9961831602997374,3.0219141988420377,0.6657694404729437,12.741314545351761,6
7.98231820492569,0.47664681684095067,0.4512976708632197,3.1183275898604847,0.097212676114102,8.868076956338673,94.17414873135775,0.9955786160150659,3.34108265409155,0.7347167031992501,7.539410479828074,7
7.552457200933904,0.37288843171911934,-0.0828120141174935,0.4927779652656801,0.1065391903269118,18.263042077451345,36.99794025017304,0.9983672366238726,3.541817279602801,0.69308685824596,9.040723373575664,8
10.759862403401346,0.8477702703706662,0.43189024822272226,1.3276319845583122,0.0942432729180552,14.998272312132434,52.62461895780498,0.9955300962463293,3.4186210798715475,0.52531308779085,7.266620202483233,8
8.634143120069677,0.43575144677641764,0.13921031705450376,-0.44964476047651303,0.12428096871092414,18.149259647767057,70.9867272835829,0.9951941799859041,3.099578179073245,0.5899511141365633,10.317165137185082,4
10.05413571709668,0.8665114086958403,0.361469123341594,0.5064586429233506,0.10564328257454556,11.402586049369608,65.28671657492072,1.0005358573336791,3.1699812489382686,0.9933220314465796,11.48942486027249,7
5.774547365837148,0.6628303524236533,0.25044951635205814,2.749940837608669,0.09328688300236436,12.60911705473173,26.724023693221213,0.9989214800236481,3.2096127723988017,1.1142666462467625,10.516050824775908,8
8.75398545197774,0.5964133454670772,0.5640828019567669,-0.25035045334409434,0.07658156004313096,16.9600926799705,50.180445062763184,0.9932769732786816,3.1793124331022784,0.9256536458892162,11.931195267923936,3
9.812372352559844,0.573746629463504,0.12511287033201635,0.42639598552959823,0.09406457125212406,18.020745061613127,65.06881406557876,0.9954704634202949,3.6057557671420613,0.741298069827646,11.313605319363148,6
8.439882781768222,0.5787594596432504,0.4255212595123662,2.496683517414069,0.11422956894196373,15.95798084608844,9.764405862144336,0.9974849259434454,2.9157973722353487,0.6025826644406711,12.272362055852396,3
10.111316637611097,0.11446548413087798,0.2440985073406933,1.7389503454697266,0.10337376944490306,33.05362356513084,88.69678735628477,0.997647510134463,3.431183827931767,0.5243083980375158,11.676231844917805,8
7.420609634829368,0.4442233211698487,0.26833890439806724,5.2888512903430325,0.10904132091726268,6.092630812587158,94.24243387206567,0.9940190142685262,3.0415393250143095,0.5355119902268656,9.956762624529546,4
10.695890648315487,0.6690315942368643,0.2632292213681581,5.067455164434126,0.15713609306755927,15.357962050472864,23.148251570331706,0.9993171309856447,3.1077497025097864,0.5659444980232508,10.473399101858325,5
12.208126810152727,0.4902205633051789,0.1308653791011774,1.284908552148385,0.10325819613732937,0.26370977883015456,53.391110605489565,0.9986504488383633,2.8980533266262563,1.025697887042381,9.44445539297093,6
7.68317444725258,0.218962030639285,0.2971802068186657,3.2799926657648744,0.05755007397634211,19.720814786673863,68.19518247014405,0.9979638032640806,3.1901891137682266,0.9670679903850419,10.146278214245147,6
7.542645713618689,0.4895191098845061,0.2874703555756357,3.5489955796312316,0.13418033929970846,4.84753463623186,28.994732841151162,0.9997134569814242,3.6021463303078427,0.786867326289017,10.468014839219933,3
10.770753611100092,0.8408211032510983,0.3482480496813459,1.6635295987658352,0.021690083116554112,13.216897441234238,62.89325690770712,0.9979045799851418,3.3529648484929555,0.4966957600098196,10.306601944111112,3
10.985272647742212,0.7493783431069438,0.3169010291385725,0.4062418489025146,0.03592933096303563,12.27935674668674,52.387435667641455,0.9978971617585037,3.0603276906001806,0.8118195075408763,11.876478878933971,3
7.411137953839445,0.48759919812679364,0.45959890992244723,2.4827821709687194,0.10679236323600345,18.808911266011716,-1.4412998620804274,1.0001153585436444,3.5034295348758624,0.6194351051531971,10.036815131242486,8
7.585682410937044,0.6902898554116174,0.48470172320947374,2.258016055260245,0.11581983338932894,10.4720908245482,62.152323427292416,0.9992024391614555,3.546260852713737,0.29398839543049937,9.374704945086908,6
7.820966164937138,0.42669859592638965,0.08987533563443975,1.8899297042411332,0.02774743882480024,10.046943023060177,10.69530026305582,0.9953169850821769,3.320809296207817,0.7088071083582141,9.443427861606494,3
6.01443413124173,0.1592256826346562,0.47375450011815423,3.119243615430279,0.07085912595066249,30.35856464085898,77.99369410484755,0.9982663903573439,3.706949831630518,0.5168747830582107,11.120610298784785,7
6.7382916909768635,0.3151068023740891,0.06273271457802909,1.4489785501921617,0.05969580838901706,18.845667904745262,24.85003452058167,0.9956714642700828,3.4643128249249227,0.5226309170546937,8.8565477511021,8
6.5929606965214855,0.8125777537016396,0.41757117762754703,0.8872034333891998,0.06566618385592016,10.38949147977732,41.677580689182214,0.9980083091019005,3.4365305014585172,0.6174306410934387,10.178695212833992,8
6.994744139322982,0.44520138363413914,0.42394775694057374,2.6527161584897647,0.1371798888136473,13.491663281887693,92.28520414373698,0.9979532270140397,3.1393242585667416,0.5752850945997898,11.860250270000964,7
8.241035691442473,0.4513232041249964,-0.08226337833250086,3.0403581295964264,0.12532527317736264,32.45354952270745,63.38059433545189,0.994233065375088,3.425479697124268,0.6541763407523187,10.721858290314914,7
8.698165045312086,0.4400323607450239,0.3185958493058819,0.8526970785399259,0.08904389100731462,13.64835121748903,11.377360654040004,0.996756308777378,3.3433582555208985,0.6460038064970751,10.31793407196937,8
10.935850837783931,0.8808273179146013,0.20630077732793684,3.7993268553875135,0.0627019036442536,9.107233768476123,13.507753163630241,0.9975305140471608,3.403965800534205,0.3411124542159027,10.360498555997728,6
6.602798130744056,0.8251917830724127,0.148246948412925,0.021326407113490653,0.02251751648899296,9.150038498736073,27.22300797541706,0.9961274196180117,3.1630828761717336,0.9184472581100817,9.26747894855011,3
9.973348077410193,0.9437560466896269,0.570170466139801,1.6906411577980993,0.16100924693909743,10.508735190104225,60.02325475076998,0.9976294198847815,3.325619776871797,0.49282595709872445,9.457151818522005,4
7.936218964816636,0.46819095791998977,0.1692641718725162,2.1387880493233475,0.11960569501424592,10.055022775732777,58.82389389278135,0.9986117955540021,3.136627699957008,0.49809227452781957,10.185300159793965,3
8.215911693590865,0.559124897749419,0.13872461417639,1.6092868022872984,0.054666544796342975,3.2035215165075694,19.177623946125316,0.9969388138715385,2.8705735800067935,0.6041459471956494,10.698400333120222,6
9.447193136683227,0.19667149011584173,0.3151389880010187,1.7089153370283305,0.12597997488124457,4.757999030530218,8.482086974726151,0.9974491989534165,3.4996609137156764,0.64158307594722,11.442965012982322,7
6.391372563344094,0.795386885223655,0.4371179492596833,5.1195042752313595,0.08648881897126871,7.706796256386301,56.29225236783253,0.9997668481571119,2.9995222036620963,0.9080265688614126,10.501816678888579,6
8.950096568512887,0.266444089746413,0.2716702827979746,1.308762275345542,0.07564452475688285,21.915710184530976,40.99861782892466,0.9979463931664504,3.321437292956483,0.7058019868493333,11.888051593329674,3
8.582968753962197,0.5433551127525258,0.5332741091338504,5.917710411460679,0.11176057641448012,12.187627127271265,118.18812428577533,0.997401648579349,3.366600425889808,0.7562991322986209,12.165717816730478,6
9.137167148813854,0.2805394944734312,0.4061951323928181,3.1119774916234726,0.05292508750436375,13.928383109059597,48.20792066658161,0.9950838412407172,3.365312603172611,0.706671151889158,11.274793933730425,4
8.791586694643291,0.3822266346522608,-0.1356422639462861,2.628877192236789,0.0728121740244945,28.70088025254897,106.87034331410906,0.9983420520227777,3.24338418528035,0.6993484690247914,11.747479548861474,6
12.474010237848521,0.3325475137900599,0.19410660729859833,3.1667364947427323,0.09607305320997729,28.95007149938418,8.377341262556783,0.9976602998987839,3.3542422950559945,0.7126540155247915,9.310215126473096,5
7.215842026772764,0.37842494786483644,0.1876315801296602,6.041898848952733,0.06502744035573932,13.17875056862265,-4.9160270055363355,0.9995674788674028,3.3941934139570322,0.33143519576328045,9.135881171843131,6
7.397305176496911,0.39217545937020426,0.3958721906858845,1.1089697944959729,0.1234542605133762,9.691364893165911,10.037190626657363,0.9970937570866066,3.4469929631503966,0.6175138575772802,10.969770713919182,3
7.240661105077901,0.3903462410149846,-0.2249634112748224,0.9314149134890553,0.18345332518391305,7.3556968632646225,86.2412827879644,0.993367466999732,3.6466882678768524,0.8575843887970968,8.924669206946248,5
7.355688897427568,0.6666667823560615,0.8098019417435445,1.4431873247993108,0.052285093369642856,22.927757697082377,104.95135245988662,0.9935997582623435,3.346838830299641,1.3301962718371367,10.080590971582474,7
7.216441883578921,0.27902744138749597,0.406205218978842,2.545000405750385,0.006743735184797775,13.952927664777123,21.18807801956308,0.9984713615275195,3.31280976900354,0.45526748146828333,11.248311095862714,3
10.321328102882838,0.5441082854027733,0.3297753607835382,0.08392042526239729,-0.010087008373813086,12.135051096772099,31.801321017934598,0.9958596128046037,3.118654206929981,0.73192359325514,11.954710217153728,8
10.714857221582754,0.7435918304611117,0.5363135432838293,2.531274935046051,0.08247659292525089,7.863354248624473,8.423629962987512,0.997873535502221,3.387189264779867,0.5629220817613619,10.120362784683127,4
7.329731300625891,0.3973607270973208,0.768730810562525,4.87096598677914,0.05684177049369086,8.303335909886115,-12.784114954906777,0.9972284652890047,3.4334766206281135,1.0081008236624645,9.68506127516154,6
6.884995525722812,0.3564162218504796,0.47414932891768063,2.7119703468746885,0.10039302505335403,19.200581914932446,70.70758602662877,0.9966663206646121,3.261539363143674,0.42985693066544817,10.752507783662741,6
9.101406445856888,0.4538950749639498,0.489762619294324,2.0902403574346122,0.09662988360130505,2.8456173411273795,54.35966999775138,0.9968072774288236,3.408922500836807,0.7662397133536996,9.219102212123722,3
7.361220824722349,0.735945041672142,0.3261380048928765,1.6345753718429217,0.00983915766929519,25.948686937879383,47.34610342823789,0.9952692209899096,3.2414967612901315,0.4207741130842877,10.20939348687723,6
9.37598409018437,0.5388215261906716,0.2716948493266103,3.75791638637219,-0.0007441914740703159,10.661553561850816,0.7981342736084613,0.9969684446222007,3.4341985304177847,0.6058436664296585,10.39119994689609,6
8.64496913544721,0.3937571410784803,0.20484091119901976,1.3438341174667334,0.10479666201730475,14.503640557482075,101.1185705003458,0.9958310131344112,3.4825204628059487,0.6541667337725325,10.369217608062126,7
5.723235004504707,0.596775330237608,0.13477760165709157,5.084954288838947,0.09677144173599785,2.6302204185944564,30.389227644367388,0.9962554869597486,3.479725573346097,0.8418475858957334,10.49735382119967,6
10.930758842261106,0.2795415700327153,0.16259718006010052,5.2067036468001,0.06870910008167243,15.876340617576355,64.6096720189437,0.9963527019105817,3.32356886522826,0.4768816395530503,9.482033658870645,6
11.352992044262388,0.6362719020885896,0.02988880713140335,2.8594511181265028,0.007142820743384765,12.716790573094402,-1.0005263730759069,0.9965466134602026,3.0920063696765894,0.7727751183040555,9.600307708119741,7
7.258259226176544,0.5817214615403535,0.2848257098629953,2.483878876692697,0.11356956313824954,15.499194011435334,40.71266874253877,0.9988443469130142,3.1776173894716355,0.663192212975951,9.578172112864118,8
7.640907348108827,0.4384383057722232,-0.0369335154452774,3.9429237315381833,0.15359497727119717,30.717088983618904,56.61535705587327,0.9967404183415907,3.4190314647769453,0.7063748756686166,8.617896226885437,6
8.78597116423234,0.3322828403105538,0.33818330482874215,4.032717903118256,0.10389912201094612,17.776980457902397,57.793482195759154,0.9990474046731802,3.789762461148045,0.8229165614964741,10.776013354030717,8
8.868576542977943,0.32266381554330853,0.29273387839153164,1.3716115765168184,0.04762630547174676,8.053408158541961,52.10340192680863,1.000075709902653,3.2318558456935835,0.4419653621891011,11.384123196861205,7
9.419525263543813,0.606963467269182,0.32938705967733756,1.7628228136086173,0.09222760827855757,8.886800894534318,63.319242237609494,0.9987098893021122,3.391167535677628,0.7978011454352607,11.27594109113889,4
11.717347715902795,0.7457961004978124,0.1955736859960015,0.6487135914433864,0.021694295953315748,21.951311859137686,9.692824950912282,0.998068937070137,3.1887894885041193,0.5632861749747978,10.11125345349317,6
7.999189713260117,0.37253845059424107,0.9153720740361007,3.07269091366768,0.14289803569193962,28.98693290993424,53.51329597950878,0.9976536644189671,3.10520659115018,0.8462984873460604,9.507894236589724,3
6.94289468428463,0.5916773407102969,0.5720231800360626,3.433279036839647,0.09409221672647694,18.8191802075105,50.754003554849156,0.9987307174181002,3.1647368272845275,0.7168747978714397,11.218746106598958,5
5.955157312375304,0.08259459627958621,0.05109149998305543,0.6101041069942179,0.001592154412338398,22.887127445547694,54.64519857843701,0.9971787214771924,2.8835056046594656,0.6243801751421006,11.102815324612008,4
7.057418932098738,0.3830764538685601,0.3465736174853796,1.8627215332573774,0.07496628197781587,22.09737723336705,49.387392171533,0.9989691396919144,3.57068701258155,0.5596955852545604,10.639162706679926,6
8.243684146114546,0.49378821342581963,0.17839877141253527,0.6138445153861114,0.11316507551171154,30.190644133575212,4.983978460857877,0.9982282116105794,2.8539739494170773,0.7999601490404062,12.3187423776656,3
11.35074836798024,0.3180633166036333,0.09710405465851718,1.2416802656586274,0.07334761895122388,-3.4959017272603283,3.5126081804038662,0.9962803190784392,3.247234353919873,0.8743617865317577,10.370931926496231,5
7.420060791638509,0.3126987250420808,0.03198558577521299,3.2714238843168193,0.0762052139279913,22.672189393045283,-26.070850134190195,0.9987917017602056,3.064374420929989,0.5694152380537687,10.117421017682624,7
8.680439517786128,0.36644408870622275,0.3864433381518508,1.473125106650409,0.028779889647636406,25.83736043903564,73.97863882489483,0.9971829600119552,3.123123956927559,0.46738888381716254,9.96020093581794,6
8.272081076676322,0.5584385456652746,0.1637239529860852,2.078843661554782,0.11832704935408281,2.6127629386442663,74.31269782126157,0.9967877359847753,3.5753045319477335,0.7780158773006883,8.683034522871113,8
10.320268564861744,0.46253419631872505,0.49356520480504085,0.22176358087375858,0.05757653999904312,7.1433181599358395,74.83715961032996,0.996047601679202,3.340213398006278,0.413749739854271,11.127473960556522,8
12.595785123985157,0.05235375333500558,0.4987564429060878,2.76178629361453,-0.01782226885025165,7.492172513718465,57.12406876122791,0.9973320376957492,3.1069207681636595,0.43806288561089485,10.283966096126447,7
7.397523086035456,0.07585996947298673,0.5747828770422899,2.4380173522174915,0.0714371314664803,8.712098036226166,-23.39293418469765,0.998992925230826,3.1820965735006976,0.47934095316025715,10.960924365492476,4
7.467952947719023,0.3786269644285649,0.12952264678517927,1.479457049953573,0.13905748577851765,11.18282949064474,13.11855377108622,0.9987778800111861,3.1469037559115827,0.5893734178834126,12.426065802300364,8
10.075073491017424,0.5915373172107105,0.39507312213840207,2.235379983244536,0.07065352767000263,18.426028130549415,52.62370878057269,0.9977067875949179,3.291290865584224,0.43282357883337436,9.970173053104922,5
9.45921553236473,-0.04950096854504693,0.42649084332846016,2.752412832704822,0.176899249256176,24.656746511673695,51.47209409212925,0.99819928728145,3.3345783369575384,0.3304040154051318,7.8281904115292935,8
11.439402453751258,0.40005396476967386,0.205164364979207,1.3591845915269183,0.11144839742742585,26.813169577685365,39.6493089659833,0.9995433935830451,3.679114954645712,0.46697448696268906,10.92917740646185,5
9.292677915054139,0.3947504286965158,0.14564560852142497,0.4332324383975088,0.1069379081140183,7.621769388322182,59.17426769597214,0.9967000674176583,2.9167398468004584,0.7692206559173452,10.583545328881943,8
7.689203445662,0.7776675556416897,0.6219041331551947,5.027804205761541,0.08358008670411955,7.552970012970173,47.384506353613105,0.9947691599929396,3.2930375370484093,0.4438375077384496,9.59430073643155,7
9.304113212176926,0.42299563765742726,0.3454991751464107,1.6134182134056183,0.08658568961178546,29.15821840016223,50.985425363194935,0.9996022597043571,3.2368864614930954,0.6021541547477911,10.836992969183648,7
10.184796086990943,0.5765977969481857,0.4271935501423476,2.364535855538355,0.0768288182440248,22.467439354186446,25.910844016543468,0.9959404434959386,3.489309705543356,0.9909387386021455,11.264705952114813,8
9.694819708035519,0.5282514280174927,0.1355847976344145,3.9151756290284387,0.07488653039587367,16.828648418689962,79.40636254201247,0.9956193237533122,3.3709636236356784,0.6516403978953946,9.358729098767299,4
9.162365852882406,0.07388670403855985,0.05614310669556122,7.440677262598677,0.11654335810335743,20.73336675554967,32.78453691354733,0.9934076044893309,3.418072441622989,0.7182302682540309,10.068534952456279,3
10.113346972301562,0.6536414433263474,0.18611004510157791,0.7577189701555882,0.043208438510471715,15.701962181485595,3.0885802603193326,0.9981425661063286,3.3690172372030163,0.499173196897236,12.024429102833821,8
10.287802503757645,0.5430793010912576,0.2751957225220006,3.129758099217114,0.03620530856378701,21.245846830476147,21.557032576981957,0.9937570947508956,3.113601774943292,1.0277907251290241,9.606215589647698,6
10.649670284763797,0.6016537279349179,0.0871559986365302,1.5094268005882512,0.03384024745623111,12.639333034942595,35.50061568505465,0.9954994823846165,3.5422530992986023,0.5679799368464672,10.473336730955165,3
9.402806808902394,1.2852475412872653,0.2980310382699234,1.745693573592605,0.1922827273838577,18.688049344392308,79.80209201617194,0.9981764735890302,3.4597009809231336,0.6212222036432422,7.5131477173517265,8
8.015899263461348,0.08317741210028229,-0.03770103761370003,1.4917031705904942,0.11651714508352899,0.8945394963050362,45.60515605165183,0.9984438425048168,3.4831059583449484,0.8838999752544521,8.769969948810576,5
8.54941326693665,0.8449393299522217,0.07599051550602554,0.9240830450791813,0.10522461008400724,9.12215705174569,40.85710877413358,0.9956965917035635,3.552810034101433,0.6291051783748848,10.57326924706608,6
10.351065243064207,0.4425104961199289,0.434182249655375,2.442192093501474,0.03712426648532842,9.229888232096565,5.7941069828332985,0.9967316933460152,3.3835350201303918,0.6681410930547865,11.75078659054416,4
6.911209359321699,0.5574657808806018,0.42075810405557884,0.43569623813247027,0.12116711503374142,12.256099667930858,72.92092546437601,0.9952548109471877,3.5961984808234986,0.612112985465848,8.901767349798899,3
8.926744625083932,0.49089755093975157,0.2216246469226267,3.8255305931166186,0.08417143267733357,6.7348674522025185,25.485578917228274,0.9959032064243777,3.375527914357328,0.6132784957302714,10.482020468266546,3
7.631324019043488,0.41515273332039127,0.09644713818460937,2.5770041104467243,0.10070844705658749,10.664563741769182,43.69908065493591,0.9975324305203058,3.2561882823950783,0.7229853418407757,9.986710300040912,6
8.34886619898919,0.38603341435224825,0.09451928969479778,3.0914089620620158,0.04116898420682219,0.8558593760187936,95.84604153710154,0.9959967066424071,3.298679217903327,0.754000342163678,11.448396860491744,4
10.473368166432408,0.5659017471146018,0.22534635081173715,1.8473359432752878,0.09801344287087883,21.487004763949002,63.78918992462705,0.9965115699196486,3.2952312463727766,0.5506477666938636,9.060416364145157,8
8.624868415633836,0.19656526066566415,0.4289036983290583,1.9859144921035523,0.06880832308967584,15.174864810886055,-6.732383574600753,0.9940705866367648,3.196121735581891,0.529766322455022,10.873085413204235,4
8.378942131865454,0.6501158335043531,0.4856491382688649,2.902589467234259,0.051719442148490606,-1.0520760777601694,-11.393837799631584,0.9992659123296123,3.6263777696740442,0.5564468648942142,9.680940244304118,8
5.988244560334138,0.4167611190229492,0.2006936529036062,0.8703291146318444,0.12670531679036243,7.651700894533269,44.87775514606488,0.9980201331863421,3.3592590731007332,0.4217868175860394,10.645341827309123,3
9.568631062246276,0.27398613219192847,0.0693015148030432,1.9988133918213298,0.013114609573499872,19.36601427562167,6.979559709131436,0.9985858107436744,3.3189476951665813,0.3896268560517195,10.47582415753932,8
9.39732310793983,0.40999742840083725,0.35356872757326663,1.2965410805701643,0.11823881321570752,10.569780536142103,68.40204267188892,0.9995808506492337,3.3776548509852864,0.7105184150282343,10.12304301844312,3
11.977533029619282,0.7514298433725146,0.1352930058748301,1.25320366517258,0.1242243066776498,9.030585398619033,48.394681143844316,0.9953495742489086,3.895970903347429,0.819561286539769,10.925593030896323,7
7.7767770005799,0.39293298259675535,0.1963494722277595,-0.45377353687589794,0.04601781622243796,15.254073229919236,52.457697377787476,0.9962832110339439,3.073655162280068,0.808077699834687,10.448018007733257,6
8.672555557028698,0.5716907236419241,0.5650552180874076,4.375057225271999,0.04898357694337663,19.43597535178216,23.67747500580235,0.9932103312648356,3.1309922976567446,0.25506148356676805,10.253913067715636,4
8.723952262308284,0.35380874485690533,0.4654230857131536,1.5388457455847235,0.07884871593667989,1.636475429608394,104.4656606244613,1.0032808458202045,3.0238857965106005,0.6183389352026457,10.007941812574982,5
10.981670575597906,0.6515843699847239,0.33159486245029035,4.12872647722897,0.10410181052311103,21.501284812178795,140.80559302434517,0.9967008293693652,3.2534801523129024,0.472644367549265,10.485358228719871,6
8.137997594942183,0.6371015477580408,0.0456161997774554,3.996309249952009,0.08235725040928872,7.997067183926234,37.80670411602841,0.9990774557998299,3.3491036886654717,0.6844353644295457,10.644247902960679,8
8.774336593809577,0.8697217666592822,0.34227931349413176,0.6996004108769089,0.11167812300959395,15.820720317502012,58.65029519769503,0.9945236777113291,3.206935496331784,0.5889700018024052,9.311943711911317,7
9.333424066518118,0.4648872109001569,0.5125314581575053,0.9762242700580162,0.17814898262686996,15.645798593084905,50.21477232112232,0.9989927768512861,3.192054640369646,0.7606250240615801,10.015581638290886,6
8.617235509365809,0.6337309609515813,0.22487326684689285,6.084704143097957,0.0646141615425143,10.729338817602258,38.43033350644473,1.0007151817532993,3.328480973325626,0.656743974631772,9.23929546090571,3
7.541062855264102,0.5196135079077889,0.570222817997343,4.951296318698001,0.004241001464828961,5.763402538692855,19.541674564817708,0.996879438501944,3.19957843503406,0.33767967786395886,10.356170034941137,6
8.629952987927124,0.7591743563726029,0.5585490579036414,2.4558740813406543,0.13129617915153266,13.143134519077364,11.196056413144255,0.9949782370068208,3.3620351654365677,0.4955954016240781,9.74843457466057,8
10.125173974761614,0.3562335224782539,0.6327465664286946,2.860322348984289,0.17416572879637648,32.25330309075195,9.5252902376577,0.9967224071981089,3.5228468693485206,0.6609834695205311,11.247861462779381,6
6.554923991001198,0.6490010625754562,0.3610486253062706,1.6168150358739357,0.10963841815255622,2.3832496953636912,60.372920843121804,0.9925464769500856,3.435406093960161,0.6753187729692847,11.139999675532358,6
8.526048446049689,0.46106054077666364,0.4174783399612024,3.1052937998804757,0.035612566232316595,32.923130191048756,29.850742219280033,0.9969242265979563,3.4762026694330403,0.4210349426903197,9.384976580079194,8
7.109794614603406,0.4871623645783004,0.582837457666218,1.49594533898854,0.08380538183823995,13.402788289234676,-38.083664054637495,0.998641934278626,3.5171836823013436,0.3988018503971593,10.397461920061678,5
10.331579269172233,0.5183504968896746,0.3894787874137951,-0.3452952700177385,0.03407382578941838,16.35371417088639,61.68032127974464,0.996928484711253,3.3565656320237403,0.6695617073874405,11.1023682371732,7
5.710582261867584,0.5504480792853355,0.19975317844195745,0.6498218988845288,0.12214277469814738,5.132891886152727,45.737377678682854,0.996431720890622,3.2682717947913797,0.4213765579714104,10.20716084781957,6
7.3498328596383,0.47675419137560837,0.2102914326944277,2.529529846990822,0.022435479865078267,8.287305833225192,91.44020904623781,0.9980551362322241,3.1455493858233607,0.37633299749486643,9.598960722713901,6
8.941260187609686,0.5429426366341052,0.3477109907547478,0.9165058702963773,0.07499356065859,10.970903499619808,59.31303910400331,0.9982080496938991,3.2217643672728555,0.584326112852672,9.198356119150725,5
10.961390849698379,0.8156236115124369,0.041887715610756215,2.4058115491210517,0.03978310868530467,5.543050291220878,-1.7962286782398067,0.9936801888749897,3.195262893464621,0.5769641644724294,11.3396943177362,4
8.188224556175921,0.6970899371230437,0.2713482169271615,0.9954745447939919,0.09634123425674809,13.910820426291282,-26.57932914408937,0.9971776459245576,3.446334465324182,0.5106719188523188,11.392984463113468,6
7.356160804621563,0.6738309184993794,0.5193094236460507,1.4047045084972092,0.07168291614311212,11.929841081932288,23.257411316848067,1.0018719702484584,3.369356510918839,0.5403647173567563,10.171257641238547,8
11.497967018049003,0.40889209479522587,-0.13825077023305626,3.6944314289784685,0.09883810516251319,34.507811424357335,26.371455117109463,0.994329967508704,3.43935157254286,0.6623520729478071,11.242751342979346,8
5.838376369292385,0.32215183435433514,0.606896420358903,2.8464727666961465,0.09111752774831829,4.340258143195388,78.12425363300551,0.9968291623343338,3.0679326287799693,0.5375723063744308,7.138268417126126,6
4.562029873745861,0.6910601116475505,0.5244748437406319,2.486469810161314,0.04066704861379447,17.02690516748587,46.70725923444408,1.0008834922441034,3.5863498968482155,0.6720184936830227,11.86031011578016,4
9.048024565090666,0.6752093585059589,0.20804707683390472,3.7305495622989113,0.12134385317645109,18.478462819018247,84.41172043725079,0.9992083503130873,3.2146039256986474,0.5953203488600531,10.227360714195104,8
7.446507818600562,0.7945341351501964,0.40867816557436193,3.172852030686286,0.08756171740784423,5.296794513481625,3.2805091618130575,0.9959732066384479,3.079996671585067,0.6885005264157316,10.555954216879439,6
6.563904210877788,0.3792038748061541,0.3006295453812653,4.525188607751915,0.04057354960670497,22.868274954528385,78.85372468455478,0.9974122707592452,3.212156447035637,0.8092949461242297,10.047430503967433,6
9.504205960408902,0.4540902689279306,0.5459980736877366,1.8561970327588038,0.20204632781028964,12.016729871183719,70.79264206322034,0.9969957766400304,3.7967531985175014,0.8026721337164012,11.935278230054257,6
8.714461213411038,0.17210316749491317,0.4965366285539882,1.8985110300614878,0.11382150833585623,-8.923896515830673,-19.60172567722948,0.9955038563913566,3.2224566267016863,0.8789957800812342,9.233195213648912,7
7.341066327747562,0.4215057787878254,0.01998585536339814,0.6784470270521168,0.08233697233003473,22.59849612104565,90.6463887616055,0.9968514957850139,3.234980705705815,0.8024849724725173,12.02190635926752,8
6.12348252225948,0.6993141021158895,0.41745248269283536,1.8994269956786125,0.16076022633509118,4.830591158976361,50.08413022828964,0.996440067734387,3.2615790638740645,0.7005547803621067,10.835898013039623,3
9.783177458076246,0.40670092415436043,0.25887442927135046,3.8506778520234235,0.18209078046933036,5.5222505386090095,59.93746862766069,0.9972254978761534,3.270275923313709,0.5863166216011755,11.084930637509974,7
9.405342002529725,0.6280959590401648,0.31656651410361997,4.319982321166988,0.08273252888430574,22.87902082892398,18.458428289862052,0.9955032336386179,3.143704786839749,0.594080643121242,10.037874980338193,4
8.13140103157505,0.46189937880043774,0.15436561980603689,3.8444272353213353,0.1073698743217381,12.528385175815501,89.08315142642509,0.9944467635995107,3.328642616641226,0.5107778579059122,8.960958882313992,7
11.439282893281032,0.5648114056443121,0.6496274138241671,-0.011868613169210729,0.04059985909985295,25.177721505515002,7.866873135117295,0.9969174384532152,3.5151189816396657,0.6607699794787649,11.423561842089711,7
6.480855897245542,0.2704617220368665,0.5080123639805152,4.016403297725028,0.08264036246159942,28.101660953653187,74.45903660634022,1.0004302364363575,3.362857863095741,0.778555871381029,10.742549186308265,5
5.706607209427945,0.5170418899267802,0.15204576720540652,-0.07392607258089878,0.0800468723120065,9.550715396777022,74.08004670498615,0.9971644058525256,3.0777669402200027,0.5366365075098866,11.8977858041397,4
7.123756281201885,-0.0982271941801447,0.03307787861795347,3.7573642537712866,0.0992413516810827,23.932624959550306,14.85247487031667,0.9963368124421369,3.231130819013258,0.6536729640271585,10.186846047762732,4
8.222503772195655,0.462620768367603,0.22286547380443034,1.9851016628005227,0.10663802393185051,8.445391986071181,112.45132878094495,0.998508171610077,3.189694519979674,0.5448484211172993,9.938845483211194,4
8.713677063848577,0.17390535125697193,0.3869005292182611,3.4835466395073977,0.117991422441403,38.331159171321765,54.640439847178136,0.9966833607748092,3.31058789364696,0.6955902361318945,11.926897060304332,7
7.88989870164424,0.7411989033093632,0.34804116878924457,0.634572312947608,0.10188213281499796,9.07042995468785,68.5784561389438,1.0007360658499183,3.566090334312463,0.5666048247285085,12.50308358094719,4
8.898494174074305,0.6554814705529023,0.5506265649536487,4.1396346857886055,0.029462868668541767,26.260874409600042,-3.394986246079938,0.9969921749814098,3.270223440795823,0.5342832028800111,10.410281894002303,8
6.172382978876246,0.5933341963932162,0.45798394443617046,0.44903535545315565,0.04307664471294575,24.437900258815755,116.88509009928264,0.9984009941263163,3.2823690262259215,0.5444056618615557,9.571966753457183,5
10.75439982692454,0.8042012454318761,0.49391380515058136,1.5641631248055514,0.06267961902681635,19.160878221089337,6.589620972572035,0.9954907912352134,3.655528963763886,0.7455658915537464,11.291583839068505,6
8.160342996732634,0.31021669583503253,0.36537108012208747,1.1026675211233508,0.07588797040383856,9.29456838583317,80.8212522812757,0.9980061785066733,3.4752411983343316,0.6435526010938397,10.120577377212259,7
10.199402913699817,0.8494726395831116,0.022140253957801947,0.04400120604850155,0.14253871452360567,14.486025080585907,14.172533308254053,0.9975501869538875,3.414816256421307,0.5871683058999939,11.05918910794088,6
8.882633088842098,0.686438312852077,0.2608602937706197,2.6323385946238558,0.031853050657354345,-5.535881129445521,26.573369506026474,0.9968869877506816,3.6916263230603548,0.7044387654330259,10.114796428183372,6
9.076480472561434,0.4526889425562108,0.5120179479817331,5.0285247649717455,0.072129247591465,18.244200383822502,73.02888344821976,0.9959964844776605,3.3979622509588023,0.5895322430304994,12.120415420032995,7
9.268604376394748,0.7271240294365888,0.2896954142950708,6.233667311248013,0.13765047491070248,19.49615331028385,80.9092395512802,0.9957239396686952,2.902694571604495,0.8515080419265696,9.63056154444423,8
9.061104552029436,0.2787412975176732,0.40061807372474934,2.636018101920747,0.07500612627516938,17.334994190613713,5.04761977923463,0.9975647053279593,3.466533151576072,0.4944427538721464,10.928582628774157,7
9.392628691774826,0.3350971676944653,0.23625033695077335,4.063353785094531,0.1130207824921412,-13.733061712925576,82.9855815788808,0.9982578782193929,2.98159830857627,0.6282148428210621,9.862427832744665,4
10.559559301225134,0.37828205535205994,0.09403763029163098,2.824932493099952,0.08302289785360482,3.34363554910189,81.4843563393954,0.9967456744074117,3.3904010737164896,0.42118991231660985,10.090342782437155,5
8.6340859884925,0.394204458387197,0.27533118719077787,3.198436472675498,0.10283916286623614,8.519090171513374,16.047537508118552,0.9975745358582416,2.9572512851741517,0.6010313533786841,9.946738779763367,7
9.505306387900472,0.2886884714479494,0.3618094886065308,2.0209918884218654,0.07857637280952297,18.91658933189046,99.75537058850664,0.9969241706437345,3.206628917920016,0.3744619653898729,11.212468872702757,6
8.147449319711715,0.744616613419065,0.16886245610771125,2.773107695591643,0.12335327363641771,18.893389056429847,-1.0763017321852573,0.9971970520498108,3.2272430940780255,0.7868738088350515,11.410199426427258,7
10.748199266264105,0.44822911992603365,0.25285775102866626,3.252470186449,0.012747179629678224,14.297762080288209,26.38250476833869,0.9965991100346455,3.1459761785536493,0.7903056403909484,11.013512711825609,5
7.150133086499242,0.5705009936713759,0.11210735160280344,1.690156379573136,0.07183439958057275,22.352455366039568,62.80708659503563,0.9970359451587366,3.23022960056176,0.793308929533161,10.281218186580203,3
11.361598735948387,0.3859297267172639,0.5238489835128192,2.391507980149817,0.10482863383471541,5.737576246971001,18.83231260481399,1.0023960809136347,3.50651234407211,0.6649083216296595,10.554198034101752,8
8.231731483904618,0.13587933989029655,0.2411088484823932,2.4181978334035166,0.11668476240030964,22.10235005693996,55.70602982741825,0.9976232685976149,3.1572094175680894,0.5104220311992844,11.387493725305367,6
5.8676823263993185,0.5540114716782845,0.5905511090252367,3.656964644262734,0.16464763113769137,20.747421048398913,54.95551060050874,0.998290593916862,3.409028175902108,0.5239420925538886,11.422242745928367,3
8.517777505348343,0.11754900491604459,0.6057495701081816,1.0075549597212472,0.07044876665672117,19.775547328379105,40.82654909255022,0.9978760472106561,3.10687007207854,0.9201292493874886,7.440696805511111,3
7.142212182292703,0.48627319078290626,0.28379080705565124,2.427840907949288,0.16397408809304365,14.179595689143442,74.46921777348847,0.9964743663534059,3.262100084721574,0.9040651076459655,10.100555611050035,5
9.729094033280832,0.2263369922334379,0.09831025349053005,5.176807656673777,0.05704880866701647,34.30743824831262,39.464093842297906,0.9995879784265833,3.36476785326549,0.6808343766816312,10.153315329416566,8
7.190539235185936,0.8974551998461616,-0.11717957554666747,4.129684213620313,0.15643232057723216,20.931956884898785,54.64085527085559,0.9964176724591474,3.1006943166762877,0.5723422142063445,11.136177820538778,7
7.541488163534876,0.6822725444349443,0.0055925853946416915,4.388850668444187,0.13087335633491862,6.3166413674644115,84.83357195710079,0.9991101090978851,3.037655913417862,0.8926659818587468,10.32655210051818,3
5.087780757392598,0.5211507582542961,0.02523303502026797,2.5342045762492478,0.044327071018388856,18.48305475735984,73.09264493085273,0.9963315860038671,3.3983756301157775,0.5419344625645823,11.191101719044216,4
7.53107925727657,0.7527413355309338,0.5756939254923009,2.9493965891604326,0.10535196186259109,23.524833770742184,72.93857059686889,0.9950800549617119,3.5246160798681276,0.6989043653763043,9.213473151866392,7
4.179405144730774,0.33073680450685283,0.3231649174453892,3.9031306333840954,0.08743820822339042,10.118914010756905,9.077073126846251,0.9977307924164723,3.2841869961025254,0.889832741917738,10.686059967006859,8
5.6073652000742715,0.6086958757340186,0.3779209048183976,4.6843577413433035,0.12127922968375002,26.89272246931099,64.31815499154362,0.9947906632877958,3.208537418688659,0.5178224550570133,11.390226218795544,6
9.592704915445307,0.5399620867437427,-0.14408420178702525,-0.2322440780360413,0.07883642057833451,19.820337057160106,18.00953989800634,0.9980712804500332,3.3311350775376773,0.8009680095583092,8.778178843750037,7
9.635860269706415,0.552804016266734,0.060406714156547664,0.6583821701302162,0.07463768871691343,-7.4247833766534725,4.71330566732513,0.9946116826878174,3.311095983753076,0.7484953352934579,13.165007815029794,5
9.02327785503444,0.7544707000213535,0.4774159552892574,4.3332217419637065,0.15845472913814257,18.99671977337926,44.633690572596045,0.9963619839390543,3.34858050814225,0.6532821878206346,11.709974526153172,5
6.656140556680339,0.6464984205559605,0.35735482247651723,2.112354901923675,0.08506395527721634,11.939708455872847,17.158258840497535,0.9941365406069506,2.794350979937257,0.49111628814737035,10.401488632712207,6
8.218890694558635,0.5577447325650047,0.2705589442628805,1.5595908950386919,0.1313211162095883,21.37179814541736,73.09038472171925,1.0026483340188055,3.086179141766807,0.5368452407824431,9.488751082037355,6
8.293875683546034,0.16902251275434077,0.4129684717200245,0.7441746182061548,0.07873242574779,25.442148402518143,73.8796701699457,0.9936920808807673,3.130953978912629,0.709206682384612,10.207406334698923,6
6.330780028372678,0.3079907409441073,0.627159561227163,1.7229766178382468,0.17333316296137616,17.95162047141818,-15.786665802237586,0.9970196274807928,3.330173525702312,0.4180327448701643,10.492182595572475,5
10.855777113004157,0.4754582132808552,0.25579150729258987,0.5366830032066454,0.056083268533225324,32.65252233944696,19.66601619396263,0.99928660854866,3.3371755767244533,0.6822264560331025,10.884728812493252,8
9.791515893978643,0.5186744748553302,0.31387396053161387,5.427531981825467,0.059292823437640765,14.212931154365043,-1.1729601732939585,0.999072771817174,3.427236097736807,0.7519786672904828,12.050726934406034,8
7.924360904489572,0.27395925506521523,0.338519383746261,2.468589527227197,0.16622585905579515,22.248178230538752,31.73323387243461,0.9987026842443463,3.351516349842087,0.8274874293775472,9.87629168361287,7
8.345705926290703,0.9823353351156843,0.7784219270547985,2.4188692415321955,0.06775268045523736,24.049425736373472,62.02079710567121,0.9963655432235571,3.0398529859225327,0.42227929734176217,11.018980821329817,3
8.65425077351084,0.8032788110507145,-0.11987125288380512,3.3233073452349644,0.17005371530821964,15.026540311072672,39.00449276011319,0.999702177892674,3.5894009235170117,0.8837620405174166,8.978327921139876,3
4.829050723678707,0.6204236640784967,0.4366446029577616,3.8472832369731975,0.13459202897974065,23.787743079777822,27.537945057984533,0.9988267821816044,3.554383660684473,0.9482117940105891,9.945039214242206,4
7.879798449714986,0.5144073722567489,0.27703955024818727,3.824243419176495,0.08226751467195832,10.053270128378312,89.9058253848336,0.9974245992353209,3.0483605419946147,0.729725766511311,10.814388532656295,5
7.140626778403743,0.45755820601976965,0.4133543452368359,4.0030707214706,-0.0006646736008579374,11.774315809787815,-29.06028669567752,0.9974811615154532,3.3665410588748363,0.4835317411578077,11.160388740109685,6
6.597245983178644,0.30961630799555284,0.16852548920105512,1.6168162288928012,0.08903408478640822,2.875113096636875,87.81677248610143,0.9963921547047693,3.180915122951397,0.6042214209787591,9.571444275668918,8
7.822129502093877,0.5154961037037725,0.29020699382830994,2.0829864730603944,0.09508150267667123,18.41409116370047,29.038486325868973,0.9951806959483339,3.3277727978401095,0.6519084683298538,9.915129134386895,7
11.356067095644189,0.5515505080285501,0.442282115893099,3.5766443176191856,0.14836088666521866,19.25251675854344,44.42240266627795,0.9994743019509574,3.510662055928374,0.7059787964841947,12.006612299141901,8
9.389432864153918,0.2516478849036751,0.9225820402087683,1.761655313704532,0.1694223588120056,27.792631585792293,29.59700985523642,0.9996244159872031,3.726020853264192,0.6637368639494124,11.67809948159085,5
7.328995717369246,0.5668352834489795,0.4616072378804143,2.492850715161885,0.05575064104281261,23.911400043558835,97.91530748279091,0.9952317817179401,3.450255541028522,0.7077980742920849,10.629302938757604,4
9.27339072830547,0.46894819023505024,0.13038688039389826,3.05826927019474,0.13005908819940915,13.152044433525669,6.377709605426439,0.9966924296697076,3.358986947022027,0.6445730512523492,7.939690331457213,8
10.678904242196204,0.11843848842452176,0.21524806359545934,3.599259115234527,0.12827010780066747,4.218203126657231,47.38730020082388,0.9967131535670821,3.2320357663383406,0.7050682060670813,13.16224580245901,3
9.871877260951708,0.3279229978440996,0.20931717832322916,0.011246652681718317,0.14367063512052225,20.32850402519974,64.40547551137989,0.9969346881925194,3.336426974202235,0.5817110184025767,10.378075282177031,7
8.401371628864297,0.41727889331567114,-0.05912863452600303,3.500643909844523,0.11493449560677722,27.10753172414642,-6.163091340210528,0.9971285897571751,3.5719543786656627,0.6025082581129804,10.05617623617654,3
7.200207477900525,0.877537531468038,0.23398196165971252,2.1727863190075842,-0.007124884548088503,23.551849738039433,16.64336037527693,0.9988937229232924,3.2910582486480826,0.5620757210189665,9.825404081560475,7
9.486979633143104,0.6113106249067517,0.446565816364349,3.4904407952101333,0.08222887837361201,26.844775248572876,42.11010839455844,0.9955055653830265,3.1227774697304698,0.9859341208656922,10.81400374091902,6
8.968925155216976,0.23290368618002172,0.04515357618464094,3.58770436929676,0.03221462125415423,13.881104688017574,17.740053855415635,0.9953073060169747,2.9760620268966744,0.9088631336496349,10.825240848088024,7
9.821828474047145,0.5972072578835275,0.5096965302101185,4.75108108556682,0.0798697113540963,11.333810318243545,20.08547154976805,0.9994732394842859,3.40260957348205,0.7544000123023147,11.445690660439164,6
9.379792062859348,0.1905392022123269,0.39755496421686765,4.394835106669684,0.1390002118066947,8.630986477682011,35.454532118477566,0.9960747105162374,3.349457625125548,0.8853025295355156,9.381331619216086,5
10.08423961604287,0.7165382107774146,0.15315333560579242,4.385200327654415,0.10525754179374863,15.441035333864045,68.43618394432372,0.9944739292928458,3.1708183653475404,0.79573842762624,10.056255634044613,3
7.390100140347036,0.4057750696364243,0.2716940725324305,4.521138446832733,0.14740454331987163,15.214092040311806,35.69031336302123,0.9960297401158003,3.5052028251414593,0.6908160971173894,12.633600295546623,7
10.539569911578354,0.4812727622521658,0.6196643615282067,2.907930578742324,0.10708769603567697,18.066776285391164,82.58806441760723,0.996339894529512,3.2156446271224737,0.4040528720266538,10.64704969657499,7
8.63591932797708,0.765159329508438,0.4467095627011731,2.5450591218515757,0.025083703016554867,14.70702542964492,14.073993172241295,1.0001099254554515,3.2730711816350406,0.6154321335787262,10.21022318934058,4
11.827943483462953,0.24256728628315,0.3017567309796296,3.721943916449668,-0.03604235032863673,14.663722702732287,5.6865654043760685,0.9988496524247534,3.296667173340411,0.6030435583568802,9.364220457857929,3
7.128380709247735,0.22057636297740174,0.2524633366078031,3.524913332006231,0.09744043808397951,8.233059470278562,110.56939838879742,0.9992950412332645,3.229809451572382,0.46737722057433334,10.956527736402828,5
11.251138465380924,0.383280134730799,0.3153218140903319,2.0673072685664358,0.07930367668244173,25.41619013551491,25.287381787038125,0.9986399472846935,3.347173013149914,0.4073524133168753,11.53412003874669,6
8.636448331886502,0.7076757702038633,0.19764728841153928,3.0667527723315753,0.04115271303090589,16.765180622437114,3.739903766618724,0.9988924873432307,3.5303030291866,0.7437622889163943,11.36204641039079,5
7.192589393855439,0.19613078490463148,-0.12094990114380294,2.450864946501568,0.004968637517431096,14.255560657147178,-10.4877800784704,0.9956238357468393,3.071503620376315,0.7151657348030382,10.115319050030191,4
7.477394082107654,-0.06643111962211379,0.7084355821069461,1.3044939281559218,0.05326283932636453,8.525707467507953,82.47841397569499,0.996602795689293,3.3977040276948016,0.46154251338850594,10.79737751169989,5
7.755409576069656,0.40976822831820026,0.3310649998398803,4.30664503792689,0.08027542575676119,2.680868896089141,35.73695101621804,0.9950201693739529,3.334431733921288,0.5332006539058478,12.238825380313473,6
9.021082108883258,0.6103481599821841,0.3796294530245074,2.5772789395421247,0.1232938911853195,29.079641925493437,38.62757874280885,0.996579023938926,3.330752765908941,0.8574077864362079,11.577970521388616,3
9.18882032966035,0.7400523499477658,0.28841845002461824,5.36819156077839,0.099431554078399,21.546387081318073,41.746343517640895,0.9983682099818695,3.474368913974818,0.5107915927021848,9.53742098358735,8
7.324709993304417,0.40736772758292017,0.1529766398550824,0.22431082172023453,0.17040336235863646,-0.23917842569967007,80.42711519410278,0.9972691665696245,3.3098594850434315,0.6890358136687464,7.5993944289163835,4
8.25859719315633,0.4177146785767995,0.26281510381024586,1.7205097180192872,0.038219797197730276,23.63142300709657,41.07551547879463,0.9996229616379206,3.3960458523811403,0.6277376890734433,10.72644975779266,7
11.941859609640169,0.7307801468511494,-0.019878952438862285,2.5456943713672198,0.13405294460287168,25.224811702331092,124.35377470147667,0.9947171684155456,3.4431729259142294,0.7460817900805508,11.278424939423276,7
11.23682338917121,0.12605166006091584,0.755417299610661,4.09233353668048,0.0923649371564364,17.243761223009294,51.41409894378957,0.9980004767013965,3.1991269599238783,0.5144616990484069,9.201853058939411,3
9.041750238445855,0.4222958449633981,0.05309760031552077,3.059257121643059,0.12473345620592924,31.98110895751759,82.03889730962459,0.9945033943962613,3.3598366921627596,0.6753141911818182,10.390331525664944,8
8.364605912885942,0.5380847779850115,0.09360674323056409,2.934661855853052,0.06817425683672282,18.16719642122883,73.57291531084542,0.9971883529383473,3.2498424785578734,0.6886828381487992,10.109931027539615,5
8.504053255421045,0.5898437442570068,0.21194815912271991,0.9218306904241942,0.1435840186945295,1.831764720508101,45.79723843148476,0.9984806668451129,3.2734636440560205,0.6991307370589673,10.51471495445542,7
9.34298055364171,0.3980386613618235,0.5576151449704755,0.8802820438787402,0.10476123791726213,19.65169001048321,27.62995746132471,0.9965709948663516,3.2355877207043333,0.6734425558536443,9.800834084168317,4
6.561252639162712,0.5068882023411683,0.3029017998525308,2.9515065244058665,0.056027750754112524,18.448973017127294,57.95480964269627,0.9981022532081739,3.394216080819377,0.7185835845009988,11.819562097390794,8
7.862459886380314,0.0023345293174020787,0.05277284079390748,0.5902516086542984,0.08939879855434059,9.967031512218451,63.833258129840004,0.9950805353303341,3.3163289418036506,1.032600956448638,10.562765768696039,6
5.463407074408099,0.36835031753323033,0.5508676721514679,1.75537114959494,0.07802220705314503,21.735588368774252,28.1046604118246,0.9936726200436072,3.378908806863335,1.095420622051088,9.433081425218775,5
8.978679308428976,0.5907017425108935,0.4462001253570963,3.2012842607202003,0.11445891753188968,-0.6766526619086193,52.48918257637164,0.9981140592449756,3.29649652742085,0.5513332560662573,11.409208368953093,8
9.40023309749466,0.3035411931490641,0.40768699144329046,1.1247460188125138,0.03101116253127456,25.905668274427896,87.79476428256666,1.0004880204681514,2.9791757975059348,0.2658986933400752,9.009393644409124,6
7.478583014091065,0.5117968443179195,0.44314684823416806,4.747498347306529,0.08853241489421527,7.218782963945474,115.3082753892994,0.9950079101196602,3.3062736832199415,0.7612342011227355,11.812943815288646,8
10.975777497593057,0.5893745001605396,0.7788723801164902,4.213510881933046,0.10976536263246654,6.1505387488296765,75.1941875715309,0.9994443883602135,3.312707591031363,0.6916629181832153,11.49016536664482,8
6.21619837289602,0.431490159828447,0.7370189790072225,0.3000120023263797,0.09165116535965166,14.86175227692523,108.47106965054931,0.9970868468176328,3.348519187430692,0.8403771160612087,11.928752824852864,5
5.810562703643306,0.5340927541993141,0.16265693139934093,1.194680259545218,0.15734706221944977,20.329729280436354,26.23065103018696,0.9943286169566139,3.1812541612628515,0.708430602951604,10.225928990314223,4
8.681568091551954,0.3074534869430775,0.6247769985622305,-0.7000881422929299,0.12870113870355263,17.639240635934296,70.1621143179567,0.9947369893972957,3.0609060566668975,0.6699626697193722,9.854274622238286,6
10.080067114440663,0.45867774406079065,0.37663363795178006,1.4043720924326135,0.08962596016296266,8.573408342276217,91.17114378318198,0.9970315695467213,3.4249213289788556,0.8519141212991279,10.492423937026404,4
11.162677075478378,0.6220432339178446,0.39981916322754985,3.572943867201359,0.10083445487488366,10.939107088081116,17.421000011924136,0.9961910754241518,3.245278688693166,0.8756927000303532,10.307119535008916,6
7.5198967531228025,0.5313945921936869,-0.03845416632866577,1.9205470808152003,0.10478327757409997,4.669576526225381,30.975526302514695,0.9943741740464835,3.334248809536999,0.4242847900072303,9.681990085880138,5
10.133757416833204,0.3826937460872129,0.2659228469223608,3.1451161410623545,0.1101649802083412,13.753200983701298,104.35085714056325,0.9936119214375492,3.2437079840223406,0.5211769481862708,9.791014354461794,4
8.234535601848798,0.5448432808581586,0.137435281932687,0.3687319544055585,-0.0012828997832304012,26.750212145109096,14.821737759030981,0.995306561344147,3.2987876348452807,0.6420491969209248,9.99698986800689,5
8.006533590100608,0.6429219581273236,0.46561176297866186,3.6171653564146675,0.07492368521153264,15.95737062356124,2.742708922361544,0.9973876180166622,3.210142930412838,0.6767343960671792,9.11299594491615,8
9.802221893727344,0.09001174428450437,0.514216100080561,1.7228470809003102,0.01577804659032868,24.59414254759453,97.42339193010386,0.9969871984947937,3.1063832821692343,0.6215828554301177,11.145759618559268,8
9.408948893302814,0.7318148129911796,-0.11489727020326229,2.517037555196067,0.15391404737297432,30.554013377261917,86.49318642435446,0.9959975240849999,3.3947463321537312,0.7338152202365207,10.342473148671893,5
5.620133333126777,0.43274905226378557,0.2955930271991459,2.369975698049726,0.08695752399985361,10.11981480963033,61.25996805146439,0.997403774388583,3.1793759823547756,0.8293378141839071,10.060783683842988,6
10.810118594534023,0.585097986648046,0.5243723009588505,0.7198320707508028,0.08033295251601885,14.134267469446353,45.491545096687695,0.9990800534397254,3.332790296178962,0.9528606508225238,9.178610422964155,8
10.64615530205067,0.7394493847290455,0.262664207537311,0.8856819355643049,0.13483986660166175,37.71192861062495,32.528691315035594,0.9977882530208683,3.3820920443804154,0.758415214041393,9.12358972456579,6
7.236543407433801,0.2256652605539068,0.44581272900047286,3.8549122566047966,0.11111623987249374,30.443434119799452,56.30431283569869,0.9967573826572208,3.1826374568793834,0.5151032746629713,12.529505455794654,4
8.972866006843596,0.3581117995144907,0.3702330935254168,3.0585890205023736,0.03356827428103964,-0.7240452581235246,99.13362959425115,0.9988561440133213,3.0592228731254028,0.6349460417163709,9.710016790852274,7
9.139851316680657,0.442290260824859,0.36833204639052525,3.9700686581747973,0.08645473187363156,19.871483160609067,54.872682162688506,0.9950802993955674,3.7852171227706104,0.6471901189858753,11.07158123363026,8
8.743145401900643,0.3432492957751143,0.2457370043863405,2.9545215297035257,0.07324165133868075,16.005599923396954,118.50965581914987,0.9965501609208893,3.1944456248109145,0.7474888407967971,10.578897916890195,8
7.364481238462787,0.8469873151673617,0.056683839172858075,2.7001868887329032,0.0027733555696972945,24.264531108587626,17.367914473872396,0.9965978241287993,3.4246834317202315,0.7259885656837702,7.347292692781087,3
7.158240274505313,0.32864558123464144,0.07569397051499449,0.083585133866527,0.055486188338139765,8.550212325149447,46.35053510716711,0.9945260934831143,3.6878927099140246,1.0085674306889567,12.371695905452452,6
8.256558079314544,0.3888906441026267,0.44187050289106344,2.1214866245343624,0.08082298389917672,7.603916279593278,34.68906396709079,0.9961602516754313,3.4579815493707784,0.5815427670066656,11.152492376653727,5
10.29363933274092,0.5408778063205953,0.30389165110377664,2.4616619514347584,0.08425245342540787,9.239292847063904,11.190329075643021,0.9928500806382093,3.2399114382344893,0.7254075907403565,9.55556283026471,3
9.224120262810535,0.2595700947847822,0.272297551078555,5.234350077581603,0.01588842881613456,10.280714538015673,41.94823681068137,1.0008243560953258,3.2865767224929776,1.0603009376164958,10.368796845127445,4
7.66995563545362,0.42086385764874723,0.21522199153552946,3.4617392849381483,0.1475832791523738,24.153241668090143,60.771866954794504,0.9951251724231274,3.1334785560522302,0.5605148275263878,9.135898295855968,3
9.611887808102187,0.563490652250035,0.23896223090384963,4.650485654393339,0.08489484705542805,4.1879882685112,64.29959593841699,1.0001722282628427,3.4763392853915485,0.6846752783489605,12.408842526307247,3
3.4574775449288726,0.43342791912349776,0.5093823588976278,3.3365527882526194,0.09187765383302814,9.77386100040681,118.62492190517035,0.997076169011439,3.4132541416117377,0.49937031480891736,9.40157652093439,7
10.252901690632577,0.4813226282200103,0.23295118362639464,1.504175482270729,0.11003208191699183,-1.8901239050144127,62.32742650087747,0.9981297282643119,3.197114836347651,0.6739547729366634,9.824607603635876,7
5.342486576077231,0.39413357751032585,0.03178705733968623,2.6639739026097917,0.05059618730481644,26.071178234123728,84.95451452142733,0.9960224004032981,3.091565038580311,0.527363084816601,9.597482814037651,3
7.683850399614676,0.19710593816384658,0.4487303551080346,2.8307131047699263,0.11281779865663481,28.710300994311403,49.181110127866205,0.9974158593839233,3.0357532524672615,0.8379561535935289,10.488417340230088,7
6.396561179135556,0.5643186422678477,0.2590246672270565,1.1851822023210457,0.07164626769909084,12.729265691362135,102.37583481493564,0.9983009792799769,3.49730280076084,0.6850442060353372,11.907348150153245,7
6.099041491274461,0.8509866143294483,0.3062791731065553,1.9618576727699104,0.045170722967640416,13.02050635186777,126.1488264244063,0.9983291048287883,3.324074625791112,0.5009824658030101,12.368311894004673,3
10.273405538543484,0.5036803261566877,0.6215156612799021,2.2119262088519593,0.11867237466776995,20.532219022828972,64.52580932220634,0.9985495467801487,3.34299690726655,0.8028965086245843,9.961104241355473,6
7.5049079577697855,0.5450528234495099,0.29588788852989856,4.747867765591165,0.1645836929400904,30.744820073782556,14.242252490097819,0.9962633345799217,3.1354102748275285,0.6905432266081699,10.816084880549715,7
8.889056598942217,0.6385445510233719,0.35783673462374505,-0.41303673554736964,0.1262414686742916,20.086107475639174,28.889434248353446,0.9960392806550172,3.0072993793391185,0.8219791921279873,10.490095953864481,3
8.220235015905388,0.24613390069066016,0.0642153017403349,4.18814578900246,0.13614887825702154,9.024580575248855,56.303832005770346,0.9938116473494648,3.4925227149423264,0.4648973532488827,9.320229809111536,6
9.110969406279308,0.8405029316259212,0.25606610952980796,1.1884866710568642,0.06396846967188505,-0.1882257198644055,62.06443516327131,0.9980464380223538,3.308407807399446,0.7227001500822725,13.064811132055539,8
8.430597214802434,0.5404657592845604,0.42190520904172024,0.5790891378225405,0.010119013541577168,4.848737373365124,70.04802943468428,0.9991647574226469,3.481446932011524,0.7914680880896006,11.899035518525881,7
6.118913218879433,0.8263713798178218,-0.011074746768248489,4.15191898205385,0.16450687610499204,16.73219450312465,62.186523480591354,1.0002319633598358,3.2228133746968872,0.5880258266599249,10.608027434682139,3
9.993653593060138,0.3533934008952021,0.3401690186231419,3.524657296928133,0.192725744470238,9.446724767992055,47.23050223644598,0.997610345269161,3.252636431392628,0.4459695364154143,12.140063702848886,7
7.460613808625769,0.863612384511565,0.32015821452896126,4.256326183333666,0.1671403386884841,17.949677059907586,26.005451440329754,0.9954670404541829,3.442659635324126,0.652926725787033,11.733317383989586,6
5.653810772278424,0.6550310988069566,0.30825749111748785,3.6209827265638075,0.07321070305101252,10.47075983763766,60.237562621719576,0.9936058077134211,3.4464696159301047,0.8687795999427579,10.490047475189932,3
7.572204226357949,0.6106080171704718,0.5074317797316487,5.383783002432363,0.03226828306355778,5.4185356870558845,108.21458279686166,0.9990833334661667,3.4595131245371906,0.8514081562077896,10.758559965860792,6
10.85129164407833,0.5468048908706296,0.3668877029697043,3.2822133717222792,0.03671586510902167,4.22968368546929,80.6576439791159,0.9934074468664449,3.2409597493794604,0.587167166091552,12.06333875661432,8
9.745376961592939,0.4502942763851101,0.5956143796712888,2.280931673427578,0.005813371619297555,31.623545093732297,64.64523033799453,0.9963187918445124,3.4229094475301736,0.4418754758160048,9.359231060757352,5
7.70729137150664,0.7401063316947745,0.10128209688119275,2.9800969282498797,0.08463106907949773,24.88987749183643,80.97570848615078,0.9965513863441127,3.5218198930953437,0.5866994475405727,12.241059767053473,4
7.706261902658672,0.5280719739696094,0.32718491344366957,4.240856779684349,0.17028389790412274,33.30517951827959,34.75488704627187,0.996861089724298,3.2790455976636927,0.5803587993755749,10.152376183246373,5
7.7532204129304505,0.10658605928256953,0.31689335727798945,1.4088745446358364,0.08291686840638783,21.39950900755103,30.227250179250426,0.9970716052000717,3.1973023272451893,0.7358959531618122,12.077144417132324,7
11.83047157205343,0.27656270765859947,0.08614910124898395,1.587355984456067,0.10511614501741375,11.70008591385161,22.3230915559226,0.9972762951127352,3.568549520663353,0.6421497445062994,10.394250742790899,6
8.949290268793641,0.46283084956145054,0.4912590004182692,2.0674559795629297,0.1587798482152104,29.23340922489938,42.865541448608546,0.9921692734758429,3.1691108532897383,0.5319450840046859,10.77136684472027,3
9.03107080022482,0.5619997966331111,0.7649346611705636,-0.4464159182714651,0.06979523440838001,15.669319986382321,33.07380540860035,0.9970293118197403,3.425895299422895,0.8477247214343135,10.362260807770296,6
10.051481871854133,0.48868230222002085,0.2965987851032338,2.6933097717845658,0.19177657283597974,18.208417702903525,86.87306644152059,0.9925408488517763,3.2883155378960276,0.6838723974656219,9.81497201490765,7
8.705941570345074,0.7437941579587326,0.40100421765475336,-0.14058018553143636,0.18960472037487267,15.57175620924481,31.31432721648777,0.998464436146182,2.931686876703088,0.73402066096426,10.102939612041258,3
7.859628352104806,0.10977962719227502,0.31690369516306544,2.5742830381056665,0.08344443306597586,-13.469042192840146,20.51018336457776,0.9958897496883927,3.525718813495716,0.3667524761976846,11.917022543485425,5
7.966205256555538,0.528717587301032,0.15728306601856482,3.71140565858935,0.061123286799039354,32.04735012294853,111.10504690141084,0.9926859265495533,2.748429274090526,0.2478749719814614,7.854419619060285,6
8.178277858996092,0.13640415492256902,-0.06415205556040326,1.83237295509863,0.12486190231951565,20.910039459577533,32.104617374315666,0.9953715906452293,2.903174386648478,0.41561721715445066,9.03713746071468,4
8.23672219793327,0.6519424590968337,0.15884530338092695,4.847962218261619,0.07262375287405709,19.2982306086851,52.06643908926158,0.9958598493216307,3.4054660158961343,0.5783076176468481,9.601981119706087,8
9.536970224182866,0.48110825711159944,0.021608323809653718,0.45529874081411714,0.032172239146633176,15.382239377294393,61.893653216532584,0.99938139923511,3.405414239735623,0.7579805229943475,9.213820728320377,8
8.38830800587241,0.5839219944048236,0.6408204156118236,4.167764954284565,0.154061932676149,17.63427820386131,9.489127075613098,0.9973932754835005,3.172484028424493,0.2618180320307593,12.060977571457038,7
9.545488131266485,0.32722340788204674,0.2769780612153522,3.445191878969689,0.15082236936385401,10.027210641537522,87.77096439360128,0.9976888898887012,3.3295644180606487,0.9307848509432379,11.783444675638526,7
8.16278181381541,0.7558929863315502,0.23081613419056585,0.09755345236503565,0.09777558018817804,22.16579352307271,68.02492833357051,0.9993624432684411,2.793713990844399,0.6889962245509215,11.051234990334077,6
8.433679823537355,0.7083449328117702,0.47783076495756116,6.295112018656745,0.026856762313591104,2.9290165560086763,98.4266723920658,0.996807711424151,3.4413950928941195,0.8912501488014848,9.698415525774712,5
4.903058836295418,0.6167088606023775,0.0756497794288224,2.410756600294447,0.02852368743913069,17.860684324705467,24.58567607180269,0.9985083759220648,3.3499450974107194,0.5093850859793981,11.86855705347355,5
9.85775704699422,0.4740965506273118,0.1466271923990895,1.2715223689821158,0.09536146442095764,21.615734705711045,50.27115115171328,0.998367722227864,3.2908714293332406,0.7456561888093235,8.653057081404901,4
8.889030409026589,0.6159714570590265,0.3136144538497242,0.5300779273023766,0.06500644827474839,14.01330866177097,48.29873991480844,0.9944270610128612,3.3041682964275543,0.6744833080950339,12.75618090416273,4
9.996617186761409,0.3586214864025302,0.5057537982846961,2.191974761276456,0.07294535339291959,19.708677924710248,55.70832031355072,0.9999459671552596,3.3986508352386062,0.7990066732192742,9.646907223104694,6
3.376365857070729,0.6711111318041424,0.40033700903375763,2.3216303786540564,0.14109815775300016,6.086656077657498,-1.002286703046316,0.9941593964398586,3.2942196953004275,0.6202554675080482,10.111761255974418,3
11.850236998127237,0.8298961788647843,0.34966502850317643,2.64370373995553,0.12665896587112788,6.341732291040358,50.65760049684334,0.9988347332989557,2.925188899453756,0.7404465855312901,9.927721764455814,5
8.062697632136205,0.7141221119958372,0.31562354704720325,2.083085381286456,0.15890713402488066,18.367171210263933,-0.07330907698359113,0.9939658539261887,3.7392664469045043,0.8473732041911041,9.219581844491456,3
10.18391078845378,0.3540795060385181,0.380047171105355,3.3865154341611308,0.04046883883113711,22.785496546210517,58.825024349498406,0.9982024735763033,3.54016016388569,0.5493000300383982,12.517624436330612,3
6.532159923886598,0.5722834634546206,0.3403305810258509,1.957318234271455,0.07284042156566439,-2.74865655501711,-23.24542110911115,1.0007238297563004,3.0430110676090343,0.7011815195232405,11.267784093862936,6
9.341715638606368,0.24137169124827046,0.09400554504461284,-0.20894976413665933,0.12794908477300565,21.220206351107667,-14.102365531589356,0.9965740426868995,3.2309725539046816,0.33906341967220077,11.737017596287767,4
6.509193542604786,0.6144780622351351,0.30921584432663024,2.2908939060905023,0.11240391705064459,10.567984996236628,74.01210764251995,0.9964872887142937,3.2527931619687918,0.7794255132407708,9.053963800733152,3
7.2395927668171325,0.5901206825725078,0.08526226821644947,-0.8144687147225893,0.1666190191293811,14.071939126925875,28.95433097857217,0.9982208799986337,3.5157699133017926,0.9922926323886233,10.599031609704399,6
11.553853301573536,0.12603673209356714,0.31621650858016476,2.9952788832479453,0.11102683529520346,2.604820764349629,14.400683570136053,0.9963412070880749,2.868146212936046,0.4484458718827218,10.973131558264544,4
7.975839918702311,0.2676432312175272,0.2038704117023517,1.1289796776043106,0.18240545520527762,7.483827598132919,88.93790549549308,1.0006365574074856,3.200198347114042,0.6444651857272496,10.697832175904828,3
8.66963588440553,0.4433722206512466,0.8078763245565723,2.728704496882121,0.11700089008615704,25.661253255303112,57.811665171837696,0.9973843844989174,2.947872711332499,0.8096818211553993,9.123589203825201,3
9.779115142170882,0.4398280505718347,0.2920211232496576,4.339704974134445,0.14310837237943302,16.328633739802132,75.77897645261487,0.9963596609835585,3.2429808968343323,0.6653409704893136,11.5830500232437,4
9.142659209553429,0.25810461291623893,0.019152086747682207,1.1717518266248,0.07382425266077713,12.172215982904415,41.51401161341259,0.9959194289442086,3.205499821383019,0.6880669237538484,10.53370509106367,8
8.55571213874408,0.5777957458704368,0.27316395786461506,3.9857587619169648,0.09071436059419945,14.835116473689652,135.4277468987001,0.995134103059654,3.315938813476542,0.5935300949409814,9.349539560792698,4
8.920433704192584,0.5502947217881025,0.4038717491275776,1.8932546066393856,0.13554722019197377,20.89211824664301,27.051042601526763,0.995744490026485,3.179025120198163,0.5872141169750545,8.359224406492071,7
12.385806494905069,0.4611461736042961,0.6346727892305047,4.954472722891819,0.17064890852965273,20.404944961633376,104.56835312887631,0.9962986532126828,3.149795321721895,0.6452619938904858,11.067333164838868,7
8.202048045042906,0.34884169996832737,0.18210952001225628,1.9887863415225013,0.12646184746553765,15.249729996031991,44.97492067670287,0.9960247218530028,3.4239313383526295,0.6670841417636906,13.095501307544652,6
8.641868379415445,0.7097414252833127,-0.016485594804728054,1.3233098202906322,0.08584141140326902,26.929591108966683,-7.5988430321206195,0.9956836494517258,3.390934548188516,0.45915498553185735,9.28322029931909,6
10.08611247321294,0.831081422617659,0.4633674022861962,3.4621338305534035,0.1588667514764171,25.70462636906666,62.93400860968758,1.001197682460705,3.4102796685556482,0.6487762623891752,10.587491755454263,5
10.179394086028573,0.4032877032306926,0.023880258820069722,1.8898943785269098,-0.019598932813994052,20.13372029130396,57.3871645280204,0.994939809847021,3.264619981901831,0.9266507695805856,11.621547007000736,7
10.317951519452647,0.37756661656903584,0.21276891169850298,1.3219706802193882,0.01888827492465632,16.546117829100705,12.306380130105417,0.9972932651752924,3.185652283554962,0.5887472550898862,9.003382507288569,4
9.385841377449614,0.5982415330823992,0.2484759028978012,1.8310242090146924,0.12408171118341946,22.573210951195392,16.566763854554413,0.9981850420195217,3.2762295035958457,0.4496666529113133,9.872047554006473,7
6.356891648358179,0.42839412405060273,0.2860733093399784,2.437550854943798,0.09070541781265624,19.142674218011834,46.184977778195254,0.9982602159911674,3.4002324140136904,0.6342592684423075,9.453825342812458,8
11.076833604911863,0.4721205598673532,0.43783289141486714,4.379052183742796,0.12027568255620825,26.608000718059476,58.54167790318339,0.996882785848435,2.86464405980563,0.5385158219388696,11.483144364307002,6
6.3512128318682315,0.6479306303449343,0.16327314354272246,-0.20772284364340754,0.0932203761215971,24.995613767383077,-34.53188833502023,0.9965185948563053,3.3788223860741713,0.4324818896952703,11.858074826289466,8
8.814480290906356,0.11812878249854142,0.24525414956664784,2.532312922530589,0.11854728473019363,5.817460985822715,81.75300793328549,0.997903094982479,3.3618276374669596,0.6836586384945456,10.57493989120491,6
7.017731054967093,0.7636604649705339,0.2971459294101223,3.37486503251566,0.04927985895034046,5.140368292582936,30.681566864105744,0.9975330432999564,3.3124301812171453,0.5392520536843167,9.474092524106489,8
8.190964810791913,0.5145361048658683,0.3299195915037576,2.7708280049885143,0.11852430430398453,8.987504555959237,3.0523330148601815,0.996482082330465,3.270137315625665,0.5537985916349433,9.912929968279368,6
8.858896097515917,0.41770137108756394,0.3195654349415845,4.333811237206948,0.13972072641037922,25.761386900669212,78.05519619791372,0.9938762428565512,2.7867761228135173,0.6860826546655162,9.706451634328571,4
8.846307266265464,0.4821531691557102,0.38720115504451597,2.395916538338066,0.15102753019656162,0.23691003228754326,46.220606679190944,0.9960641525553335,3.212029347379919,0.3993603187884031,9.325004252214693,8
9.017265282199984,0.49248587100410374,0.46876790192834744,2.241627980939677,0.190677714732435,19.947573891079934,87.1334706338144,0.9947068996725851,3.6578877422154745,0.3639331594573088,10.28775797909969,3
11.043309157399701,0.1537597393110149,0.3785268231301936,3.3292613658186805,0.10220492217511933,19.625430910929612,61.45242467833193,0.9956656808998673,3.302580259113661,0.7740482730653284,11.032309132908049,6
9.071008312573767,0.7989876454906473,0.3907171047018437,2.6390393409318893,0.10369555434235894,27.626480586861927,46.95002140271448,0.9970664464770339,3.238542032265056,0.3317582878769059,10.939283188871372,7
7.884933720005898,0.5082651264541237,-0.01644463334929558,1.9534277664073407,0.013841376791307605,17.803386906638874,41.95991181565485,0.9977174722879932,3.303381239118022,0.4939647917977497,10.390944398973538,3
9.938948186090208,0.588600426089475,0.3100455398331361,3.2226016554209314,0.06342942994307875,2.5679060941609926,62.92952109835255,1.0005609055025848,3.3709545737256015,0.35402727898396563,10.4627592205079,7
10.32209983117189,0.6903099541148086,0.3959015096003217,1.5864603894966969,0.08034589629966936,6.406450393518771,33.3534684592921,0.9959251872421924,3.4317640489378927,0.5773568006356985,10.310294125401244,6
6.213066714267113,0.29576750848794,0.44578823891409003,1.644351987172942,0.14251597761381776,4.180044781021753,18.865104571365517,0.9985492512705503,3.2542239673684112,0.7327699871006982,8.9730673069171,4
9.315580118744759,0.5946943798070456,0.16152984515324115,1.760808369528141,0.05944994379551854,10.620560336668596,67.12700104760324,0.9976119200488757,3.3849839204787364,0.679097451284504,10.57614838668116,3
9.491993661928529,0.4464717818202413,0.16819214502227098,4.3942968242329705,0.12981700098744162,14.170984325760731,42.231901232333826,0.9995919953412796,3.6353301605522716,1.0666184762077384,9.758011855999886,3
7.794142044288014,0.6693541550432988,0.18517986494328031,-2.0094228983799987,0.089918914151831,4.34558473778943,48.1077323862772,0.9981524574391912,3.501250159886543,0.8447756550241301,8.917922458924618,6
10.638701582629754,0.07455451592970092,0.40728277997826867,3.053838368668119,0.0811415942442619,30.706619906522892,82.94953459310204,0.9949830371454274,3.7680600431713955,0.5017031654733778,10.807776123827143,8
8.044905502044704,0.4801811399517462,0.5067762109848417,2.547980539880311,0.10244469845666282,2.7471862804755904,43.24207194472055,0.9935539079414175,3.1686459283296564,0.4565006491795102,9.727096959939601,6
8.513479970901622,0.3794358688432077,0.21850797854167966,0.14678135706663165,0.07044218138735786,29.461034238624805,47.496119542879086,0.997622523399335,3.635237901500403,1.1201369499658353,10.65052931338472,6
8.005777898717422,0.5864525901268312,0.4815924627254098,2.933617490790403,0.06854813759536672,27.851630314393404,27.211566122119248,0.9959430980041992,3.141865272015481,0.8406372409746716,11.33240159657637,5
8.326484380888495,0.5940088374736404,0.3246959618329188,3.1660527885641447,0.004760704710494265,24.983025496890352,61.21441782140108,0.9950393725080988,3.3707132293480924,0.7601928332358272,9.354737406740245,4
6.436332352278158,0.3584748210355948,0.2751428445675127,3.32549492390036,0.07760228963360552,9.062333925032496,58.5443211184429,0.9944648445909339,3.4464953058476198,0.672724808076655,10.50133341028027,8
5.851913499589701,0.3575652271647913,0.2577231540364062,-1.2125592882629284,0.06600159269256367,19.424508791769014,76.7255793490884,0.9973219509951743,3.1978445616191054,0.706498666470753,8.408534830096603,4
11.010658607482453,0.4778669262885341,0.4493222729204314,4.412945176596214,0.06420095053254601,3.2262886644938202,27.888748378773087,1.0000154153986267,3.317592855494855,0.4080475431679876,12.085786399670205,6
6.860165707858844,0.3206715545369584,0.365115563357414,1.4671686134412227,0.11084365312950202,25.109070350337493,31.892040003523874,0.996182655308588,3.482092220490368,0.6866966589334506,8.90502685342234,5
6.614633005924278,0.6683967390904254,0.7551650855295275,3.4611948454544463,0.12293159763952549,15.260152184637311,73.14053417180048,0.9981805406221507,3.157945820337618,0.6721093375680325,9.833698371362889,6
4.639236806873686,0.42615855991051077,0.12955507140053515,3.5375032929552006,0.10160972523211638,11.906797854133147,55.32302911097449,0.9967954672995648,3.633876691909529,0.5062963966727484,11.872217894140354,6
7.213765028927847,-0.08139764386432835,0.40362034040599515,1.27262408013299,0.13977075952247373,3.762551533437307,17.09480183564108,0.9944212358217932,3.02308067505453,0.5684505028933586,10.142024781310916,4
6.050747351207254,0.4250355886756388,0.1941597980376974,3.4246439332921703,0.11877809629151825,-8.775061186290166,90.11628423523852,0.9984696226870209,3.6879382885456766,0.9175799868854045,9.08286254506967,5
11.091425772231828,0.29229123583120553,0.12614260260227123,1.9603094627226985,0.07524719050971788,5.6145914296424415,-9.048868757208282,0.9948106159119453,3.500265226959918,0.6387202635498734,11.184380555515189,4
10.016689051882478,0.1737448369078109,0.29782657259300555,-0.3999280510734198,0.06685718571428101,27.127981956129066,72.8813968577038,0.9970432532611871,3.282054884734444,1.0120991214306287,11.159585708366304,6
7.13014441319787,0.2525146723554855,0.3274704958814072,4.134838695738891,0.10564111183834232,11.971665715251959,5.248002812059511,0.9963169591699894,3.2194663577526534,0.3640844957971448,9.703495026698244,7
12.129140869085326,0.521881694366594,0.8836347110120184,1.4149370517772644,0.11868835549509504,14.306711428849527,109.23102104402238,0.9987861548691314,3.1985943474417953,0.5712378683416229,9.822580827141561,3
9.96900132788571,0.7657281656496462,0.26317083686335957,1.3037091521667241,0.1598922153515749,22.55554358288453,-3.9717909878855693,0.9948836980150586,3.272840871948597,0.3969626462880238,9.921050132320106,8
7.747786648035342,0.562636894772996,0.07396425410306329,1.935707784748589,0.1495586522470048,34.05668878116265,85.02427151180069,0.9977817398156039,3.2903008276902344,0.4543981828383882,10.172273643245365,6
4.051010284714927,0.37869932235685205,0.35460214349887714,2.881131415458343,0.06292634967464154,29.250046549456385,44.30606611962895,0.9953204051853026,3.5510452493269162,0.5192050300379195,8.317731815386013,8
12.194602373404262,0.5911808390341405,-0.11492800750927368,2.419821424849057,0.08489968599363691,6.276649961838119,34.90211519532145,0.9959777895753424,3.6937308200769166,0.7136026365510005,10.20043375277009,5
5.937726806501887,0.4081819379562016,0.2816086434791468,3.2672936945900384,0.1235508902458885,-3.4257057143740646,53.11808966343612,0.9897295995449198,3.3398759841308014,0.7053604490836658,12.362305618001464,7
5.502822130173285,0.36107992616737106,0.30320505645903206,0.6247148868598777,0.1433998889029486,39.59614259100104,67.85271119220783,1.0011841971432358,3.130874302402119,0.5445206456633072,9.414433036039625,8
10.038369734416388,0.2691274663534031,0.45892007658904227,1.4606590813969715,0.1369484734352396,38.68991611659453,17.154783423081305,0.9981011138656525,3.190854791872761,0.2812740752527811,9.75815704718326,8
12.447579090776763,0.14963423864965614,0.4947244498855694,2.337604098749853,0.08680610835843267,17.884535964292827,20.079005069437116,0.9954653050281237,3.263381843077743,0.911207788415466,9.098020570483964,5
10.653263791467882,0.42201525868811096,0.1992860762184565,5.157042209722188,0.027298867378574163,3.2951175441817835,68.43696054872524,0.994750688623334,3.0939755789406447,0.6114199982738194,11.07337811903489,6
9.258645504089012,0.5316106979840264,0.26987719707401336,2.3406624462207386,0.04005318118772043,25.63226533893939,-9.342317470436797,0.9960087024942413,3.064211719578524,0.47023067104880634,11.723517093956614,6
9.311082380830987,0.48067526599702204,0.1467758338778658,4.019311169126285,0.1036316757159707,14.920163139873898,27.720439924661182,0.9984337590696389,3.719425442474605,0.7067382327819148,11.698349623095389,3
9.750806449926523,0.41680661441052824,0.07438748903846121,2.553977236298045,0.10711127897121728,14.870188768933895,147.34266948726156,0.9932158301488302,3.3605227051892506,0.6947556789889396,9.027188352216974,5
9.5901786026375,0.3108507878606438,0.3619789558761269,1.8228779075874042,0.03506603132828075,24.94458843105129,15.05557216855373,0.9967168311614113,3.1333733732639306,0.6051450009500059,10.949770903546657,7
8.77802542074794,0.6216492383369937,0.04528289028068011,2.1545858062397834,0.09222848054446357,19.343747468732985,84.87749212807184,1.0005412837449252,3.4633207140715423,0.6852502726590558,11.977125037635659,3
8.47714187671819,0.236573616010683,0.21707461988562737,2.2642124031595663,0.12156121784858916,4.141850889850549,27.6636246324442,0.9947321073280644,3.0643307750386306,0.4636449271306369,10.960629418481135,5
8.193591682570812,0.6552055827686951,0.10096520802015249,3.345104034545034,0.03243866712464279,12.752580649180262,63.79848977830575,0.9971607700775273,3.080797590425789,0.7891851833400023,10.926250651678155,6
7.018260198926651,0.299556596214655,0.40993663725805196,4.424455774607177,0.14524986009022073,22.611529286613465,68.59373778967517,1.0014066196305156,3.139391519787151,0.4905325938913321,9.881193163501326,3
7.822852369326485,0.34951295252939296,0.6602860198532976,3.0035531867608496,0.07112344257200874,21.102522224050183,84.25557226103726,0.9982643032593815,3.6309026561730064,0.5570531585984166,10.64212080617303,6
5.421973415867845,0.2066429618768646,0.03968240343933371,4.1619087502384575,0.15288065562883255,18.620165743584757,40.391623715178405,0.9972518476409709,3.249423986844325,0.7702963087457678,11.759949997677046,4
8.132822634448926,0.39971957062287267,-0.07060369657951387,1.1492943673184404,0.06332737771120497,25.334229544758642,112.63319307891015,0.998013272909818,2.8116586026195023,0.8646730240517397,10.761029865271642,4
6.619395117843441,0.6950624916955958,0.2750226229299865,1.9195172876603572,0.03866872585579104,12.382830121827354,27.551893368689047,0.9961982693299806,3.5420131866351183,0.9295816765678776,9.0268977683673,3
6.42389816073319,0.6031256176887914,0.30313955919155167,1.4859764521092667,0.06709315050791402,17.78669775219072,54.72927364878548,0.9995992625706068,3.238723727167528,0.8394857005393173,9.898354158285432,3
8.605820056960914,0.695684422405607,0.34373186135145956,2.9402224272247937,0.08524259384613399,-17.755791001776004,55.09413876318105,0.9962013399541996,2.9301183988243187,0.6049077287536971,11.730207492777893,5
10.666403886785819,0.6044285091867871,0.210735896953131,1.9974582607488207,0.07057600466142595,11.503498061571861,9.975052041669294,0.993081636782528,3.236663302407318,0.39802437825292136,10.757217652386204,7
9.861138230203933,0.27926603429392616,0.2598721402349136,3.5216821118478734,0.07919992892134432,23.639029085756444,37.56621558568902,0.996217393792119,3.4042007793209805,0.898859449552492,10.530968286067385,7
5.630148973840599,0.43384215513448854,0.3735020821081204,1.196597603714582,0.10669825748380951,12.096055328828575,52.32994547486744,0.9950665309402466,3.3808098333065937,0.8930183181138459,9.790582913428631,4
6.617632167830427,0.3439601741765075,0.5080861785289678,2.560243362649794,0.08144103151018002,11.33772608282888,32.740005576729146,0.9964376119756051,3.6596829958329637,0.5457640539299058,11.70745909858788,4
9.899311019579967,0.766114980807808,-0.09100975406365658,3.4616010754171587,0.08669438030239965,5.585470482251814,127.55049086006565,0.9964818318818387,3.129446427486014,0.8166021364301752,12.228653857604483,4
6.629771430984874,0.26064227071473767,0.22621211219370754,-0.3914238850568541,0.004538680039870194,26.033658927291455,19.325418771215485,0.9993948463996098,3.309344024052994,0.6035297750317745,11.789508035319837,6
7.918123645005059,0.6787395378778222,0.3427617587882127,5.470283830262284,0.10958490080052363,21.484632735405707,85.92100744863411,0.9983905854533288,3.1600861442843153,0.9152170701969939,11.98685078358991,7
9.23508856834174,0.6785907740217538,0.1164047790778528,2.103587361168174,0.0855398351154166,24.25414597823085,75.26317383390995,0.9975265309751508,2.9915614211625554,0.5724730073913571,10.005423135157217,3
6.65381442673182,0.8659240403432175,0.64623392635346,-0.3350558791466418,0.17051464902414354,-1.262139619578896,46.542549561359046,0.9969941091773348,3.4771054744611907,0.9963707188832456,9.849813992888706,4
8.479138360448133,0.41806268147410053,0.17291802395425257,2.7213314580075005,0.04302174163730208,14.395499567343661,18.448101222875852,0.994882283982284,3.3926539138295038,0.7936404930917018,10.228020309150896,8
6.032156658639053,0.6424644319160324,0.29174146259854344,2.5468208551624114,-0.00041476642497573213,13.198889922499937,21.64757442707159,0.9926376495246686,3.3567356899397702,0.9655826235966178,10.44243056617388,5
7.277675005282937,0.9563303673077685,0.41120441936845814,2.38534786859851,0.12090342469650209,13.194282934014474,29.90707912585518,0.9972263200227856,3.3853580386517286,0.5811544641595205,11.974121758137782,3
8.843629288042314,0.37647166461326065,0.18174304223962107,3.8876675580973328,0.10732635091565002,9.839724562820441,-11.929462304226682,0.9985892824071473,3.162905429462316,0.7288550327555129,11.68247541341526,3
5.591910652996162,0.19299195049352802,-0.06931460956088348,3.5464229599978783,0.0395783489734427,12.538957282199847,13.885640948623411,0.9967833322335108,3.0988609825363613,0.49522253628145796,10.992316325979944,3
9.048807054532679,0.12399799321844723,0.21426909461669333,2.917026667433383,0.013512552249795418,24.49644782706652,-1.9217250070002052,0.9959302913544266,3.307529474433872,0.8034781728602635,8.825694557568424,7
8.266615741824642,0.6425424057722663,0.5058881111854081,3.1302178875253066,0.1668698365342145,-3.1285135334782943,91.41387510486464,0.9979290043304284,3.532242280482323,0.8128370605823112,8.543175970943437,4
9.239232922509151,0.12336995838828324,0.23262097464297227,2.353898170786679,0.16070551953033907,33.77294768030454,67.40925894881121,0.9968333355987513,3.6216154270907093,1.0674940660942018,10.664509019281875,5
8.680654027909926,0.42553618941241544,0.13071313970820425,4.985687188936067,-0.034372837935306474,20.838411250264613,72.9371452625602,1.0003714883839478,3.4590865413614864,0.7419467655273404,11.368289526160789,6
10.619038730955536,0.5874626374077921,0.48513444190054433,0.4291255742991269,0.06708884853717495,15.576681043397873,66.43145440088428,0.9994654566841366,3.305834885353619,0.7830960144260359,10.31247624611525,5
8.512881654501443,0.5370351073659828,0.23384502079538944,2.695512343902255,0.17320960273919497,25.06834146372926,52.50993157002738,0.9989190161140467,3.353956785879987,0.5799588359943572,12.506394955476246,5
7.570010580087071,0.5850889728368345,0.19796783726995654,2.5910344836642922,0.06619687211110664,1.4816525483156493,95.20245096026153,0.9985154682284199,3.302318771865074,0.7520344933479906,9.20931485184152,8
8.507905755154884,0.5444579711601708,0.3298912179326619,3.63859256849043,0.06546938829866736,9.352990948489861,26.84483236085267,0.994419665171097,3.094811332060114,0.5954184945231108,9.070812855554841,5
9.22360664936186,0.7557731626626787,0.45415004192375746,1.318604571605141,0.07586203361853158,14.789245676094462,50.52009862711248,0.9983259874041052,3.3049294756421084,0.67969632900314,9.669290928078247,6
8.383062119553697,0.3095367238522406,0.7763427063465091,0.05885835664484951,0.033955151311592026,29.655603704321777,71.65294131819607,0.9977526519152932,3.0330346364823013,0.6896676624627852,9.62747306548964,5
8.3690058750466,0.3646009723082937,0.4654472215314846,2.7195522225374704,0.004761212788597785,15.535034188734421,3.4000953487477403,0.9982128494567823,3.275184554779392,0.6001081715306411,10.978914455550179,8
7.106614130728516,0.3454681109458352,0.5319679932776689,2.893722689106046,0.14262736553673744,20.500546711851463,149.18743357270412,0.9979852189736261,3.627221022119264,0.6707006664121389,9.936116962972147,5
7.173068440163389,0.666038362372522,0.19880676020242893,4.585439173226709,-0.002146845312383794,10.104210040638723,47.94267017166034,0.9979055251756961,3.46457184455667,0.5961998211487185,8.697375492593473,4
5.915571037940522,0.6800797176790128,0.09482637880610473,0.7214931351448794,0.1023635726054378,20.86842068967491,51.68565186899456,1.0024017329390993,3.115376163152694,0.5954457087442474,11.380736302364628,8
11.274280463417798,0.5902450638637017,0.3124662699238246,4.116571273403408,0.1343289746378825,32.77239592974457,88.47697504527241,0.9968476286600961,3.285514186071543,0.8430329907553862,8.464052881320658,4
6.185432499834816,0.7366987333779855,0.3214339830519192,5.81438010963797,0.017438685054942074,25.95526691674114,77.19352598933739,0.9988726747616586,3.133124737649052,0.6898203191104899,9.22165995468822,4
7.122061163746959,0.2643918265247238,0.08429745172708053,1.9711291574685321,0.043786579870246416,15.185440122221205,48.25657464008315,0.996058020379472,3.2874972463645578,0.7190012662740471,8.615022772181744,3
7.078707648532365,0.8334448223102274,0.2649410940191974,0.6926808927094865,0.1506589594195795,22.754908472654698,51.29427145723538,0.9985812831677754,3.5082215633049123,0.41225818927245894,10.627833404777961,8
9.821371440805551,0.8046477243424517,0.3798635203438262,1.9302358870772804,0.116644586011352,21.775169546072117,-2.6369015212833062,0.9988786397804649,3.4306015876619806,0.7319879164111663,10.604652483366333,5
7.798585546903554,0.6471243994491493,0.372078679003616,2.519606954319933,0.05913571465605563,21.065876716972756,28.636629330950786,0.9977288521542707,3.796828816149067,0.7501719888757905,12.508099753117989,7
10.421161523545347,0.856359781754212,0.40085757067685446,3.2893030250096804,0.15011245016805855,27.119533608604087,64.06793713324569,1.000338493884753,3.5384954805015143,0.592282434142912,11.405209321760106,7
7.155065938785424,0.1686753584644452,0.3581929460274886,1.6720473782267335,0.1503267861727151,27.044777038374665,61.64846368841526,0.9952314479272791,3.340800076215538,1.0144550449643175,11.985810801676422,7
8.774290075780463,0.39511037274746963,0.19859826814598883,4.677277947806278,0.10345263465078536,14.728414031251157,87.29846975013487,0.9960255581166636,3.4354299948266585,0.2708313650887089,10.717470616428344,6
6.879910009458413,0.3529393078636095,0.19721987467023133,0.9396547589887136,0.04499198860631685,22.41879061477769,43.02346507863029,0.997424760172047,3.2595113651633327,0.793342413080993,9.325374996800381,4
11.946753517214761,0.6442958647514687,0.0602097204012248,0.0651127869580801,0.06932756482641023,12.169050788402062,1.2195450567814135,0.9987616137069685,3.0744991505827004,0.7811768168423265,10.540918362192846,4
6.281082687649829,0.2899718520795709,0.656955007837019,4.049394594002244,0.10431933719776951,6.769276036844225,81.87210421559737,0.9973588590425899,3.561155315657504,0.7520690984399001,11.051663108126037,4
8.826695207385947,0.6514990298674971,0.3026900729238586,-0.6844694436886791,0.08057025854262559,13.305062442960136,94.39094842400652,0.9995715180730211,3.5017982953863296,0.689956159958566,11.174188120476733,8
9.377420697584569,0.7741072287993427,0.2550293888410296,2.2142183235781974,0.13694785891174258,15.237218482604174,76.64207090425558,0.9956766202580674,3.251789157081207,0.7536154848462564,9.880346641480823,6
9.003458465667547,0.6390405800167999,0.11424158370950824,6.864753580891266,0.013511295994533185,-0.6158098917799215,41.60008886170279,0.9947188430210229,3.3547871473862676,0.807589831524502,10.93766512116064,5
7.985010979907897,0.5567502047323002,0.8871315804655557,2.483139025856096,0.015286823546688061,24.603325594167202,81.46473971192711,0.997616256673073,3.548187837476961,0.536599110748561,9.37366923207461,3
8.079304810453177,0.30242533181985015,0.08533439355542088,0.9309252890252506,0.09904355557412162,-11.673254226023978,160.15404577427105,0.9968456394477726,3.469270285241204,0.7108632557706153,9.252394646478212,8
8.374479502364487,0.33062980677492704,0.2142304148787853,2.419643550698489,0.06542277930965476,43.14816939486322,50.8000263765357,0.9980857274407164,3.00737974975006,0.6288361368560383,9.172636817475967,4
8.05009659723157,0.7499237810593333,0.3831673672572121,2.428878895932653,0.05864756926511295,31.018791337963187,3.712689155910887,0.996945195418267,3.3487240042979645,0.4740593719616636,10.427088587412477,5
9.938594498551346,0.6558698007810665,0.42004259314885556,2.7249099164943633,0.0015971640412801302,13.389912758276864,27.652593364778983,0.996319960418753,3.266473694902327,0.7819188956842593,9.104380009416067,7
12.057889102705298,0.49219609612449117,0.49158641104313683,3.4271681750234677,0.09097729223990908,16.09426360563773,67.64070801003368,0.9968501248565526,3.522600139827736,0.5640587278037144,9.932781171141892,3
7.352263965486683,0.4164180908468219,0.6615217015538526,1.0452443642851652,0.08736224459996171,19.029718735872834,-5.958542259636069,0.9970576977895864,3.506208547756532,0.4053640252874906,11.393208206555354,7
5.971334934715569,0.09483842537772458,0.4012315310921425,4.862567277331511,0.12267394909758703,10.10839612011058,52.5903014720983,0.9963900374003033,3.5637215656356087,0.5683511876807197,9.267957354113864,5
8.149920517802867,0.28582951626311226,0.08879384000666646,2.843159998121665,0.0934453066560486,17.926191475869363,59.55110946042413,0.9965937359073531,3.0764211322559585,0.5241871873241678,9.845256763145251,5
12.685505874012343,0.8822838174279447,0.2486109749756437,3.5175116649625253,0.08336979608797516,14.560000222983389,97.65901741381751,0.9961928133260262,3.1431776931887523,0.8348414315623188,10.478794404453787,7
6.9337532344514585,0.24390888579950665,0.361566474502777,1.6205908403421005,0.14885003183951687,15.05727282769034,90.23643024979191,0.9987133302397389,3.5228164872270877,0.6860428338948732,10.671575591685494,8
11.086498569254916,0.5378959642442162,0.7136452083011648,4.3009349917937465,0.024376634827572505,17.814610634806385,75.53129812780844,0.9973880420090115,3.1816708369315108,0.8950050667672899,9.850780350113883,3
11.15209138392995,0.7014887946390397,0.02043890431514056,2.1401266276617097,0.1168194609423788,2.864722016460057,-24.368407346979467,1.0015135049443376,2.9957134038171382,0.5466854406903823,11.265546075608674,7
7.35889998909641,0.24901546639954147,0.5405153010450455,2.8885735188909445,0.0064426417602325425,16.39569724133648,77.39475322558152,0.997321409102557,3.406519297522813,0.8086088782224049,11.049497530863198,7
9.267271234614968,0.5369420949562167,0.33598287390928333,1.1936514919380472,0.04808190599995961,17.634477466174772,70.28194173998813,0.9958982850593426,3.1905563119468052,1.1427358955173452,11.653842264797873,8
11.068274259318516,0.687583107502131,0.46756610704589613,1.1042957230370225,0.02936714336883431,17.288496213559142,55.44616444358543,1.002341350749726,3.65795815406168,0.7205255194116139,10.310237883218235,7
7.655482840321273,0.5024998643814501,0.2796010566728136,3.4634874290340356,0.1290971267725959,13.841692445638456,-10.097330162801022,0.9978272527554287,3.3592369107976925,0.806480306594936,9.835899309598023,3
7.953913387825986,1.0736806111333537,0.1315134739747347,1.8789504377096597,0.0867294883202303,27.37857775969372,21.36646099682701,0.9989802495737856,3.332051857328333,0.7778980029183191,9.649104775786666,6
7.311142446287306,0.16628014822436094,0.4501745558802664,1.3046476774938722,0.08932483777035116,12.463474451184489,8.494848605375815,0.998184205966405,3.226151221676848,0.4182471943376095,10.737730269722299,3
6.574913557822127,0.7117457059767758,0.4308862054211242,1.5995433211621575,0.03466335061352745,18.2732590682319,-19.495278503733985,0.9982460220585955,3.6181670667853942,0.7595889405694667,9.9851286389076,8
7.196228173387789,0.4654396525207071,0.49441139314794436,3.4785343004043896,0.07501532520335553,28.972975339255456,46.90380000331178,0.998071308102705,3.371710891977964,0.7120975745104268,9.773913244551132,7
6.219301546504164,0.654384030967335,0.2973390729242729,1.6193469943149448,0.05182673483454441,15.206238599796878,20.67186999238827,0.9947958308704479,3.2183000963687585,0.6158429448222875,9.906884009330145,4
8.357941896040685,0.5882614303398492,0.1800355953360301,2.3352830957569704,0.1091727507427108,18.144632674675513,133.63508414887409,0.9977350580951229,3.1411832586789106,0.5097138163851703,9.647940466363323,4
6.99104550720031,0.3533687605780007,-0.011757399004768354,2.521038850401936,0.04044544323341931,15.03615363685103,41.43052599854899,0.9943502773922995,3.2853053890871564,0.7779771508555964,10.618923224039005,5
8.697436050044272,0.545799278491868,0.4638746536278813,-0.18428844041441828,0.1564897182602538,28.37369793563599,89.69385414357669,0.9966512743271749,3.1044706325690385,0.4946913642661944,8.846158499201533,6
5.654977401453834,0.12841970972034256,0.38477789648879723,0.4404230324770748,0.006220977518795273,13.422754384137047,-4.78026781487641,0.9955487650868734,3.5057754883357886,1.0227197527959224,10.73331792172246,8
8.862496394764579,0.6206495001142788,0.10684347342720812,2.9707890449465877,0.049674008377171924,28.833545772882054,29.507043661839297,0.9977149403716975,2.938331589195153,0.6794087441929818,11.144203636443246,5
9.716999234735173,0.5596316931981051,0.19228526534067514,1.468158894386224,0.17386002549830482,14.964121053529354,50.19762990913238,0.9976682524946765,3.272097194333386,0.4520378018762944,9.761032948004972,5
4.910649407628527,0.6277320337286205,0.20664823760971188,3.979414875792586,0.06824306260189827,7.405402765519831,17.030919695946878,0.9979622917815304,3.4220267090175867,0.5726206326841824,12.514240633567201,4
8.935896168740873,0.71162366501743,0.003403113603516361,3.853529945950762,0.0242560667797794,22.79373170574121,33.06737740144344,0.9975745931454981,3.368423884021931,0.612717162490731,10.419383442074539,3
10.387037287204597,0.5735239680419422,0.13646352067897322,3.506836132897612,0.10095357812688344,12.95332166244344,39.80762009396322,0.9957863493164272,3.156543405396866,1.0701040311670538,8.682522718590123,5
6.243610268224952,0.5296178839596553,0.07323392863872916,5.047680502237636,0.06623038788927288,22.20500899099163,39.281036480318484,0.9964779930212967,3.4320517413413096,0.5096198790423856,10.090632803029663,5
11.143373057624096,0.32378633266774154,0.21750419762241263,2.3836749411595437,0.0482064872190847,-11.29404384923734,108.21891291016644,0.998840792322509,3.122792122322818,0.6402430652472642,10.468921759429376,6
9.012332315922277,0.3575558472701898,0.15226050033408742,3.408434696265375,0.03520645946006412,16.052052618949464,59.481467419239834,0.9991357133545888,3.295523068700638,0.5685691771229462,10.893864311127235,4
7.101479845210706,0.7373469240354662,-0.025400984173349794,1.6818386327655566,0.22841868028129717,11.403947012425196,62.82384857706301,0.9947064338027469,3.430368314396071,0.744873942548883,10.116826423478068,3
8.2051925679819,0.7872670811411957,0.7045180461138962,5.933317878016213,0.07742240499079317,5.367413134687219,64.80860755338733,0.9939381447349747,3.3925825558986227,0.5712798196701424,9.28727269672517,6
9.24915575128693,0.4523779127375892,0.5505081462058461,5.277087113410428,-0.006278368016643859,10.467589981602007,67.21667045212472,0.9955462212335906,3.1649921977161064,0.46636036675624926,9.19552132007649,3
8.429209165401101,0.5092005494506548,0.14419611569600285,2.5166326083249086,0.1646854879502767,10.262968557073485,44.264729532129444,0.9990904151640645,3.5394989033128725,0.6267999214346462,9.681040786300162,3
9.215885187158829,0.31907712500124674,0.35448427933072196,3.041220721867269,0.12055354525552853,15.520142051494188,36.41536974119808,0.9994297680603661,3.317338914297107,0.6091030466335187,9.786447101229362,5
6.734854891765078,0.734551369053489,0.383493017964259,4.403016639110728,0.05167667844901061,2.3267353871504426,52.504929964103155,0.9951505762391977,3.44859908218783,0.5593184558039177,9.151528418610818,6
8.587913400861334,0.6330833647383558,0.5382171709546953,2.2940046932602502,0.04334404556569291,19.162737802597135,85.17453031414459,0.9976146187074727,3.6058202013346494,0.5684022389874901,9.593905522785931,5
5.896685355261535,0.8882434872927498,0.13627899466798427,1.5807263008804133,0.12367363980791155,29.662147852057878,84.16586021840067,1.00066886266628,3.523504109754921,0.8613982856397706,11.12540437688329,7
8.11091569570721,0.3243353845640522,0.5184213567964853,3.7235856514096355,0.07765408362552727,18.809284969478263,39.06685030228243,0.9978306229544807,3.5240258812662084,0.6056441635745243,12.213253868463935,3
6.763357009509858,0.42439842019635654,0.19041893915861297,2.609814944517138,-0.006298890922255079,24.08988609229009,72.33884192404767,0.9998430065704662,3.3385359859698944,0.46719829737866647,11.23100788525806,6
7.0495990975973974,0.5462891845051144,0.0328275191662773,2.7561922295033647,0.1793619982302334,26.945624546137957,40.57870611969096,0.9989974531401662,3.4587870241821017,0.5814402861540244,11.836447194805494,4
10.401358397857745,0.6292979075451541,0.4448273118628995,1.3320201197048485,0.06830047688920214,28.36489512184177,48.11772813136306,0.9951796025875441,3.342719314912863,0.6692370621091168,11.471530315057068,5
10.155227205010258,0.4568664724904735,0.5581516848244856,0.09525899229124546,0.16477858682412133,34.701386928213054,31.373728408711486,0.9966200371530058,3.058135106444317,0.4328341617862698,11.316443361238179,7
9.335534805542201,0.3254077819092599,0.817581794706137,2.8305993738307413,0.15392174789828575,11.007980017240698,41.005710416094296,0.9970695089565836,3.3605487585010083,0.9364162532010878,10.028424110636939,8
6.443068300056616,0.6762815057847142,0.06005494698195729,3.7669468580918797,0.03994952277585928,8.815160148388836,91.26389229513944,0.9972082667760427,3.351272196747693,0.8074885111760663,10.555001966225642,7
7.762105635518838,0.6442270725091164,0.43978393701615776,2.1838705512935412,0.1416594932181574,23.834656483247347,50.0498978621948,0.9988326579068771,3.4167458723043636,0.9031293664151926,9.937318723298377,7
10.362266089964612,0.31674517988725504,0.21803975124129338,4.511001327382413,0.057427872506815934,23.082662196574,51.46432278222649,0.9978173695245508,3.2744006049573207,0.726661781332906,10.158982121433011,5
8.540918753187839,0.7710885602210992,0.45667174210480627,1.514517144418238,-0.00333502934019711,23.75675299615689,-0.758186715512629,0.9911275981124438,3.1477088886472298,0.3040714334778829,10.474983810425245,4
12.24286021796888,0.7340397418393207,0.00590208975374984,1.0234137630477123,0.06877009169889287,34.892824542502524,36.79495104811992,0.9943743194538145,3.4313012166350454,0.9210067318285473,11.18492276673693,6
8.968640326970434,0.5268592994495586,0.04744604486028714,2.4058775699254165,0.10988187508881395,16.11369908798494,39.036608176423954,0.9926252381700479,3.0373455425495504,0.5131933788493183,10.865655719666636,3
8.626483498033055,0.5159195724752073,0.14482503536670321,2.3843703945081933,0.0668631676001831,20.26156559646185,19.63826498036763,0.9973507304813106,3.5917638271712935,0.5270282535196432,10.221987810684208,4
7.774502010855748,0.6108115542231815,0.3157928091336169,3.5779562238693114,0.07464758295374492,6.196117485165251,47.7149585862176,0.9974809752989355,3.253716387759001,0.6865752744724255,10.461092614980833,5
8.527019538129881,0.3276593859487483,0.1717837466923289,1.4150520463104215,0.14717830224643064,37.353211239759574,32.836984422487404,0.9975664499172214,3.3491056344112335,0.8942990739339255,10.87681004161288,8
8.040801278153076,0.5060062958328164,0.43181086878268393,4.415331931540857,0.09532469901450459,12.63455078790889,49.63986322303821,0.9950821434645708,3.411711630656314,0.839058812771908,11.134133881863619,6
9.503784750370604,0.0695232910781639,0.5053789236515829,5.253683747511555,0.04783508443575237,12.917840718391702,51.00959932402483,0.99834828801024,3.418137608968838,0.8140677904299236,8.729105320417077,3
9.926393938550794,0.6752911291005871,0.41991550824907115,2.445198362244321,0.12510151618336632,12.532501089917574,15.460106191852734,0.9984325249929371,3.018203140009653,0.6069894010113259,9.21487213971117,8
6.9638179171364865,0.1877013555116281,0.6237575279321736,4.249594588258046,0.09988377834771225,9.551041413556622,33.84284117805475,0.9944897018655897,3.4648173161088525,0.604306720564341,11.618041587333277,6
6.036903978951778,0.8006839656857998,0.3831653258910686,1.020904101124636,-0.03608024007310215,8.705629511523508,49.55335133110751,0.9940679235971023,3.3606307656752543,0.7188104235566114,10.333043473075836,3
5.178450865724397,0.43397598120670994,0.05662065793196655,4.005310157654682,0.11141764568857243,10.762957171104748,86.08188122817194,0.9969997366275462,3.172947723088278,0.6378879569817995,9.933515747296324,3
9.163585255751325,0.4576666036137646,0.572675302707668,3.966186971983247,0.10959143538580508,2.3420407194905533,55.47173270225944,1.0005835645472267,3.150066609810817,0.8111840442459901,10.110150579781358,7
6.424276769504416,0.3744532187830989,0.17896875287880049,3.70881219226583,0.091006056479043,8.146820797367617,25.156139062724886,1.0003994854843974,3.2331893835886305,0.8011200029641885,10.109924163865792,8
4.640085991980779,0.44239222521558474,0.482083699937114,2.4782116755815884,0.13458502905347874,35.48963111447619,60.16715705504713,0.9981268087208961,3.0402516626779015,0.76052802459936,11.013731559676812,8
8.96058362770264,0.7837062690296073,0.6147468433110213,-1.6359485177388438,0.05638032078367489,23.356551436413685,103.3491133476181,0.9955400066568398,3.6444534781974047,0.23058658209920563,9.181181966621157,5
12.538099179635743,0.0024382686929840802,0.3913376021460798,1.601581998887019,0.10682498944104504,25.259041767277182,77.25131359543761,0.9987736853189771,3.5972302650286685,0.6817580218251349,10.427255521146437,4
8.289679450382183,0.7553930772176376,0.000768237367070046,1.6237175752415571,0.011652031441632349,27.77208787416915,65.06837550437547,0.996095151470382,3.3903400401951878,0.6414948402754408,10.670729502395446,7
9.725434316567792,0.5676046962203416,0.11635756669804168,1.1304430867153317,0.11035451916994159,34.34134564362391,70.94447579091661,0.9954649859266523,3.2553203167315816,0.6885643522991204,10.835894708222053,7
8.439109909530861,0.2585956704285569,0.5645488933770271,2.6711402063658927,0.18765298477699482,-1.7142255144384393,94.51848336714481,0.992712066336756,3.260578402412521,0.5317648114471109,10.645150395831322,6
8.131887589575058,0.2849375213901524,0.26617546287143673,1.9134511762702715,0.04025718237662294,3.7011688471345945,82.49568420258278,0.9972047643966953,3.4516131412347937,0.4347863952321317,10.967496853345432,8
9.862430021079208,0.8352786054416406,0.31591470698843316,1.3455431863289693,0.05200989340061123,7.962763391053148,65.70309257688271,0.9957402653017252,3.65156537990039,0.7387335415957569,9.770034233835856,3
7.8065332748792935,0.31089862401145374,0.45176488323272185,1.0176797924530525,0.05449922785542238,11.302702035104023,82.26519324647279,0.997192860759057,3.185920652080651,0.5994287759855494,9.364016994442549,3
8.754566933922236,0.2693298978808081,0.43926457241606465,1.4982818203206798,0.09649991129007976,12.994306094147511,11.305513823285992,0.9924012846075259,3.076482791475335,0.7576978089302919,13.102704887575566,6
8.846886270533224,0.7274629084729458,0.35575996247709213,4.070098896589899,0.036848186357314086,11.530224471939592,-2.574753327229274,0.9973396533451674,3.609528154719054,0.5459445557935889,10.06860884696834,8
7.164246228806817,0.5677105752571828,0.2582663257559068,1.5745649235215082,0.111062368934549,18.19308913132054,52.184255471246395,0.9921377576720567,2.9425722824831095,0.900704808883755,10.197100082279976,5
9.986471994212089,0.3124148846927202,0.23746631085352854,1.7790858109934187,0.13234199727345825,16.352953907452157,49.266463418467765,0.999175880506537,3.0982938383494707,0.8301810232370298,11.145624107489674,3
8.002568413617807,0.5433249950809238,0.4715797650582686,1.8606233389674551,0.11671736067268922,8.771652048217504,29.0509682340625,0.9980437824682702,3.2506284214978294,0.7104606084527997,12.155698221413665,7
7.015233228862165,0.2948494632719445,0.41071390621355863,2.9745909193331874,0.001579228718096376,-5.7554877698757,74.25313810431442,0.9964426704571508,2.9879133064389936,0.623740969724389,9.801019071371835,7
9.212066734069687,0.720164279684521,0.24853999987644207,3.138749283939946,0.1397583832579303,6.071312946213018,-14.474498352890784,0.9981254397201642,3.5224298125613194,0.8049095092256935,9.301303204991521,8
6.772604430955237,0.7122741929746267,0.5164224625986281,-1.762519154940426,0.13686837071268398,10.507613466874247,29.352515550092477,0.9950438514746729,3.4713810541010197,0.7267331285903591,9.033631314129229,3
8.347907967527519,0.6064012397643886,0.2741931769740432,3.9302892993586513,0.13150806861731523,13.529205631922805,30.996467019038707,0.9971447510312298,3.1850413545569363,0.7005593119482029,12.152416843653219,3
8.284497705704855,0.5723322122494033,0.12966756513312133,4.510915247941256,0.10864211243279125,4.703325406894631,-6.997958908282165,0.9985895480769207,3.5559228238355494,0.8372871196251335,9.258082314892862,5
10.146022461913683,0.8522376249734748,0.14820586021933102,1.0297388476936629,0.10100946571025664,11.0919353350358,96.32612323988704,0.9908114215018172,3.589858485680765,0.9025111462491289,10.369688469832877,8
9.10698699589592,0.49993726547764505,0.10425183273804678,1.1387824573712315,0.14161946990631985,4.690126115144137,2.1463581341103435,0.9961055512806449,3.277365870341987,0.4470900986374574,9.324986684752734,3
8.257454170133256,0.26362517491583976,0.24551799667926255,1.8696452571104198,0.18617567438017274,14.741806484516669,27.584778108846365,0.9969547117397273,3.2098663644863983,0.48143470175053293,8.806808490245865,5
9.690202708640488,0.5898947825664613,0.5467448556672386,1.4415943727607534,0.042347976831757506,5.269086716373847,76.96333200756942,0.9966074127645085,3.7519204055484954,0.5273556766686044,10.078387111596946,7
10.663352833329434,0.9172094099074228,0.1389809637938982,2.813497623525249,0.14390626978973858,7.510953436295354,68.31949633314814,0.9999142036524548,3.444232364416831,0.4045878184005962,9.368434667024724,5
9.248277520798167,0.29704810136282955,0.33769515220362056,-0.2251354009024098,0.08568914509962736,2.9131586901086095,10.430235016003365,0.9947521977501542,3.3512649305937705,0.6493327506532444,9.639208732034357,3
8.317599453733747,0.42770744666120286,0.16866213087451734,0.9349013487485645,0.08351634739856996,14.464993044302162,69.52214390560101,0.9957576815131095,3.5727091893279224,0.7620197973915661,12.606715607159146,4
6.069878405004729,0.5832892076202906,0.24793819174571247,4.65487608024487,0.013173465480898067,7.335522300476017,56.56288779572132,0.9931682619473831,3.360386127000604,0.6563588898581028,10.867385714589643,8
6.489306772771867,0.48921903019885216,-0.002008242397050497,1.2004920457127752,0.07576052952423024,25.067842666754295,123.99017354967842,1.0000205733025462,3.198875882816162,0.5691993209258077,11.424616471509388,3
7.781118002597066,0.3035392839245371,0.2558923541686925,4.240799589344094,0.04013675210157922,20.05850266692899,60.330033730254044,0.9965074197147824,3.3160319520975103,0.851497818711957,11.307125519134178,4
7.2638292563292195,0.7243715712460942,0.2612589240390076,2.9974734738261914,0.06680727852470271,15.301481318163571,42.33901990473845,0.9961231822239266,3.507730857463947,0.6838945885451475,10.289052984613074,7
7.982148784924743,0.9640081444034518,0.40805758880713905,-0.032974800423561046,0.035090680811092505,8.025145026562114,18.73543541505905,0.9968950346353785,2.901562886730157,0.7183071044522742,9.916309804684614,8
8.396304872325082,0.5392262918047814,0.3446561826510741,3.3894608733026885,0.06755458063434967,19.80520305316303,22.439968890466147,0.9982724716568606,3.242393852112156,0.8562199168329592,10.673828073047229,6
9.200477682406444,0.31918634205279994,0.06032157500959093,2.3352657769300054,0.06969448214882984,22.90700889348637,19.749619849550783,0.9976947268070322,3.5766114797163207,0.6390488703953073,10.585295846925744,8
8.180152077299546,0.19020789498930496,0.5168396488087086,1.8623461212503634,0.09483774592194001,17.426884122016304,92.24626085909343,1.002295768427114,3.197626319781296,1.0102363923461959,9.774314041118162,7
9.127052794504545,0.5515951962442361,0.3420606080443991,2.8429399304408056,0.009262506885433439,32.0370185546693,47.59300719554353,0.9979078717768075,3.6092217120862817,0.5838714493417998,10.542832613513546,7
8.409606505177205,0.7207754686632515,0.33967870343549733,3.164486879793509,0.01772409261273382,20.59637318074816,65.65315509116608,0.9960695091416618,3.582948763871962,0.999651194767193,9.62303732263408,7
4.941706837198419,0.5950335492990764,0.2981635293229722,3.4906285507644674,0.10809571353652633,25.13607217568034,96.97017079936927,0.9958772865249521,3.2868941769022095,0.4942950190748885,10.211396276295076,5
6.703129830508118,0.49951923181622926,0.19644851055555604,4.149553986567203,0.05012809414649505,17.335654155359784,-30.829316692846348,0.9962144820951664,3.1862921390222,0.7479724334896751,10.031188178030929,7
8.055051155273254,0.38214566964213875,0.3435604679497452,3.071390277889699,0.14372648951149655,22.756644532569766,89.20283423511238,0.9939963261507403,3.242528225170073,0.5507695313029397,9.004240148133643,6
6.243518937170117,0.28156727345638205,0.3951176871857165,0.5741122756990935,0.10126348610075234,8.032187673308247,48.82809808885003,0.9970797284149832,3.8329228984002865,0.8503262398867858,7.813725965576613,3
9.319878840993548,0.6669502652649765,-0.049379138269111,1.8368963592883327,0.12033810751032037,11.41601636787206,61.356596264134666,0.9985669362124179,3.6748848893866484,0.5787004566640672,9.367030425066332,4
10.902276414984286,0.6827543242771171,0.19224783253078084,6.620267669376069,0.16053461602104474,19.4936355348238,19.66269368230771,0.9957732727987535,3.3250781943613474,0.7094481024094946,12.384515131044932,8
10.37189514788544,0.19085404266185335,0.24901060591928212,3.5142874845344183,0.07451445940967137,19.420994815573817,22.08089485119889,0.9953852398874318,3.178369289675918,0.5494078606729332,10.0593500397596,8
7.937147119418647,0.8179677956361369,0.3512341211388556,5.817002221136096,0.06127566472918621,21.076118229432474,63.1319143638286,1.0000318902925884,3.3234082071162523,0.8193282795233244,11.253564976986045,7
10.83423443264492,0.6148142441788003,0.5386622011854252,4.453607715078859,0.13358512927994068,27.003928922787292,125.69172741093848,0.9941470336867577,3.3487653853233526,0.5485222856913463,8.063110342597305,4
8.55273467724359,0.7799189290291587,0.1456518370806435,2.838522900178048,0.1154756781964843,1.7502882818458794,80.10933932289174,0.9928643632470454,3.051328252478129,0.9461805236062537,9.29088532523924,7
7.726953849099334,0.23157445030297696,0.20040763063643158,2.921969897693564,0.08063348450893496,6.255474523897039,88.76225640681183,0.9946941961127053,3.316008253843052,0.4906804918165637,8.910061420901414,5
7.257215471980404,0.2268351689169122,0.19749317787068998,2.448787944172416,0.1595728983477971,18.29572641074253,40.663958081373146,0.9939191345657514,3.564480864962346,0.431243253884215,10.177469988904175,4
7.785801532970183,0.4702061380465406,0.13969448197909168,0.06707353781490077,0.07938778450800346,8.756363681965393,27.19326058867427,0.9977724521282092,2.9401286637567052,0.8217638532734447,13.064151028588768,7
7.640099408479912,0.6005568853790388,0.2305627009775475,2.525266153455514,0.09163868187778906,49.77768241289362,21.233436597893217,0.9962785909991009,3.4653167930274495,0.5594205811552013,10.90626283755071,7
8.589707578038329,0.8592721645853927,0.45416044399759425,4.194944373559076,0.09106113254171291,21.15719619170136,30.886967085009296,0.9965606259099523,3.5749595940109558,0.658769656713579,12.265173786605896,6
8.57297576778477,0.6412157827630263,0.08923290092713085,1.660504007250315,0.04327030525507644,15.216691510698428,-20.74182029462733,0.9993058683539495,3.1878885309811262,0.6052190038479275,10.12011959954577,6
8.305178234260806,0.4514637446375933,0.3855628790305806,3.076734198686533,0.09387926947431954,10.84530726916141,23.077661684577137,0.9956173302776744,3.638835151638211,0.4368565945840427,11.90135631124058,6
9.042794888568796,0.2947261584668216,-0.040380446003667136,3.692227464250476,0.15983800886992455,11.198377168069555,28.508345850025176,0.9985501788234913,3.161932587510331,0.6469110770964825,12.68058237735118,5
10.32409866713678,0.74600011454383,0.18773240071155878,1.2264473849625344,0.11224841576880878,16.301406613151773,41.213180244970246,1.0000226455984065,3.3882165323720805,0.8750357021452914,10.279694026948496,4
9.91424203025025,0.30705891484985703,0.23410213995640278,1.8681759899188695,0.09155317131994657,17.11981932621258,51.34775362166063,0.9960886750039727,3.238645463067274,0.8305332905619462,9.806808817649898,5
5.775673453635164,0.8256937109544644,0.634971934582813,1.0749239133319772,0.08191163594171655,11.43300855306487,58.96087866464515,0.9984740457111126,3.238600728567479,0.6994047696464073,8.950407969310833,3
3.9583340706666776,0.4431230700786981,0.24503953904946238,1.3489681506348306,0.10654335142031757,13.268477534800983,46.50746270938232,0.996516364174942,3.1765401860483906,0.8490856098159683,10.060033715565334,7
9.888343849106766,0.8181164145235701,-0.1402486946901837,0.6973526028857144,0.12748833142445926,29.442845752345963,27.81237815068902,0.9988481962576816,3.439715096172404,0.47988184060199,10.49008634272087,7
5.976306212693785,0.6357862580118556,-0.09977778137225002,1.2393721540707625,0.12046194154448764,29.84504962651034,-17.790835227762173,0.9938570216248475,3.4697610915462898,0.604672764086149,12.634048979084064,7
7.917898816782438,0.47260090211150835,0.3068059172693362,4.487237953116974,0.07340675690890104,18.52033979934877,28.01481592274082,0.9937089755097493,3.2871155600845623,0.7272868399241355,8.975528628494306,6
6.31080785569909,0.3961207256347747,0.42275417115798175,1.2183321592735905,0.10623907970550572,2.5874027276326235,14.909128956328829,0.9962174645701849,3.028006357265545,0.637829479441091,10.465628083066676,7
5.236633256113967,0.431818424530784,0.3750911715254506,2.677042906684966,0.11399698705741393,21.385031566390435,62.38020269319392,0.9952221503818804,3.380634033326878,0.6180400338189853,8.404261066471422,6
9.22048663794814,0.5856633384750475,0.33351402116019807,1.7959837448606617,0.03964025062365108,31.542824416110257,77.00648409089189,0.9959665817811403,3.3844028718821386,0.45589056550541385,9.930560888277576,3
9.5905637725145,0.5154312992435434,0.5324519195011334,4.150412311851714,0.09841152705918471,29.697811019623785,77.972845212978,0.9965609468351058,3.256656997722714,0.30617196393073903,10.742534893153222,5
7.319932318764578,0.381237718386259,0.19208175585257364,4.335627215245063,-0.018065194315118105,23.34425852809667,71.97944029221807,0.9984400270636725,3.6734462574361615,0.7990372922414382,10.963841467957414,5
3.895228103353654,0.46687371793647353,0.47898211120536505,3.7096979749945254,0.11412668549105925,30.224229552858215,42.59365073006789,0.9961846788428681,2.987214147019869,0.7013476674528785,11.047925387606114,5
7.3713844379707805,0.5157154059438299,-0.02640297700528349,2.9285883743438577,0.12301715272813407,16.53384272479022,29.77546633929541,0.9953522773787539,2.856543257949286,0.8133397242957159,10.83714443617553,6
8.96606680918433,0.07425318111703755,0.11901043341238673,2.176516648422742,0.12737730628932298,22.28102969833705,22.345609128986816,0.9962969732464823,3.153833020060466,0.5856698898330763,11.038464134105865,8
5.785850333083982,0.5916336229577397,-0.06140827898636331,0.8313754141322502,0.07024765739152163,9.192244336748198,-2.7474642478577636,0.9954617094403868,3.4420849068182897,0.5388277595793091,10.45031304190293,8
8.611711863624565,0.3040557550566386,0.24503093986604155,5.220940433571076,0.10545234175120174,18.92265456155712,79.7311721167593,0.9951319889958745,3.0888310725132317,0.6611131543282279,9.247347063412132,4
8.273973256405908,0.26933351935885097,0.29074775654673146,1.4364577751464254,0.16119769227705832,29.295342439705244,41.23453574831085,0.9937739663728461,3.1038058162947846,0.8052139402641788,8.363177339951939,8
9.284795549321851,0.1625311305778579,0.32282029844530397,3.429104885845978,0.16068848241456293,10.10576588513109,5.870770310511162,0.9971389562324422,3.490204267235631,0.6206531234520988,9.798643396089062,4
8.503286626304062,0.1412215004264219,0.312376670577427,3.983391801672756,0.08854136503867197,7.385565705357136,19.725784601562257,0.9958625885868059,3.3925095845595497,0.7963034813358426,10.251923023630448,3
6.645782800501356,0.22891049937754215,0.11448933383765439,1.7226073043325387,0.096965981536478,16.974889390236967,18.389875937725776,0.9989325574784693,3.3754121819256797,0.48892763904917524,11.77932497689303,4
10.334171552829636,0.35819580847390187,0.26195183111735687,3.953217538242347,0.14554555723672166,13.733377962760004,48.419808005499185,0.9941052078158821,3.4562857838931054,0.6325539873611226,10.289338157328194,3
8.03049972585415,0.8906518275053137,0.0005106662788502692,3.5698984846743973,0.014959899236891255,22.491477210704204,82.22643908533263,0.9959158328899043,3.214961409345423,0.6480805955067348,10.183774062361639,7
8.253582282833117,0.3948240648209592,0.5726457950264501,4.9191493695344715,0.07384621286614877,11.467404740529577,35.51634486334576,1.0006258144413176,3.2242031851883617,0.8684862904667264,10.824079839525957,5
6.713444469575568,0.5355500212536063,0.2392747854203998,1.8429149470026043,0.15677852277683782,33.18439615602714,-27.333605987860423,0.9951207809658043,3.4619558545122846,0.6952966576627044,10.102986813803678,8
7.546420172974433,0.5800962773012658,0.20222277619126172,0.6997903758083992,0.1387600270842383,3.1032390203894415,40.757048939755634,0.9965269334958078,3.0310226438437597,0.9568331781100132,11.291596198841633,6
6.79583538615427,0.5262130372431697,0.6177880656888166,1.7923143423776846,0.10846318888249523,28.537347862197343,41.84560129679254,0.9945683120343493,2.8714560307202905,0.43089358400892797,12.577266980222266,3
8.005991698130181,0.4845113078548013,0.05155069329015413,2.7923949595480644,0.014708379733468974,8.35150771691897,39.577632379127785,0.9943031449744381,3.213343165274429,0.6820862137499176,12.809864065631771,8
11.209904416241985,0.26094124728015106,0.07488257719360616,2.581497817919079,0.08750448834794189,-1.9598273458402318,26.293781506301844,1.0000946219661753,3.4861746578131383,0.6904976666606758,10.506744689968938,6
5.967768057016695,0.7901855096558423,0.08075593502628695,1.9491869452156294,0.06050423018750334,18.378751563488674,54.175489663952796,0.9973420789852743,3.3511119397973603,0.7654158435897674,10.770581601164993,6
5.556945623609541,0.861439328727577,0.2864257236601036,-0.17287644256813994,0.10655194514086067,13.453920139861165,49.182656799917055,0.9972673576764752,3.4714583008246027,0.5217288108036885,12.136741732410833,5
10.800989556739136,0.16346826117546281,0.3863263259275195,3.158676194580749,0.04953266576025598,4.903906320969693,46.18059963382065,0.9936073675297675,2.8967411379153667,0.9463558776998422,10.235041774814102,7
7.944149748841828,0.2951942818227241,0.44793509362356676,5.26128227071508,0.03871383025126962,-0.8137689171526397,60.617164927617864,0.9977174827762166,3.3630993616646983,0.6622038700501991,11.147111356116598,7
7.1625763442781425,0.4440379315245988,0.8143990634989937,3.149951733372205,-0.013243263884182094,15.916392127285432,32.815516836120835,0.9993148438919877,3.4307729009284755,0.47519852280106395,9.151323857345593,4
10.06783796857333,0.30709244101796174,-0.14988649084015276,3.352789726674919,0.15109023424883508,25.758368916238176,30.942672899878442,0.999298954121657,3.0298405154778627,0.6572757516296849,10.058076936897503,8
7.270453582447332,0.6011931106911731,0.4217471178248834,3.3014234286171424,0.07001147442784712,21.849534930864444,92.5440685563182,0.9983366664592124,3.472411518109309,0.6067625411103807,11.671726078309838,7
11.404216513029793,0.3543455595186774,0.18857388548555376,3.05586533783536,0.09785728918512672,16.567066488392655,65.45872852060938,0.9947410288448092,3.277696220698841,1.133149974182046,9.609984802833615,5
9.452473981276759,0.9330112135613204,0.1827169702222453,3.8043323536153326,0.08988809417629094,20.78847573217735,74.28922001111239,0.9976262468343859,3.9142673403212003,0.8384904119192523,10.259143703397354,8
7.470550606152306,0.7381097188687192,0.17604557434922447,3.053523153659932,0.036628303351975026,15.72785867622143,87.46145131602427,0.9983351699209532,2.864552786220653,0.668442430470397,8.668369389837668,6
11.967423962551356,0.542514806126443,0.1182460658384053,2.062251962485414,0.02704675442759033,1.7027575696962884,64.3561579606184,0.9934111128298222,3.57382287353495,0.6409741635161352,12.606345123960601,3
7.270284630894325,0.7053972526639465,0.6369049669206903,1.3856155259877445,0.03973424370013822,1.7910601477655668,77.63682641149364,0.9947574408170364,3.221168380694785,0.8216796666218491,11.789330876798594,3
9.561562132415823,0.7211800848714618,0.46845946540278055,2.151436882607055,0.05384157805853035,13.968314710153212,-5.1183903483185915,0.9987763146434869,2.976569657111991,0.8298065672557965,10.606909522768024,7
8.808797386691037,0.38721050238835136,0.30463919571147496,2.939781295030932,0.10833031235069024,14.393467136339256,53.7370777758689,0.9987520915533439,3.1946089712870016,0.16503651371548966,10.958264159290561,4
10.512960191977957,0.33675655109160707,0.5702031504974001,2.0574838544278373,0.050214116823969424,24.509826785067652,40.97029076012719,0.9939028339327572,3.355495848267493,0.7693088363046667,10.835487917637705,3
10.95456903443565,0.5156286125939294,-0.002505793059775163,2.9400741563840027,0.17732453157973108,23.573042237747472,102.36357499969371,0.9985900429185384,3.5074933339130085,0.6647543124763665,11.922742928333864,4
8.354407053411803,0.6723272248995888,0.033858973733814746,3.1148101871805847,0.14135755179465756,22.051330157589494,77.6123025495089,0.9971906067983072,3.644392857626435,0.43710555029621406,9.82931995339149,3
7.019189620411489,0.5278120797306836,-0.13559354643893756,3.666451203778254,0.13041797748328543,13.197172869228194,26.195308703825066,0.9985620179092143,3.5843786177408683,0.8096364037361101,11.205494381921056,4
9.081952642996498,0.18460070356180053,0.1601170919753425,4.295912956374572,0.08401705487634249,2.1934782988986044,59.3022072314638,0.9957309573531321,3.106923595859101,1.0418519623049052,11.585158148737392,4
7.147883871421421,0.3394351112098315,0.3323397053409506,2.6092103858704006,0.1657140367860242,20.12071137066024,52.53348400382491,0.9982903669929618,3.5260329384532234,0.7546553109607228,11.736858567524102,6
11.72275832079526,0.48520542728112437,0.3205717155864668,0.6691128087932752,0.0790997184439438,21.251693132621682,61.99293729402355,0.9986876575489713,3.3782569914241747,0.8470728351836669,7.914692027785133,5
8.532110062840655,0.48486687913483395,0.32986838221197606,2.016854264453134,0.08843692929228769,-7.885314624776861,13.378198510636487,0.9962973301290886,3.1690793958142023,0.9667002456339486,9.74079807390834,3
7.678953362769416,0.8945084353579617,0.017788633786783636,2.561687594369239,0.09849872698746347,7.656618134173373,58.88054335286144,0.9970355050923466,3.257617881304504,0.5188554343775913,9.278912316567906,8
8.613956519970346,0.22280241152020036,0.4606309485228044,-0.07007625864792599,0.1250911520271672,9.08945622606104,39.47100547348827,0.9957029567409907,3.158031468111055,0.3442128543216241,10.564547114127755,7
6.009885307799516,0.601117848367175,0.34792550364779956,4.4441303281434745,0.12184540395014927,17.183502011234363,56.320842213834815,1.0003032778973717,3.307418468387291,0.7716672307626153,8.1823667585343,5
6.648256134531893,0.7978226216656579,0.4466108562931997,2.699329077514653,0.06624373607776983,7.966395672343062,23.0952895509684,0.9967594561213484,3.154068423541176,0.6179060388049533,8.149814819959836,6
10.340703643505524,0.9542899490845592,-0.07855243551801039,3.0338939684123987,0.06335031402870231,15.618654311753597,27.69291534391222,0.9951559513496456,3.094401185356512,0.42639051309683773,12.787104491063886,6
7.183279725748628,0.4191205153632077,0.362298171759558,4.411737047536771,0.12199514785760422,13.89465059647008,85.73678667210119,0.9955683481722505,3.3958238255565543,0.6467111108569152,11.079458327089675,6
6.520251329440703,0.59828589054404,0.062446952016494583,1.6178000378007145,0.12576182919456164,14.40850528462272,12.298930574774687,0.9972535412022843,3.4257461096519273,0.7836830535444055,10.533110167518693,7
9.212309679296387,0.6139520714397294,0.2205353494897276,3.303658703237642,0.07033244375885636,8.836057062992538,14.7341047656124,0.9985066623435565,3.2624805999816773,0.6346748169900588,10.80003991262288,3
10.315697062927097,0.5390963463106582,0.40687297972727665,2.34619022765729,0.010640596516077294,9.610149459333224,45.29781851188592,0.9943283463096989,3.5735302607871944,0.5262393027750436,10.560975016124099,3
9.522220628130615,0.4802309597521388,0.3182187212511826,2.2422783861777127,0.07963419519958777,5.197329402193073,21.5276176188635,1.0006953200058848,3.2479138827009773,0.6220037997495933,11.497085722206679,4
9.993281065869889,0.5871950779000092,0.12969200404413622,1.4189306570738691,0.12117628994129293,19.80067440573832,17.794055135327643,0.9976173505881112,3.239445090974892,0.6566890008987712,9.704311388729623,4
7.0134483494319175,-0.006449217043937083,0.3012546312368836,4.831844499161138,0.18027084232098903,21.711026285913682,50.46750704987373,0.9979329119459388,3.4320977964691393,0.33198801535356603,10.605276308680926,8
5.882921866538867,0.6364138980125262,-0.006307063048728634,1.9742999438942008,0.030102101882966893,8.293820498746612,-2.6671732778222577,0.9968056209123531,3.2735148830113325,0.6357282579609822,10.650163394731488,4
10.852267208324328,0.5252355807323934,0.5300534791796592,3.479249945653983,0.06867143735847131,31.206400960170445,13.737246247849953,0.9970385179347022,3.3169595458052283,0.4314621197353684,9.248456245695829,7
7.75144427396837,0.45550502064434695,0.25894319610074973,-0.12501034246071097,0.07052982192373117,12.85398552557951,114.78515423648022,0.9967034337241452,2.795912305876187,0.7720344118435863,11.804681364969358,5
7.87358387202642,0.9093724391439115,0.5237099888510652,4.151983941565701,0.15779026697157505,31.30185623796561,62.162676945977296,0.9990355919380719,3.303341476947595,0.3946227621502477,9.90975558610845,3
10.557930041143399,0.36501319624188955,0.19469366258079138,3.9730956183398822,0.08825292497706835,9.578728261683967,22.363409375092935,0.9969841428250933,2.934560812505748,0.8321576747736592,11.519163836789792,4
9.245591015981123,0.4193848021869938,0.1952848023186834,2.6364077544162243,0.04463367203138671,-4.265777765994354,60.80109758278451,0.9985341004369854,3.0558098858002256,0.59044193823363,10.526403999008629,7
9.075009212538733,0.8983106604409468,0.14716264267243068,2.182280547406906,0.11793476414609096,20.021978249123514,65.72190574055878,0.9961323049532949,3.0329354922488987,0.567694129848758,12.196943315649964,7
11.980503986331843,0.3335877390300287,0.47523478633861505,3.060000007858993,0.06976807399795268,18.485451051189873,79.81567586297787,0.9973912810566247,3.0914833692932344,0.7100572815413353,9.254483002626323,8
7.206019008353758,0.38997694341269223,0.1581137685343048,5.704306925232405,0.028780636332102275,16.34393795307583,42.8038510279279,0.9953921593115211,3.1902292280735494,0.5127741443120234,9.206765318338505,4
9.877328217738103,0.47059491531383,0.4289190864830353,0.03146862153512098,0.04536133463619246,9.577675215560106,79.22442419150535,0.9994330564650991,3.2027014768909026,0.7073867782021109,9.40373484989526,8
8.396922312325044,0.6681468964259099,0.22350952046614192,3.5948383426037784,0.17670209772113096,15.65427774514181,-20.268735321111706,0.9953325055185618,3.432855040851425,0.535541508302977,10.546625105565813,6
8.756606874067538,0.5415605014706627,-0.09519265997832399,1.2237357769845365,0.1092104610824731,10.887405421304727,12.141831694300144,0.9963500411114773,3.344477562826939,0.5653551329047892,12.095615235356027,6
10.898396324901304,0.24147493056954744,0.18593718644270676,2.4721142451803764,0.09538800277262714,12.976504336682494,52.40775625730304,0.9963700791750905,2.9197851142364026,0.728910208785953,12.152402979981776,6
9.163320785692362,0.3935662873745621,0.06417835712743034,2.1529678332898716,0.07750531320939769,24.41632255765075,57.87790658265712,0.9962920972246525,3.316658927509361,0.46644127526515494,7.859034539517716,4
9.215103334384377,0.37852911335755773,0.3067805447364675,1.900354439083142,0.10460744210593995,17.842172295300934,16.91118450693482,0.9984449915388859,3.3636510493166853,0.44506265870039935,10.674677877344793,7
10.123262473426664,0.48455579095539086,0.06191845286510195,2.485348819326179,0.10401179730012472,22.099513873319772,55.56085971168425,0.9963666844705267,3.2342866967494084,0.7021983362597581,6.8657510284334755,7
7.679580359777096,0.5851687317259658,0.48519502014292337,0.9121603966110934,0.1046084414103663,13.681314933742101,26.41327179332041,0.9997878490610821,3.2878228046186595,0.6554270250768046,11.274534973163538,3
6.87334356552369,0.5836411511775944,0.2817848279293945,3.940852610579154,0.09574225451388765,12.579826541952249,37.860349890503535,0.9953630498277397,3.3380620250794113,0.6886777666175967,11.629986356384729,6
6.5238243701642435,0.14479764919031957,0.2644808010482522,-0.011800915678040536,0.13343991691527746,4.465174691113564,80.81753542194537,0.9973387549398854,3.452919919527116,0.7156986702426416,10.355731297838597,4
4.957193798060798,0.7127881975121713,0.4311784275575165,3.255670317959679,0.09115521730003655,12.29963387431803,76.9949373973238,0.9954484280213748,2.985024002507453,0.6697538441471869,10.49237973524423,3
11.795552120898549,0.5505137691993247,0.4927813868151725,2.0428498064516005,0.04110305822236806,-17.21114555589139,14.09700919701234,0.9978419455650629,3.25113659227207,0.7633757460744017,10.481002782234263,7
6.424545778273139,0.7769064095187812,0.29598024964606967,0.8607051486695649,0.05937885545495658,10.097780336943652,12.110701753336585,0.9969681005460465,3.601667219611546,0.6765641687863719,9.53711388938463,3
7.9238688399041886,0.5888396654581344,0.14575994009014187,2.7833367188381732,-0.008950934674485628,15.18125822809161,33.431277946740565,0.9966898759106031,3.5833322616595913,0.3187583370551985,10.874876363853629,6
7.829417390188835,0.7202645915471524,-0.05479392322242593,0.3202684786109309,0.19134085580211962,21.63673654270156,46.11737206129347,0.9993769499330071,3.470187385555156,0.3628596189074846,10.145451198181417,5
8.822591386275471,0.5933090622900254,0.16279004859296398,2.5555993504074888,0.13313772959763434,13.313221224750432,25.28934987703355,0.9956913162578898,3.407364936791135,0.9877513606411541,11.423320880218581,6
9.686753261316806,0.7692451512405496,0.17655755067040768,0.5079723290638241,0.048496475243538145,19.476735422449995,81.34120061238903,0.998173030315236,3.6309269496804175,0.6600122174000067,10.275010372028847,6
9.762804930211567,0.6044501272035557,0.32141149059845936,3.145780918044964,0.075907757530145,-5.797886613902456,58.46386477638232,0.9954620801746504,3.683569600321333,0.8215410807919066,9.452874582862915,4
7.3087683544328055,0.4804169507114192,0.23097062377239455,1.2058997329174743,0.05815617628967833,15.431631477930502,60.40080862585616,0.9972253704003208,3.2741840023906295,0.6012303360433972,8.710548862047938,5
8.015893086563102,0.9544869440893764,0.4375865944102856,1.868608376158967,0.16712736056870586,-0.795027929134033,5.204218644815931,0.9946088493435531,3.1061135113423357,0.6501374339530318,8.349528692438717,8
8.78038591583011,0.6778074244559784,0.17740334574586208,2.9115291431204273,0.019006141786453545,3.9169648434066726,85.52059367366473,0.9956749657073866,3.245941536475101,0.5829280087739566,11.84376027834988,5
7.877225085487971,0.6147488842008826,0.28859176662941166,1.4184410434208699,0.09572380294093896,14.128344521361392,-46.0655711339428,0.9968357139088543,3.9193391027544107,1.0792076463484321,9.89643171185508,5
11.032487479233989,0.24473911669233278,0.5367974886393778,2.4188504004643763,0.0845736078717576,28.762639878735545,74.52382991102917,1.000629298334646,2.986128731454961,0.7030512118019042,10.772431609089814,7
9.134657417785029,0.24233847650729246,0.3683650427909933,0.38063729825720527,0.1313419315354557,19.71206763470059,77.83228734313545,0.9972016077409196,3.2058921720941163,0.5690741560639465,12.361552880918971,3
9.54929223628469,0.5585430964283706,0.2879924916622871,3.3832258450346178,0.08479953861376524,16.182309971371172,32.73076081982727,1.0003093366317335,3.0174617695014736,0.37923824871686757,9.78091523557232,7
9.426898156734602,0.5291042395536482,0.17961111161296456,4.97087932777108,0.0020895561672282376,15.804696105328977,89.00603716916498,0.9974406465833818,3.324952772575477,0.9955346852650949,9.70977476718073,8
10.294905557725054,0.37717548699833675,0.17335372065700458,6.409092415073946,0.07744410826787795,8.863711067955327,44.917780752506566,0.9962258315110502,3.0594617942210265,0.6322426745111884,10.254622072409145,5
8.607736649796303,0.528196539922412,0.12987734940961043,2.627635405333015,0.04139188910283374,10.560165866273163,49.06024620980562,1.0000787130452014,3.2782497954332763,0.7865189503254716,10.432375970461992,4
6.095385688475062,0.8177253856087192,0.1917986268434201,3.603485797116061,0.09397897732782803,20.273760454707972,58.204449984339135,0.9978740352441469,2.909980967996248,0.8055195393521128,12.476306485281432,8
8.979469517979492,0.6390804949100597,0.4511331677488629,0.007124057929515093,0.16170885182601633,2.1463948155550554,152.1569720897648,0.9957145568122345,3.42352413301693,0.581318811016837,12.122402653503524,6
7.1926932805538915,0.2717982980494523,0.25562234574154624,4.603828056827823,0.003028737788386082,21.930540502830212,91.36631896673914,0.9979411429188005,3.5444690512935946,0.7743169718156465,11.082962957497422,6
7.401351641025414,0.47769823457141125,0.030045386123753737,3.5867199066137485,0.04998886323000481,12.114929328811472,70.1373296235263,0.9964148105001848,3.223211275587308,0.557296491252225,11.994355145896556,7
9.296818831883659,0.33900670382948783,0.6536338586119568,1.822493177068274,0.06236535231082514,24.255570748695654,16.877451942160565,0.9930219316076574,3.2729739985848596,0.49162751845329933,10.20395908617536,8
10.405081221437182,0.42246001671828776,0.3639930382290326,4.232053120404613,0.07091844522933943,25.610934572320833,51.73846424082324,0.9988719463185313,3.2673185538537375,0.8579589977270762,10.729081023907327,7
8.336161680451305,0.41727686687407145,0.018611319897366085,2.143733492696522,0.12700628320526222,-0.7308401250574015,20.166904903069245,0.9991898681112839,3.336182135045005,0.6331078054302262,10.068334991007436,4
8.825016121418239,0.40447088347919896,0.21163021455183523,1.8587647437796209,0.08132277912193062,10.18419236772782,74.12965796033282,1.0006758840599845,3.2923660826067143,0.7481471817124514,8.980594779162397,6
11.193765405879905,0.24897292560532103,0.32217727656568357,3.1654688955984875,0.11079013628602226,7.444723120593762,51.63541019925027,0.9978442873843906,3.453623390486139,0.7298565689599011,11.724262215972955,7
8.709280405130567,0.474469063696362,0.6409184186594754,1.011303700237554,0.058711347813411176,-2.127279650731431,9.89078457274146,0.9965025531518349,3.546607826690189,0.7684484332093992,10.984868607388847,3
12.722861294106671,0.387878472630538,0.07837750834822613,3.9302746701599274,0.10149621727089687,5.674667237905894,49.6771112528106,0.9986699788547572,3.137185755501563,0.39538872118572377,10.41988082076603,7
9.261366397573626,-0.08588973800045363,0.49520814387118933,1.0216142633024194,0.12888988154388575,40.4125584526534,18.96922349936192,0.9986996407306378,3.2381343014451405,0.5605006096762172,10.397285365756607,7
5.306703309435111,0.9105944049003326,0.5798972853944686,1.0299232942475394,0.05338502251314557,22.095098962124403,51.99013530413905,1.0002765623662728,3.4803238897849487,0.6048392232256078,8.743163642002841,5
9.580680755877706,0.7177539308433344,0.17426913898508595,1.2264342962283319,0.12906790599032575,35.17287968605754,18.650448559946536,0.9969107447538671,3.015666190388193,0.5186486256067466,9.324777133532013,3
8.947969254300723,0.4247398550150008,0.2444972762279533,3.563300052522571,0.09261863843637842,24.290984400183355,47.90709190090682,0.9966688420548648,2.9058557436308856,0.7329311641627859,10.769768487125427,3
10.492579681940668,0.5037638099481196,0.09273815052524592,1.6365144938724092,0.14227301202411263,8.581568389915246,71.76550544385813,0.995568911160483,3.3452631905796957,0.8617718231913026,9.817976065998044,4
9.44440829715893,0.26566913053648766,0.259307771783939,0.6128059018859637,0.07992900499615133,12.18228803325957,45.2492842664715,0.9980749241734505,3.399269282214098,0.8886813914088707,10.160515654660761,5
8.064624827227584,0.8391445755621731,0.29268200513141374,1.652048000089883,0.10906223275810494,21.884361802403074,34.10068718331117,0.9939034766635383,3.1555399624092813,0.6023351899143198,10.28487832874299,3
6.218692998308079,0.8794577389546223,0.43192999961647405,2.455140681047318,0.0879696884160735,20.375062034730362,53.70811529489627,0.9985521747457251,3.1842697891759086,0.7096341966178442,9.649284354081178,5
7.944660462613758,0.5313387456493049,0.5180366942040894,0.8466385228698603,0.08518938689797105,10.226579842916662,70.00702648616415,0.9981756702437315,3.1479615356518202,0.735759395763317,9.335289847973545,5
6.854115227844191,0.704706128837069,0.15038078707567057,0.8876464473519192,0.10294652141128449,0.9000682942079301,10.462952093901905,0.9981701404049167,3.126614952131113,0.7656135360146,8.626406605982089,6
7.313110135331972,0.5350573557867848,-0.09346501284519892,5.455814867739418,0.11684037346124518,48.87761187388739,55.60165310527169,0.9972764504730037,3.4386991641209197,0.5107170375776506,10.238829893087306,3
9.300583287515037,0.23265491222481388,0.29575104414475156,1.2952084346605583,0.02752175440379974,14.588503276571943,90.4788470275742,1.0000659564950622,3.063900302600472,0.9694986456050443,11.080469402371312,6
11.138837657397392,0.4176353262072685,0.3587075059937281,2.0477406837177905,0.16168168044089387,12.742611068173801,65.9306797881316,0.9987439869308538,3.24689542771333,0.8175084313388956,8.592002443558055,7
8.970941600699069,0.5263855933543914,0.3498835375370083,1.9858681988809999,-0.00298315202748993,17.133344639053018,48.90588684001852,0.9957858456172486,3.1189327664970294,0.8219503884277151,10.373547392390192,7
6.2669987945401875,0.40909045625131113,0.2346653504981912,1.9101004691213814,0.0557593945130552,13.572714106889714,68.11133772106353,0.9958216419006047,3.008942204819757,0.8645882096730675,10.709257577960717,6
9.05582453597424,0.4562693445129928,0.3249504199327869,3.369885435956743,0.08528654646175496,17.227289077054838,61.93238305138852,0.9952406523731707,3.474035634949354,0.7508031101852174,9.31146155589794,7
10.334273527297608,0.4817200884981771,0.6030889616704496,3.8274001306608696,0.11061779845429741,28.86947286116419,71.86883660227386,0.9981025666655512,3.196034955565292,0.48535671808133474,11.964355992702897,6
7.263369062657051,0.4838243004269077,0.37634683379250183,2.071663795855771,0.16880862638706892,14.754515203135762,-19.789743162437162,0.9949997221575201,3.3376880160841513,0.6363746356356319,9.97571309405775,4
8.07217081665604,0.5104516980994966,0.2253263149993831,0.7689303987707117,-0.00291457441125538,4.372895606722386,-4.264052410887757,0.9991667842871667,2.998384824039798,0.3793209228394744,10.288614342697839,5
8.324969931039636,0.2878789867206798,0.19996043658080082,4.284216318988465,0.06461529358051446,14.38356205521389,80.15936193294682,0.999645946616691,3.151612109248705,0.7305623266488444,10.222603549342224,4
6.965672867760192,0.3565967701744127,0.2660295284644539,2.3665224723246445,-0.016341674389963284,11.355982185900892,-2.674212813327536,0.9952419674620991,3.451217576139001,0.631233678111857,8.452148135149839,3
9.40207673753456,0.24308314686000615,0.627347992366128,4.922450540800035,0.09158109869551238,30.238989372468513,60.250774978733766,0.9966289029308143,3.817454291169062,0.6531111948004217,11.509627278852449,4
8.094388147366772,0.6955631099372401,0.2633398580947605,-0.6438202565912277,0.10358417922500153,27.71119064737571,35.382361350934374,0.9970332419627248,2.9047567871219373,0.8646801921145608,9.34892935473884,4
9.013205154641948,0.0788706116319351,0.2960411310958584,2.7735645097966484,0.16953978710856263,17.07525000430799,14.1257548953321,0.9987679663209393,3.2597784409421147,0.5823110134454019,10.139827433053691,7
6.791263297736431,0.7307180686633851,0.2035372858127394,5.186048867426691,0.0960317380446727,3.2126414518074355,58.538441985866626,1.0002186867512197,3.3824561196286997,0.617139063008747,11.057427101405796,8
7.556320889450203,0.7772698794525688,0.5197966714883929,2.0054302103865784,0.14220125647211898,3.7410773656005425,53.63410562264683,0.9936290152142628,3.1767799693521432,0.6637354603137468,12.006993768758988,8
9.528048308307213,0.43956388260347573,0.6919674509489351,2.1843092073315096,0.11919185407695294,16.151232615845537,116.64130751918046,0.9963636385649466,3.4699043973988246,0.3472013175996825,9.212074489913476,6
7.666183641443997,-0.020627417565459716,0.39012260988627767,2.913716368226474,0.06823759014974158,19.36322969321281,26.381230250315657,0.9964679666088793,3.1266534658679372,0.6147691785204595,9.908868055846131,3
11.23583854709679,0.4277378876065419,0.31655458075708515,1.7176858535610597,0.019551962660398034,12.25377180673945,94.52363396228273,0.9941986602902269,3.330769532043328,0.23741486491134883,11.920660493007869,8
7.620618484455177,0.48716316774223617,0.30735656663484695,2.063099295126174,0.10375011491459053,11.198304157927659,58.62995617468238,0.9960297799613919,3.195585619100328,0.5604613344777244,10.910085267202993,7
8.681964033778208,0.2978803560142173,-0.17686135775714917,2.027058868132036,0.015394899142731802,10.07200766821353,25.186277909090492,0.9978555378887012,3.543886216590954,0.8053821390767807,11.13828849495677,3
9.885404414184254,0.39695632123835145,0.44903017285696345,1.6216109718030776,0.1547603536334822,15.766060397560537,73.37513309806909,0.9964426421943209,3.164727099392879,0.7360353149026818,9.243755090646216,5
5.888778254013847,0.8060390397726702,0.3268332831991687,4.220399170280784,0.0818968948981588,-7.827623520730651,65.66937064698038,0.9939107576627851,3.229625240742697,0.5588805472228071,9.982869517080786,6
5.306625019632682,0.6329854324603482,0.385668410132145,3.1455092452150093,0.14975887057557083,4.9867337123029,48.18282873031563,1.0027481653960197,3.489137807499431,0.6669356970980481,10.215381024381527,7
5.70638426523084,0.31508717712438,0.15770756118325902,2.850879524944623,0.06598927829338003,9.729491545526495,55.78774676254058,0.9975323557304083,3.0943922681814273,0.4772517735878311,9.456315766922728,4
10.44639297582621,0.18048016608091355,0.22310862420458166,3.6319994096461636,0.1034425393200496,28.075031949519207,27.299427975497455,0.9972233882602134,3.313750011352714,0.6596016214645816,8.557973411758702,5
7.3618411519828415,0.43459653647804575,0.21779501269936538,2.1299018335151465,0.10046744286673444,7.861863580710706,19.749024866601275,0.9948041472738659,2.9354931312626795,1.1581544485337267,9.838451585360044,4
12.64893878563603,0.45730864412991235,0.5043245968146077,1.4161146543059393,0.0877477940994538,17.804681418312065,72.06159173614523,0.9975214123239425,3.0824133082741847,0.9737862244632284,11.889717019542873,8
7.34077908228244,0.5992398374726633,0.22424803267938132,1.6563259735396196,0.06836702433017039,18.26542750930996,39.60999899766196,0.9966715724319171,3.3764262551781608,0.6689457621029344,10.465090812116546,3
8.613737215434963,0.3929366574864682,0.7165320644219595,2.5024962575464524,0.10962280092352601,28.97916505660762,44.35726105777995,0.9932229531745692,3.101860498092753,0.6872245080356136,11.911720004930714,5
10.921586919365389,0.6022999150723722,0.3861724838030075,1.0171036082779372,0.043691836825839575,28.6257740696415,56.234112666161145,0.9948594891199711,3.1910854136352413,0.49347389651212636,10.596923005652473,7
11.71035790987051,0.8870308080120459,0.04486346800085367,1.7996345767786543,0.029528233552047062,15.424970312050837,55.75451537786567,0.9985898520353479,3.3986172804095873,0.5236958516483214,9.558821497453241,4
11.804556080281877,0.6631002044888525,0.2742907413496086,1.7774367013799914,0.15214134466634138,11.245152588105572,-0.16777354214413265,1.000888035300001,3.184162771770614,0.721571334757798,11.805380914554895,8
10.354222592008343,0.49038229853384546,0.16966497556871685,5.474378721760619,0.12635839944460503,9.361668971743097,89.44631885301034,0.9977343308100861,3.4645684146432716,0.5707682638417976,10.63355875473469,4
10.040906293879488,0.46336990578934106,-0.13887649396400487,-1.3833409159074832,0.09329458043011199,13.589367775342192,50.999011012722384,0.9992061665565868,3.3431325574972126,0.813705431124769,11.458022715670138,3
9.307295813642012,0.42866537316402575,0.619894188022758,2.2485323900321132,0.17325711912718908,11.659666456764,40.31244232686907,0.9966884893828336,3.3871366223849004,0.9268465657662188,9.224839011767372,3
9.623213829483285,0.7361281824904289,0.4406285084440008,4.915971309940678,0.07661172406375776,21.53627409358232,61.21791817060164,0.9968269076786388,3.5481931197477063,0.7165455334127766,11.542631918575953,8
7.362984282241494,0.3745373108097394,0.4066414635798625,2.6705822497854355,0.15613516099944896,20.203098174852045,54.80589238929048,0.9991819580552389,3.363964612522813,0.6772953249927876,11.575778203098618,6
6.909061898182078,0.5090445417999965,0.3330807320599408,3.55478446278953,0.0987787042462911,21.918011911450158,72.31306875316017,1.000325554578359,3.607769458093869,0.3742674637651892,10.71874385879219,8
8.294263422401382,0.5102395803762171,0.02359648626151245,2.639756841139675,0.03876246249618048,28.592837114361686,64.75346118098105,0.9996021933869312,3.4822524566075646,0.7870937416962486,9.512385705609239,6
8.010686141707623,0.39964316143769363,0.20327657208891264,1.5657332662969274,0.1824020095885425,34.62869121400177,70.6889255568768,0.9948672738492303,3.1953095140331085,0.46557587873836015,10.349390288416128,8
7.529512316143633,0.22550689042317984,0.46835615495680255,-0.638682308312478,0.13953554233120424,17.246633934075568,91.58279888900802,0.9968660822193695,3.558629615004254,0.5889384481323187,11.072420261962069,8
9.483858660676416,0.5645949007235336,0.08975599404349943,2.787637961850824,0.08394894844952178,26.994637713956532,76.15961011604207,0.9975550493689526,3.352773204180589,0.823127901705473,10.658027021930188,3
9.92401885456987,0.4877992056289233,-0.20635386325016275,1.4141507535566524,0.12635856297669745,12.483398161657849,41.70395472915743,0.996480644072985,3.221064058267899,0.8350588879325355,11.061191011918542,6
8.450291706696142,0.600048093887314,0.2545787984438148,1.3795304313685748,0.06981482830010466,27.850069835830155,9.944261849464517,0.9977757150868312,3.355677139064176,0.5806937203504801,11.513470498418195,8
10.811801137793946,0.3932799387121666,0.27164848919449225,1.8014178416292435,0.1314574517529771,26.61509157175844,102.037331789149,0.9986411536233379,3.5224653648780526,0.5904843590636024,9.686708681290886,4
6.359128505973042,0.7441642597626096,0.3271126832829418,4.942805969272891,-0.029553928264197976,26.08415969942991,39.155128679545285,0.9990056195039103,3.391009018848444,0.5411157915463658,9.129416816943847,3
7.97077891922448,0.32464524375763104,0.4457037287029072,5.866772559155562,0.039009933315270306,16.94069841191524,31.387455359102766,1.000371740304443,3.6644785665102795,0.45636486329459514,10.358707318490534,5
7.081402054975232,0.8424080568035786,0.4275211624462417,2.804091112539761,0.13896298721434813,9.316418360091113,-10.311984986226499,0.9963411177905503,3.517306111579764,0.5520847680422789,10.037282525243146,3
5.126887750975799,0.15047269803434765,0.3517539610487843,1.849325886523581,0.07751722308905402,2.0547156213452347,58.16961247529968,0.9942719336703214,3.4046320066804325,0.38576789678450296,11.264431054471766,8
8.159442834067413,0.5869540129113783,0.5391062776173419,0.8518830155683055,0.10037711474443708,15.599627924789008,51.913257930474416,0.9977164691880289,3.094786383451768,0.776120638856405,9.218051771375311,7
8.09302923574842,0.5950861365053247,-0.0037939561626629814,3.1559562261644967,0.02266071689422826,31.33012542249183,-2.998792896232864,1.0007676220623696,3.2640534971979758,0.7270690128775189,11.522420061595447,7
10.872864563511623,0.3408885864118235,0.40091636289547805,4.996067840091202,0.18239334978510516,12.901550986359268,61.9580433903948,0.9960460482800919,3.31433282795017,0.7552899784279872,11.888973320501442,3
9.372379863743122,0.5848787875722026,0.42530767266738845,2.1537234581647806,0.14952648218588382,23.851265854600545,30.55966661685251,0.9983736939541275,3.439326300243549,0.4977513114022257,10.400335460688519,5
6.558882398640352,0.7559037339520318,0.05208754278395206,-0.8305944570545138,0.0799657390812335,24.43951400518931,135.7803952405269,0.9983914915849453,3.4274666082544383,0.4568380042024405,10.466809738139435,3
11.45195736276812,0.056636232129187114,-0.0005741217364779172,3.438069540541733,0.06976520715683368,13.163137790728271,28.21108066100135,0.9973828840946892,3.333908082043657,0.6690974266333053,9.555698848646832,5
10.375757282393101,0.600548961498163,0.15081157470487971,3.8795595960300693,0.14148021807098465,29.163448375195195,32.638620037472826,0.9970138494420874,3.324069983075434,0.6708974360415383,9.803073011128527,8
9.289566095896648,0.0013458359339844628,0.1676917114969416,0.2798161034598139,0.18912352250844638,-13.086607444805036,18.132384599605864,0.9951531415885572,3.4440913790152137,0.6349641293227993,9.950829651289748,4
7.914977031955287,0.3068670392953584,0.45068389270048614,2.747077857128134,0.1376880127905677,3.7724972126182497,89.16992519438509,0.9924366758551588,3.128282754874003,0.6107878442380656,11.987234074621725,4
6.668953297570085,0.825833272980189,0.177092243261781,3.1317164225905385,0.1985901333698301,6.843677036415402,34.69839878266315,0.9947762985866719,3.6391031638499713,0.9508318822080457,10.32094213560815,5
7.667248480679211,0.3836435933215892,0.12873029634375918,2.3976497771874863,0.0438824335469041,7.802849771326102,23.07783292573861,0.9962193917017766,2.8905666229673055,0.7324242520048063,8.945609747695991,6
10.150872653497117,0.2652240071182055,0.17767325266108816,1.3929207132805048,0.04903065847506046,19.362629511858955,70.3295153273779,0.9991948453748454,3.591081896434406,0.9950153265493036,10.680889776323204,4
11.503796720088836,0.46041245420306365,0.5237264668308423,3.922312112988979,0.030552944097332557,18.90037803053902,1.4483531313648896,0.9967937438752973,3.2909628943149674,0.8757240543233777,11.308919137084503,7
10.923513998062722,0.9135812676327104,0.3026086748753904,1.9352683556438444,0.11208803248247397,19.93990572175008,67.62864802621526,0.9959619485621637,3.5005159628543185,0.9495560574229487,10.372047493746246,3
7.468955982963335,0.13366355055879475,0.2641497949286176,0.4207393722200954,0.0987801774902185,21.96081494132487,105.7861906478283,0.9952180291160931,3.3727680868585224,0.4773413297194797,12.01613478369969,8
6.396650363408682,0.2897380176721311,0.2779989002597897,-0.36926427993755295,0.0824024438264007,6.498954308543507,65.69805848355793,0.9983136116570189,3.3692068821821604,0.7608390684696651,11.255259533992488,6
8.539506619749048,0.7994863366359253,0.5584120668653045,4.265189327999034,0.13046293140616494,3.8182393319268115,68.05064443657753,0.9997167143328612,3.410850895205304,0.5865998668711266,9.245958397123362,7
5.293653078543153,0.8715404687075465,0.1501656546793516,3.3633295670595658,0.1516164302607332,19.96319682007863,75.71198715794696,0.9991268714437349,3.4618108578175555,0.3772242590688794,9.793423906363959,3
8.84938511411413,0.4793137551419432,0.5631016581880208,2.6231629659808364,0.013716879535657894,9.697679263535608,103.42036494629212,0.998212299399517,3.2342338346825517,0.9143205388244394,10.64884890956707,7
8.049075603292264,0.25218945949467153,0.3420992597843007,1.883615508408875,0.06015139860494422,0.295249546320294,86.92650068063044,0.9940487745072342,3.506959826105247,0.6100722706300431,8.567191838170732,6
7.507737946823989,0.9191687003618318,0.26791612360493045,1.7594022201156223,0.131007179706153,25.713442845414814,61.50910083500978,0.9962966515143125,3.083105875284243,0.48063272285466363,10.769992411217677,5
5.589004785646448,0.8188884783498394,0.8001800995868562,0.9939686921817443,0.0666130658070709,29.951019065022976,76.82841622098805,1.0008946084577794,3.2989338853347747,0.5895241432477222,8.462259330019887,3
9.17312018116852,0.6357893975524466,0.0888721020402807,1.8959620976161613,0.05008969618209229,31.571608896986593,17.764147459651348,0.9992439009838304,3.4671939848544553,0.5246418991284507,11.525776801120962,7
7.3944085725747515,0.337519530212516,0.22926284808659878,-0.46812210116824415,0.14092687138251975,17.8700772147472,72.61768849466162,0.9939249935635306,3.4990035159231776,0.5420713455051666,11.39800105327088,8
6.311141379292511,0.49019413183239263,0.053513752167199946,1.4695108851440801,0.025524996513800996,22.259320959729024,13.81665295093633,0.9968888189536015,3.39215776965228,0.6223274236689497,10.955259497006578,8
3.4171542374211974,0.46792798379103384,0.4904923941072339,2.0646874771084684,0.07492100961044475,29.69868223361911,34.88826018515632,0.997726196865322,3.221321512408853,0.9542385828176063,9.656533799212458,7
8.253224661413919,0.5661702609231155,0.6378377867303358,3.3538320660665866,0.10643220129024042,9.585842099765658,-54.72455177972684,0.9954756830739475,3.4793415556737406,0.5467260731874136,10.587223107074893,6
11.312827714338566,0.7902002876262673,0.6339845562809279,2.4441029512772907,0.061309004304494055,27.10677684054092,60.24717875912625,0.9923815919571823,3.166126752176249,0.9420760129172625,9.835284763733886,6
11.12414066473138,0.6758834082274806,0.544789750629201,3.6128923594257825,0.12915778280065873,18.753962341432086,25.75222363342436,0.9971976480900329,3.650281814749782,0.8043022553165187,9.266103194804927,8
7.522936363803339,0.2845247846030483,0.26047590644080687,4.388789147158802,0.06155615124013154,25.13711652342591,83.66779210174727,0.9954244834847591,3.283065820500067,0.7273661658096346,10.027382687051448,8
7.2762394973849736,0.7752992900039075,0.22695180450203067,3.981438131353742,0.16043097467229595,17.860930208759353,59.87635614997829,0.9954323165218306,2.992074861158808,0.7871804054828188,11.168092090141306,6
9.09691623532754,0.5626264280026311,-0.03423395449881306,3.1587137863299795,0.08371268512521136,28.96256709748002,84.09516452515363,0.9962906392801385,3.061063306396689,0.6623214628523678,10.448195612114937,5
6.6027447533799055,0.6374131591717833,0.7071747070363585,2.516607750853098,0.12356350683526768,18.23523762541537,11.241314025806254,0.9967326481706904,3.308728727375917,0.8786285176567825,11.995780916547865,4
8.813046229693093,0.7933081718557207,0.39379561562969356,1.1268967882210172,0.12730119764914083,1.1602094053258245,81.26673922626787,0.9969818344118087,3.3279650542652104,0.7563866447554072,11.242358593428303,7
9.602336473253974,0.27768395009728974,0.2016086190261034,3.5359216719310425,0.05862299986279636,30.51926632314722,116.4932593639898,0.995232020202156,3.693931336990219,0.3770067825456628,11.12455989529618,5
10.385786480603324,0.4928348842587074,0.5656113777973935,4.851646335110141,-0.012674327432794438,6.52469259027888,72.21722389775252,0.9965595809407318,3.0923001324771544,0.7103628284212941,8.630180795609835,7
8.12973806998408,0.393709089728157,0.10544709664799981,2.9789484555105856,0.10803778773319174,28.53058210243914,73.08151728684552,0.9934851532591945,3.307892439860786,0.7932754343087446,10.086325616829194,8
7.953754624699159,0.1864281149269088,0.38132440684453484,5.184162807796572,0.09361441735624347,15.09757118559678,52.596723321032854,0.9976220781307361,3.0881157185835884,0.6108697928377931,9.22919034852238,5
6.807429602513847,0.569341995520984,0.2654741731418331,0.364199608714483,0.11779130137875636,27.760109851977063,29.68593024134298,0.9912874491733177,3.201469029357319,0.6814634983613685,10.198696832413706,8
6.894303398132239,1.0023113103168848,0.4277354279760602,0.8841712613086421,0.07867362638085809,27.34768614866765,72.11934829914978,0.9964210198391328,3.6367944060138675,0.5558141409053509,9.637396263684527,8
7.914985883767406,0.13198445109884943,0.2872852921627757,3.6972821108475675,0.0684786150599642,20.30142974315371,-2.7007360432682574,0.998838372307354,3.0727327553688015,0.4258036384691947,9.984634551636267,8
8.924521361587503,0.49354387779010594,0.009814421777755156,2.8700062942145514,0.19042365054908497,21.08535317627131,33.21408087761306,0.9948813186254504,3.4174084848135666,0.3964359319416892,11.567279005611237,3
9.853093864596525,0.6281085870149548,0.31511527453400756,4.3392950472005305,0.01638229692446111,20.226286171925658,-11.444874477127016,0.9984328604073148,3.378581471802878,0.3986984421982932,10.922774921906418,4
6.934595783843415,0.5246156403312362,0.5097728283750724,2.4783397029825647,0.12669752391821193,-4.138247562810779,23.779339548602263,0.9993114654242418,3.295165714728358,0.7737376062199905,11.507825871879799,8
10.837570567231188,0.4773743894968519,0.2941567188292029,1.2848344084603354,0.06126990709083044,17.183302188982022,68.18748803248752,0.9903842000950053,3.4038873246383474,0.23665210957602412,8.639248580082416,7
7.839089878227634,0.24015672731083515,0.4550230243178172,2.2009694609129404,0.0732110691129789,4.839358239281051,63.67798141527528,0.9966972741928485,3.067995923611342,0.5466984124162082,10.46377216627723,6
8.263675599607659,0.5465573485880327,0.09089410286518934,0.3542424407067726,0.0741448583713017,17.71187143745663,48.6801519526706,0.9912484531447434,3.6312645015607115,0.5298389415082858,11.46337547953626,4
7.0297401454487005,0.34864720459681475,0.29474784134602955,0.9199730576641518,0.04982828629143714,4.570574536167845,52.62323280404635,0.9967635831088582,3.684969099024704,0.6120328788821311,12.056925506375872,7
4.178791557536,0.06201565900428929,0.1750979089822845,3.861421597085214,0.11856121051181197,4.150480587739251,-15.233532389518906,0.9969856575780374,3.3094209395518623,0.3444066365108455,8.697102771338258,3
9.802877173813785,0.7389184441027461,0.44939616802094196,3.721902380257454,0.15953217979749784,32.04934501753902,34.70544474115981,0.9920349120281783,3.784621226122711,0.7286609761059052,10.013368000222714,8
9.552634625057138,0.6916771639684085,0.30629831245239914,3.0082059987285077,0.11350068306233307,26.694473881241898,24.51539698763807,1.0008496767241597,3.220194413690016,0.4435625629928172,11.53764934140524,7
7.821743152899038,0.510332195370216,0.4380147352673225,0.0904914706553428,0.09516909981060476,15.958574150558455,25.25103021302015,0.9975720316152692,3.380086398771256,0.8525089419205758,10.18849385590741,7
8.413884219282282,0.5458149376411405,0.5175420852315732,1.998234994281956,0.040677975045037666,17.847686502490237,66.78609471785386,0.9953019531358359,3.5863778127549026,0.5542998331098985,9.398540558413304,7
9.17709667009697,0.7148636025431123,0.4383237150242777,0.7850001558759292,0.11584126329122255,13.520839742569912,18.603258225324755,0.999930758854997,3.208199107955418,0.6437457860199736,8.695000903654392,4
5.643672043292878,0.5448679313556165,0.3546236868587288,4.1471465553028715,0.19781748158646495,21.698763759795227,27.04553194579544,0.9934087735587154,3.023690188224112,0.6606415556143851,9.356428311870516,8
7.4006104485113,0.6808035109522629,0.10035754829771892,1.6827890130123584,0.07096526881024537,9.239456334511951,-21.873285108414038,0.9945416579329633,2.977656586876229,0.7015209789862973,8.542208164579899,7
9.650249955357108,0.44050355982523,0.2994427778666197,0.9799532049058308,0.07120082103240669,25.93740262867957,37.2939350475864,0.9924010889526602,3.712165312780532,0.6662924441743442,10.464306502517429,6
6.167707980612277,0.7623967477147893,0.19338191959683337,2.5417146311699943,0.06194554345095013,13.469131589858891,11.10136092545055,1.0006020903930786,3.194195069872244,0.5873912067154526,11.385941204356527,8
8.79904848468327,0.5641571451865368,0.23118720865915465,1.6037837604315435,0.06552928827527897,11.80153004168771,49.61369664675824,0.997664692742944,3.2628526473163,0.7183182502179873,9.012927765200535,5
5.993810932140212,0.5388103887211748,0.22509316984994981,4.57724147428519,-0.04726497768361923,16.217130184848426,15.613434457498666,0.9983188035796969,3.077447184335789,0.7392450121841423,10.683502715332159,6
9.092930970136996,0.2459877822575936,0.10401488504355108,1.4712647434521329,0.11025176929278564,10.088531700743895,50.44989410312414,0.9976020024678369,3.4896678558658376,0.5299271065913645,11.329798132390454,3
8.23940948009428,0.5573911708603417,-0.09146771782679802,0.5410804370855165,0.04772239118226931,19.28682349496483,42.22536989550267,0.9981475355222892,3.1436880281550827,0.7324825292255047,10.397020840466816,4
5.554275912960635,0.33360901650110975,0.16637139033444662,-0.5140789220605217,0.009486844060409977,10.626374106866002,102.17737851039658,0.997156155427792,3.2017473944677355,0.8625924514082883,8.62823627559103,5
10.280056902577192,0.3723434546943012,0.3386758903848318,2.456898896621219,0.12765949748662744,20.68523602818836,63.408193354955394,0.9975418426854149,3.359904083883232,0.780002013337774,10.824832710128753,4
7.051194319443317,0.33692487433677576,0.030364590914501943,1.7132978405989032,0.03589911074790319,28.160065389114763,-13.708049794556004,0.9972152068724459,3.0871908145508855,0.8185037910800218,10.339888360759083,4
6.922570857075553,0.286753013620155,0.3031364472943249,0.49953355088358276,0.07306654730581211,8.806783131918262,5.258668144610624,0.9957828163888615,3.264283546097155,0.6892265443142658,10.22784488653906,7
8.640967635292604,0.9249542806033924,0.680053684862193,4.1649170457580995,0.163322119559429,14.694245427048287,48.821864296746995,0.9969067504695707,3.5804419179006537,0.5008544241672706,9.79847902966349,6
10.252683494028817,0.7662678123976807,0.5046113110504479,3.4341432064009387,0.019539210098774323,20.613307130354215,16.315017703042525,0.9975471891465234,3.3856508795033724,0.5223604418503803,10.495466168901446,5
6.573102907736726,0.8840735004288522,0.6287083018241059,2.460494969487878,0.013370088270111893,11.641426450185932,-50.956158197783125,0.9972210982391042,3.3261084584856717,0.71438095453525,10.960799699291655,7
8.404855744741553,0.25542099608888724,0.3782255753865452,4.410056741839213,0.10346530947811691,20.64320560826665,91.53502835651352,0.9940444557844934,3.3429729418927727,0.8202698332758928,13.029712947769434,5
9.028988050561974,0.5142507499821785,0.5335019645972892,3.427550446758058,0.14747436820051843,21.5539886065174,70.76739255787845,0.9943100266627832,3.222172980804687,1.1336050253789896,10.523565275225925,8
9.478279532347345,0.24129847495918083,0.1552070539064425,1.3480017378741949,0.011282914113401848,26.832617762943038,64.19223682522846,0.9991656828678328,3.699230463950985,0.8269097305545627,12.062255276013941,8
8.599950643971283,0.3608610245605872,0.17113194659560313,1.0450917704129274,0.11038448684185885,9.94009953915088,26.958339499459804,0.9963860119082332,3.137568573893186,0.4610259212254247,10.793530591769565,6
7.6760526735583525,0.316374603316685,-0.24782804122749463,3.645174162235406,0.1190499769980846,6.572247597695254,61.113333443327676,0.9981694506940719,3.3421852323927856,0.5295636626988031,10.290518839587472,7
6.8930966248971774,0.7479168012883123,0.5372290948084598,3.0549137390542915,-0.01295802418461603,12.924226104362562,23.756109300710907,0.9948157601805552,3.3230051132685614,1.04734794371252,10.563402280482421,5
8.446444601178838,0.420754064379648,0.6080647959639772,2.7376468751589265,0.129925066895361,6.322476604529001,53.760290907183794,0.9940537082467069,3.501752501426627,0.6235538815639478,9.05608999333824,8
6.477363679624469,0.7136758667388032,0.189364550930546,1.3149030759835298,0.13383029399210897,21.64498204047497,16.620753547396244,0.9953128067749366,3.520634787758728,0.6680774879094191,10.736446297827241,7
3.3337041780591683,0.6208241779177036,0.24920965872055298,3.3511265938080554,0.07441072133719875,4.382486998235887,97.03751886834846,0.9965548698584572,3.2935962391025857,0.4967291235304311,8.20872842869649,4
9.042151667068037,0.9607277504209578,0.1492275772618077,1.4423015636124712,0.15261731811490042,39.330164182526886,-4.817809584700875,0.9956697194014311,3.35813329862261,0.9260675789476215,9.451067006322615,8
9.836689229846533,0.2041111553720552,0.37653071029549834,2.357218683568851,0.14682277871624227,28.959278615737507,87.66536637385744,0.9995878670462114,3.3657069507827897,0.7450566452445063,10.520827402447193,3
4.283014859578875,0.7518466479573598,0.5249865090606481,4.525721804941772,0.09515589628586024,16.12575769600314,48.2842223245719,0.997359046603075,2.8455716688858783,0.528317770859497,11.71338050049673,5
6.583457801993107,0.7292881740801456,-0.04855439477620821,1.574832069865796,0.0674277304837533,24.67394492997976,30.847589153714303,1.0006978772371238,2.982202079504445,0.4910497008942639,11.973686836698233,8
9.352562243708837,0.30532423239459305,0.38188770612845047,0.29781504009799464,0.04135860537085214,-0.36801864310791643,52.511096415959365,0.9978088163081428,3.178987261855606,0.7122246708026383,10.139798762394973,6
11.797742298509888,0.7014266672946319,0.2446656456561709,1.0264339313818456,0.08812182453169043,41.23373331399558,71.20048423687997,0.9921748983641604,3.187680264724626,0.667515049729677,10.571289051483486,5
8.335349303048194,0.5672289926052457,0.32267887839333786,3.8920183573626725,0.11848794598520895,10.097853877995105,92.1026423109151,0.9991120832129171,3.0601435156071735,0.8014587369275916,11.48279871654023,3
7.062394999910472,0.45450474800931845,0.3917988003348582,2.8566235923322933,0.07379115694796794,14.795025861006405,57.33371976340656,0.9939808967550601,3.449916514274726,0.752984640431624,8.93755707058779,5
7.989076050121772,0.3352129026056001,0.26235951224543574,2.319571669835745,-0.019875050263101504,-2.559332871884365,17.60702918634485,0.9974610673344226,3.300423684203494,0.6150383407093342,10.845222255847055,5
10.637289912551914,0.35617810971016284,0.27928262931884384,1.787268672563803,0.1534356947288285,20.862873047408947,48.83579408427102,0.9954506318846723,3.2570610905226323,0.5675537287715677,9.48931784589761,8
7.201860895488291,0.9099624191571852,0.2572249664890722,3.1795038705744663,0.09951116109224468,4.936558429228912,106.9541768098583,1.0012854220689285,3.0487689450985225,0.6328098347891983,10.21099245085561,5
6.941373588694569,0.5001365637914965,0.49406324035765625,1.3112532086136872,0.0710187751661583,17.016557615660293,91.47337682191659,0.9998791958548603,3.291091027151042,0.5663842560683504,9.895074424456254,6
7.4793360122905455,0.6564260003062918,0.3837519920254993,2.9279317960996343,0.13285791942116443,10.557255670754618,76.98919477810384,0.9955163587165965,2.7746630488002775,0.6378667594231905,10.878893939752963,3
6.679341365960189,0.3418201236664894,0.34411670754747214,1.4762436036618605,0.16623192982413781,5.222560650696565,73.25767166403875,0.9967452846637578,3.2674087378388315,0.662794957865295,11.00533404141,8
8.508539537191153,0.3440294107556722,0.045809655781543446,1.2432768606149245,-0.05009557847439458,7.956384982373828,70.08185299001588,0.9974891961392984,3.312636733761551,0.5073517481253903,11.380186545137137,3
11.061953379398254,0.7163969618499885,0.22428405135736915,1.6075175912449837,0.11171318249610357,18.257880340855213,85.23890953882571,0.9987268281431232,3.3483829968642995,0.7672155765566397,10.783018711310893,6
8.84923476429725,0.23008475768969355,0.4797338320678348,1.9744295749224534,0.01866753945948263,3.185090271311756,31.931250071177125,0.99705830382465,2.987179647304144,0.5970272885401561,10.588819146965786,5
7.870999046385312,0.4169572464189457,0.30753931462478457,2.4316382296928154,0.11495552533994706,8.51188328976423,2.282159829424799,0.9949502102012383,3.344963347338295,0.5168796604514916,12.439426180482462,5
7.803920842843576,0.5068054822144464,0.43190629391782764,2.82963811315556,0.09639636011872896,22.63273381264478,49.27711552432302,0.9955648827215999,3.091713746027091,0.6002267371920824,8.723205022783105,8
5.6425756252156845,0.5222745203680105,0.6533023600655268,-2.6637114079998216,0.12178632632202749,42.02479874874313,20.019807636336196,0.9969910364072464,3.1375060335415332,0.7011838866254487,12.265170846142164,3
9.80128662115017,0.4641813429967687,0.5077212138417633,1.3692892191545292,0.06503761927526723,20.775888195530047,12.184315072552913,0.9994689139575293,3.443586277164533,0.6741164939682616,10.081195900244763,5
8.167676765078237,0.5791639562191846,0.3186316675399485,1.9518020317015452,-0.003662005590957612,6.827383578227126,23.23080697259825,0.997855675721072,3.702822744671949,0.7317600795337587,11.027980745005136,4
7.9931841468959375,0.6385711511635623,0.19780216596085456,4.607086854051662,0.06748159043716659,12.32885829927689,129.01535950961164,0.9954531701467699,3.310271751760536,0.81271884126284,10.041774351347039,5
13.728282865336265,0.646927509091866,-0.2107099192111797,0.9879963482650151,0.11034238175698916,16.31589006152578,51.492112924502855,0.9982967455554196,3.136580908271953,0.8818398346813656,9.627204207493211,5
8.807879944221668,0.30283923826643466,0.2663230155054295,2.7279152653398775,0.14076961643376118,12.505750493642926,58.94295859991261,0.9962260303222437,3.3377340895019993,0.7085326476569691,10.933034912073651,7
7.021955214838187,0.4431689804142406,0.23479750083663015,4.593042433630172,0.03140843497637374,25.03058166736933,6.6620273688596185,0.9987808160103737,3.487805831499829,0.47820159416996555,11.546341139475889,3
7.575192086450577,0.7389525723753876,0.3780732388790751,0.6618440580738181,0.14135302134365088,18.174734830142246,-13.843847640156781,1.0020540208366573,3.424199513174547,0.6142511635698489,10.920308750464146,3
10.252357705634484,0.6789294375147745,0.26921895460506245,3.051565316210163,0.05760638551767393,25.0785238490987,19.971262777079406,0.9962823472581129,3.848622574492749,0.48926587465488863,9.80367263464883,4
8.492559697914201,0.22542810970378718,0.23592298811264112,1.3768194324916716,0.10812249407972632,12.855562097023707,94.4604543118887,0.9986032103194528,3.1569324861810664,0.948465192531088,14.372485069097237,4
5.854927436860478,0.5702959800704404,-0.05587978610144417,1.7935127607950716,0.06450530235671836,29.255002197212566,58.0310903805252,0.9955092133359246,3.3504462959838595,0.9978581500296178,11.718431037952879,4
9.862689188777846,0.10435495012503793,0.11200643416998668,1.3756448324653598,0.09910853138560508,14.33514415718454,66.75363801766494,0.9967754724656174,3.6097835906836404,0.7705529035743783,11.426676534627978,3
7.164155054583711,0.509386980412074,0.3953302081601115,1.4753997682177598,0.13459388172851372,6.288101308620083,71.37267929366803,0.9970591245737442,3.597231847403706,0.8059380032486352,10.011739346183576,7
11.484606219569828,0.8795534033491954,0.6431815262265389,6.31067700706909,0.028649296135573203,37.77320381042222,27.485470466656835,0.9966126326799112,2.9099844146951237,0.702660342850232,9.712317632882057,7
10.136081711714903,0.31042145654620273,0.2804949232508753,3.6822382209003317,0.05600470516265842,-2.2497774696111676,92.80286427112114,1.00192602737755,3.2993284759920036,0.7222295056283345,10.092177016572768,6
7.539552777380123,0.33313539090168354,0.36556221471482464,4.042433006500692,0.09924812936710432,8.612612746950724,26.117349225667986,0.9963868138506432,3.59690415316974,0.3884327828840492,11.589547198831731,3
10.477727814949692,0.652805956314572,0.49049563139056107,3.1887908815710944,0.21007918305151763,9.729721481696053,93.40566785566425,0.9981737030775697,3.8781285980798272,0.6474314979063253,9.310335229216589,6
8.415354367896587,0.19143969695807078,0.13782121275995002,0.25124049623725897,0.046840514391658594,41.08306273056563,61.59597115246624,0.9931398262613531,3.4407591767501637,0.5102039794011358,9.224975785400252,5
9.749715247707774,0.37344899402299214,0.37336280865708843,3.05294115845263,0.19200669429984596,34.068588841465115,-12.038490090128633,0.9978639931267392,3.226427341260703,0.7078306113815229,10.99350228669712,4
9.124045789400608,0.6192882275163505,0.15190197873356828,4.002101460310286,0.19022116518375853,30.939281436421975,22.315686942182346,0.9992841091847044,3.098159369512522,0.6498663262839492,10.751116089106333,6
6.861193686515516,0.3731428304621194,0.4729648876982023,1.305240736345244,0.08513444246492044,12.693413376236682,-11.90297158477945,0.9959448053148419,3.74374867150617,0.9909597335988395,9.552655108320014,8
7.205965285060316,0.4528060025578057,0.3302806095903465,3.851457334025577,0.07509237369000499,40.261780038417754,85.38831038220889,0.9919795557179192,3.445748317293152,0.8158267070828831,9.199676063743253,6
10.050933389887975,0.6488371420630069,0.35969036279628797,3.4860706937957104,0.055396740066765406,19.68352003840971,46.183731113520764,0.9969226964623453,3.1303866146229162,0.7083670370286796,11.981686692705276,3
7.730881935418881,0.5843092167073123,0.14348028051628217,5.092856062739138,0.08658987348336654,25.772633703031225,-26.53530051834275,0.997034367700771,3.2593687267332436,0.6146202531862636,10.792704867829519,4
7.613797612488606,0.5533636792590804,0.441406471922157,1.9151037824809336,0.019664028372022094,17.79695381106207,59.39964709674872,0.9984481501014886,3.3620373033657405,0.944923647989188,8.900110549899164,4
6.6762916151061,0.43217554414599224,0.7169425842462032,0.9633446248139828,0.08618804913397012,15.505334286767486,29.27357934118544,1.001021806070827,3.408761330777623,0.6549077101584899,8.977011910309477,7
9.020118411508884,0.5740122230537911,0.09841766091435875,1.993720646878436,0.1648440136925428,13.482213260736208,-1.9655932160996699,0.9962398926987994,3.1200762684908416,0.7163845734779972,10.002336830304484,6
11.806292362713346,0.4752534639800487,0.23204819847049524,4.509799390429073,0.05944574687616411,13.903600065808378,102.37287261996701,0.9952874237526794,3.177161916374901,0.667182432752562,11.206125987697398,7
6.485194045767737,0.591561121985157,0.34632149483361835,-0.05976823317874791,0.07796378480054746,22.084916486780788,50.540433581187095,0.9946661643972571,2.9694130875254077,0.5912938360297552,11.054509682319107,6
8.34117307634369,0.40061359497640436,0.4572812423991633,-0.3957260016034452,0.004942976286637896,19.67199798775388,37.316763723660685,0.9973961572340632,3.5079524579209562,0.6662060578055384,11.644846390701339,3
10.70077494420623,0.4634862051240918,0.1880907429421062,2.6251533905042583,0.10870310440655218,15.685286297963161,33.81898222746144,0.997958708517637,3.2316763066459364,0.3264656353846863,8.760615211793123,3
8.164609634882286,0.3020084414895972,-0.26660605802854803,1.8803749901161815,0.1032240842475687,31.095239926988544,-2.938222482206484,0.9959086892112748,3.3932643298366583,0.39688991178899813,10.646231358757623,5
9.069032053624548,0.4929984779987528,0.571837898832805,2.5108190504459587,0.09318511798828855,-13.667530687407307,3.9498863137243845,0.9985573654914516,3.584451701715265,0.7194371920838367,11.968501365553497,6
6.493931002150305,0.337799827274231,0.4521012239168285,3.823436479730211,0.07915864748889283,21.09887247921195,89.40225390087775,0.9979307681536383,3.343974028474789,0.9265939473896727,11.866081903523709,6
9.028122065253003,0.2771907099676013,-0.048589506097333035,1.7264029154336065,0.07536210406137726,23.177387066589795,31.36186529707127,0.9970864633792897,3.2774059048101862,0.7191975877045087,10.794800979553955,4
7.981854749492268,0.5517322295710776,0.1784862416440888,-0.12220816330286866,0.1150950116850336,27.469628682551694,47.7282341309165,0.9951951705585117,3.3387842953767866,0.5375372946675688,12.982820359519264,4
9.975740992655767,0.5425479551715321,0.6136364859054653,5.362274180079922,0.08855916992056884,15.35128558946639,-20.462905714635454,0.9960362713690305,3.312638720770045,0.414714861808553,11.070213628057447,7
10.318556287660078,0.6565747469897145,0.5895592836915732,1.1038803975857134,0.10574859357776661,18.079200673839576,3.5029628187483084,0.992140489404635,3.549232999575589,0.7933696342808586,11.547021296125479,5
12.702258191431644,0.4137748860849802,0.4877280045357889,1.0173480291830634,0.10074914087272739,25.859483833147213,67.12381315586684,0.997471574128396,3.362167679507758,0.5635768243274328,10.448892710653057,3
9.285376394463078,0.5816105693673511,0.26477751320802745,4.045208019211635,0.14617136435478809,30.9116640428018,59.46448808375651,0.9970526825774949,3.1911197960842173,0.7693500211539352,9.540927177871284,6
8.853853738189684,0.6101595144547327,0.31659748376250196,1.9617152305418748,0.12384970486875271,12.99464014821232,104.8613815579024,0.997376957982179,3.5095698113779497,0.7262770768711719,9.43726987914338,7
8.630453312681471,0.588954761566319,0.2738148389747747,2.411254207151265,0.09964309215750952,18.669757831275604,91.31755894383048,0.9980086380311292,3.5460968712716703,0.7413110666832973,10.599776736273862,5
7.699617302221831,0.3348692634395716,0.5256479566537675,3.175906173684445,0.165921101532609,32.785739643487574,39.38653790800084,0.9977716429728645,3.032333874635907,0.6657122902501046,10.167347792464772,4
8.875422533884876,0.5298726964542377,0.12483151870097794,4.017016344353994,0.11101342645282808,-5.240270758788512,62.607467635537944,0.9967792336387079,3.606556776953621,0.725219545444839,8.45455576309517,5
7.797817602763651,0.5728280592109323,0.13884006902315904,2.033155029545519,0.15524813443952096,9.099874001854149,36.55208638419856,0.9970973360863254,3.372942354641697,0.639692751786423,9.271627056581686,7
8.586383659658345,0.5014356933815884,0.5020549173672031,4.627932808280018,0.12034713041933189,30.65835978602963,114.8087240150754,0.9941913671666076,3.3566539900293195,0.5519978891574054,10.049756068540498,3
10.539915810533532,0.08270446832578304,0.2911277088976877,-0.4901197882287276,-0.0020959539465771615,26.925378336083032,84.91748496972919,0.9958325587086212,3.501324926319303,0.4962051597122713,11.200007313530875,4
6.588877639024611,0.532097924794696,0.5756934710907616,3.563702131734308,0.15524173816596648,21.22445210926694,52.59960799830579,0.9971009421073669,3.186604721799144,0.25454850434493365,10.382318725221719,8
10.237793553919378,0.9425062078794484,0.16569755860389085,1.3246614187752799,0.09675881206713345,11.514031268908798,53.6130279009196,0.9955282928481752,3.490832902838185,0.6292113743912334,10.320729368449435,4
10.539095614477771,0.42799214624860343,0.28904432793223495,4.4211798432511875,0.0874022614549611,7.181815010145806,94.68005947957366,0.9987203015917451,3.2246449060524287,0.9182942911018321,9.314396110296352,3
8.099283504115167,0.3543845804289357,0.11551740303120933,2.6988622703627634,0.10406741737447885,10.087843807576263,66.12606895475696,0.99568273583809,3.005009864057932,0.7841136157313916,10.425482688068309,4
4.692846671685389,0.5746697119422797,0.30147253628471343,1.5579325351868378,0.07275084190214662,31.480082208186925,98.43472456331284,0.9974326108224967,3.100448744178613,0.698710550140913,11.851011130190587,7
7.266702621939466,0.5624756420933144,0.004290612600240218,3.4279775302302857,0.10135144301944726,9.715573108446538,-25.39038156654283,0.9972331313136307,3.4134043665806453,0.5352191509708444,10.571132624034414,4
10.504890729153885,0.7385470330832828,0.2024733158090074,3.750463686090152,0.06040619668284537,17.01422964239658,62.22053262946034,0.9984925551872208,3.1109063320010684,0.8295476683790431,8.741955060369952,6
8.261124294091902,0.24842636881822244,0.012749227014376419,3.3986517720020935,0.15371361293671848,8.46292355138254,29.990649465514295,0.9988015823480566,3.62201522463793,0.6397174169934858,9.023324926265015,5
6.601186205098653,0.6462760505149985,0.4387846466382516,1.0584252645137155,0.08432059431894748,24.42774030099027,104.96047359172374,0.9983880652219359,3.5378566906879283,0.9277388333441401,11.04766776494547,7
7.441882633912031,0.6180844122502926,0.4433178679519303,1.8223760269290814,0.07087080786387832,10.612737196535587,98.03115667726436,0.9927879875972337,3.566687833206593,0.49321516523990416,10.153252977255118,3
9.72905404505774,0.4715706926118908,-0.04605254609686904,2.494298028029991,0.0437537092140363,15.024061098455856,48.08358170034312,0.9993882962960262,3.324955715935482,0.5325051802446484,10.317961746886136,7
9.229447065942345,0.567737463584338,0.5667771491001146,2.4422364862899153,0.10343878945743207,-0.8338213304282576,97.67582230076404,1.0000546164483892,3.3515723234589916,0.5159641094826632,9.725992407483767,6
7.893815431411521,0.7058914963196714,0.7994830252839709,3.5496436656136865,0.09935535500625459,-0.13368236204939876,105.8427791597527,0.996035751431357,3.0612576291511444,0.4080398770262178,10.953753433419903,4
7.676398499915032,0.6744630760056901,0.30920127734726816,-0.3208617255092512,0.10942123068387533,16.07673193321506,49.455420173562864,0.9974732938253457,3.499156702031498,0.5007024035174004,10.068990515430116,4
7.634011146625504,0.27139613758525427,0.171777147955071,2.9680578763749046,0.03863740562474355,2.7484284480223806,128.5738144902513,0.9952183366397385,3.375966691007417,0.677546764160206,10.194725456098535,8
6.731902686352546,0.6640316373510969,0.8648661182006092,2.0940261037887042,0.009940940059421338,37.05086639334502,45.965741961899155,0.9931032429865357,3.413461125058452,0.5389258257753934,9.463654269170561,7
11.046138672098051,0.4870622789934963,0.03620630033949784,1.3260991370624668,0.12127956512532799,-4.615231121122495,39.920808638915005,0.9955225694689153,3.6376623622905764,0.004416194029098541,11.413860427957047,4
7.752055202340723,0.514574819603103,0.30402129337381967,1.4605185111225607,0.16423209309382536,7.998247013358959,75.57379542328333,0.9959197219210728,3.178807403210498,0.8426264605614208,10.156753929221937,4
10.369169485403344,0.5146393982003389,0.3359244545263847,2.199647269674851,0.03868231888050519,16.167008672675504,35.324905872303646,0.9962902985372963,3.274771690024536,0.3737040660109411,11.068668366431737,6
10.886237288268168,0.469951402240348,0.5690295240904829,-2.541519146243324,0.1694720641780849,12.348670622042155,49.8162126012315,0.995082171819988,3.3653341843084332,0.7601688084307283,9.087049279562581,3
9.997128526851533,0.738341499421413,0.3719477950253577,1.5181946008918301,0.10419555293681904,4.958545433360809,93.51133599368002,0.9955331496663655,3.1129129189082585,0.665306480243826,12.307271452216469,8
7.566245468379319,0.48325640803015757,0.2002732208423097,1.2738592454951894,0.08964685477245851,6.420721605047319,47.63422212316992,0.9969779873567431,3.262480235744632,1.0199533787914583,11.805111442364545,8
8.986341153572237,0.27609077432336626,0.10976312592240875,3.245896493051674,0.0701225651727111,6.093459225007615,-8.935587168185151,0.9954595460337797,3.3985899620933937,0.8294827718588453,8.299222563375181,8
8.258867469135444,0.4212940288060542,0.23163563595077286,1.3722626444852715,0.02077409902875016,13.132783051799372,59.12153979902349,0.9980870486651,3.2349157457254334,0.5742172187675544,9.517868777429914,5
6.763706836758783,0.5357389433620952,0.09861452781097116,2.198840679761314,0.13938642579622998,35.51929089517424,24.022311891270974,0.9983633213027949,3.5617978819458225,0.540649194399597,10.925397830110875,7
8.851410778926725,0.74584295685941,0.30956506395693656,4.659187278725822,0.05121968192811984,16.7793729655821,75.55394819072002,1.001760775492329,2.997815087636601,0.9154637057358785,8.948298478236095,3
6.295632355028337,0.6206189369897668,0.18716076402790266,3.8920921277415927,0.051009666213119975,27.82900489387524,69.97426062226612,0.999251359864247,3.5245542480466683,0.40910191349276004,10.255246509620342,5
10.319054960384658,0.32989294425059124,0.001192441342049877,3.7631799599208335,0.13959631549434773,21.069763458281415,95.55621148949523,0.9974862061166568,3.4322370949632006,0.6924495891061804,10.869294964574477,3
7.510150594592733,0.9970379833357783,0.5510291576749807,1.8001785974248077,-0.004149172333586332,27.138623979822206,76.94856592615899,0.9957594714066647,3.1862342824886816,0.6377095212475558,10.196801496822568,7
8.641971414983827,0.5529550621955959,0.2004654953141921,3.260245191005513,0.013820109466591651,-11.99964302593586,82.97806136071614,0.997587494703348,3.1151182863540003,0.6016515683202052,10.992722573890806,8
8.781589381628443,0.755078147599803,0.04637263900493749,2.1725430793649685,0.08909328782459591,12.955419788517705,24.91980691545546,0.9976531919198327,2.8839434765515093,0.7200973773562324,9.63733710493793,6
7.859861544703069,0.4696571132845542,0.2663481731024917,2.225469505052287,0.1046642214502426,29.071354231507136,73.53155436438658,0.9959733738219887,3.140964997517233,0.6922251762864748,7.9314003036150655,6
9.297379462507967,0.6066718489410898,0.31367431319353173,3.0735594812451694,0.11423673239844619,10.282641772506663,111.95889254888958,0.9985674627935057,3.5094353310005992,0.7377581262745966,11.480326843381567,6
7.492663783741709,0.6678937009036809,-0.04929334511580674,1.6642089762106946,0.07491007533018736,33.62473164869612,24.274553014986683,0.9942038039706362,3.288782854744265,0.6836258609017583,11.473396118962784,3
9.781205405677316,0.7436389423508512,0.36632953342515256,4.590204346220485,0.21651848343208446,30.838901537677614,106.39136362699423,0.9965112003289249,3.532596176078368,0.7310058388529321,13.154000306517165,7
6.0118345435805285,0.711473661075645,0.09056848626194708,2.275817804562888,0.07860537206170828,11.308692838725376,28.871446990356095,0.9981117169186348,3.1760257858750895,0.6758720827983711,7.972094830272254,4
8.514845285228901,0.6744394000145956,0.6422057618381576,3.365704792763531,0.07846069239486389,10.968364809536432,18.88494891335085,0.9964248317048158,3.4414212320213124,0.5478974291732266,11.225915320281498,4
11.596179298399084,0.4369826537611783,0.40479210241534697,4.537840670960217,0.05015066655930612,5.863941576455312,56.77461463070966,0.9965864911931415,3.1565002795831156,0.6606802142402213,8.234449648108274,6
6.599436748170524,0.38565079160878774,0.22002000197813668,3.9443152844052447,0.09619534082605355,9.704057681362023,70.62504373225072,0.9967244282776154,3.106884998758032,0.5385542848503166,12.332142609842851,3
7.1478335501077535,0.5665215020648395,0.15096644593652989,0.5275132562332658,0.12074806160233872,3.6741093583108473,77.08775409108475,0.9953287975186245,3.2785745565658644,0.5273359771957554,10.936653517065611,4
9.173643344420157,0.6866256144682139,0.2790064584872752,3.1228542530138377,0.150178902726673,20.288111804330057,15.26184011448434,0.9993478018631484,3.1670066977360003,0.6028544995379822,9.352878267556122,3
8.605289029297317,0.45545585984467857,0.42255814831665794,3.6910071522449055,0.0155357867779891,1.4395350665356652,61.33982320939158,0.9949639246561544,2.9914355701925572,0.6396980626749068,11.25824472206158,7
8.89607116876505,0.7130343931428773,0.29490117428296003,3.748608231025048,0.07770023308221495,22.03733016190222,24.37669914104433,0.9976363186548197,3.2635370598566014,0.6659883020791278,9.791650491511371,6
9.131618121251028,0.7905233490972359,0.25656823857262867,0.9413872322395165,0.11233518054045721,22.280786969002484,-2.1344344503290245,0.9978272957965647,3.3212870832862578,0.8157844006517663,10.730457709506396,5
9.37902649655501,0.31673581618531604,0.3116740581635791,1.5801506681757465,0.11935287672972678,-0.6120440518392272,16.351701587418106,0.995102756197582,3.5536717222992134,0.5752611059680567,10.626556787829992,6
10.18648973132558,0.332615859240744,0.17922821375260906,3.8923815300382705,0.09032743289022696,31.498186063283395,22.220287923458,0.9971462085087615,3.487361135426612,0.6934648275007195,12.318584949762025,5
8.996691716778471,0.4719249882189327,0.23135881463139246,1.4335354810442962,0.11712119847660508,21.136092944152217,64.21264029163274,0.9951807356545106,3.543988639846566,0.6800647113704492,12.396418501095164,4
7.889861987148478,0.5615225336378393,-0.11715848778100085,2.08042552066996,0.049551805353709975,23.49698021444869,85.02305088126607,0.9997820849501119,3.4440714996787016,0.5565331911307689,9.743008089399144,8
9.443375292044644,0.3950865972465898,0.49474524617047355,4.706226133302756,0.16789527161591783,8.413347984572276,-1.6158187858837962,0.9947224341260475,3.366522551789995,0.6725359336551127,11.56391617979564,5
11.529799289321867,0.770440535773429,0.3597595560643524,2.433081049461294,0.1396314051489715,22.223791184731187,58.61471544886584,0.9956922058115361,3.0542110187056215,0.8304626405801434,10.790324171127327,8
8.074522631149625,0.5848133723036902,0.14530883119331395,1.4825162070326199,0.022753610646741376,27.263934497220657,8.168959869560084,0.9945515499832889,3.3299744395870547,0.691706056870178,8.846049726292398,3
6.64330018205991,0.5078894096481479,0.6797469962710478,1.271335700391933,0.036244847594162216,15.013916009953228,67.759818497462,0.9942846025462649,3.419358755466163,0.6985192679346424,9.634148781590602,8
10.182037137787855,0.21281809522629447,0.3174032960784773,2.9658070614192633,0.03765391249465469,36.01922459248361,26.44989082687632,1.0001824305817646,3.5914875898740872,0.5400941837397466,12.969760709559587,5
8.095352021278885,0.23683683671449857,0.09277128560496062,0.6335927881319077,0.12389849854482643,16.440646349129377,12.306142405231796,0.9980855493478251,3.4372577083463627,0.9947060047048291,10.793639841215121,4
4.606461771776139,0.5562018500563612,0.4713474842940917,2.1537296505450145,0.025763611679126636,27.407858004524744,73.38892900646997,0.9972805868514011,3.548076686921084,0.5497794170451749,11.499757537469275,4
9.740616851155718,0.07348087476903276,0.3796096433018525,2.9665227489860304,0.07344878328959596,18.93008807258655,27.631554020311867,0.9956868460733062,3.093600421726952,0.3764768117069288,10.16675125639631,6
7.389942083878332,0.7025274819288143,0.37891599709684387,4.318809748766734,0.11273521982083871,21.855215328568676,36.57318960536096,0.9988152236220935,3.234716474770381,0.806231300437073,9.806063893808725,4
8.146093420082927,0.46836923112553597,0.21484887906968186,3.434567312517994,0.08669170327267826,-0.7133226763477225,-26.259639889360415,0.995351555121265,3.385870142732254,0.6404811032597676,10.429990958397923,3
8.864366561967325,1.1486185939189468,0.3900991447556069,1.5003088348249498,0.10294437578563528,19.710537382153632,78.23619492697463,0.9985872785886603,3.532190538148512,0.6084828904389973,10.107285539229162,5
8.623849455624413,0.9615832501232222,0.2476483419557811,4.149787044589208,0.03670986443256208,8.65024898742734,74.08998119858055,0.9952549774467887,3.270954270832216,0.5672558573300404,8.757421775865243,7
9.506068089136368,0.46371018615049664,0.4111882903291684,2.0806789474335314,0.11974271866986223,7.536016942223123,47.18010886128336,0.9957109845962486,3.283510808170169,0.9781914861336924,9.296341996800566,4
7.559673170031267,0.47873259949373703,-0.08098889080212779,0.7700157691308276,0.059339405376200166,33.44103184465978,-3.410171064740048,0.9985165647722358,3.4374280612005954,0.7202803473627961,11.178672965853455,8
9.17227985689934,0.6991163028004059,0.21322530740416218,2.2591420970283385,0.07376901628010293,13.862297519376511,86.90918288504719,0.9987276546883115,3.074825834570975,0.7534577076796645,9.981240241987349,5
7.858770648107342,0.8406345219836076,0.644431019561639,4.513436881603983,0.10188658639529931,5.966981690245033,25.013308250093893,0.9981949458677936,3.621480909964686,0.6876446560089855,10.428275370230699,6
9.555977817508756,0.17239418851279664,0.14658650891993988,2.731336070090895,0.0951539110765424,12.408683718911252,32.03933614668059,0.9949006517684864,3.124172781378463,0.7059084342856834,10.658415355546932,7
9.346124722822191,0.14272490692906264,0.17923234050136266,2.517530610061701,0.09119900095077965,2.995497710780862,123.29745385986452,0.9961065462685543,2.9162821152881393,0.8977661837951004,10.744355053700593,6
6.709754206524188,0.3755930388891237,0.21040773231000498,4.792096302583994,0.05246865890116221,30.338844681962698,23.779997344395422,0.997313797482397,3.302013401704516,0.6173547075912919,11.661236967446907,3
10.146169597497556,0.6165475166347729,0.05703877282227132,0.4961032141238024,0.07502252944004038,9.04319255833485,71.4929287600745,0.9953014380761798,3.639691740475113,0.41232061726147595,9.191434603424614,6
7.3888621433061195,0.5993747181015194,-0.14165615524565045,0.700161240326119,0.0901091795418518,21.29299933943669,65.54904464872638,0.9997419255202585,3.417290626066722,0.8075692912187221,11.027277995897988,5
9.673698257077948,0.71395429099677,0.2538827202952774,0.23781494064643516,0.021245738341645753,29.56106714210325,59.875682365042806,0.9921961061120989,3.450218108600726,0.7444392740812067,11.230530572871613,7
8.92438843278228,0.26006049432693834,0.32717188481633136,3.021707461072077,0.06687335168433106,10.998473187852706,56.30601790429886,0.9954425209692617,3.3082771524614225,0.6783565681904573,11.484436956901657,6
11.42491225055171,0.03677122740622463,0.28949898629226956,2.733090377961174,0.10938399395164232,21.32022432272786,59.42082254234358,0.9959808669942604,3.2695245005457645,0.7400280510631237,8.84579064064364,6
7.9201078299678525,0.6716028390604291,0.27102428761042263,4.659830914191686,0.02612816980773286,5.6991394509557,55.97403950103783,0.9913121126704565,2.991018126081377,0.5969734825499904,10.6803011401817,8
7.706161446599065,0.33436074540695304,0.3086081741700775,2.8408651079914784,0.147829082579712,40.45769569113684,45.28669416038999,0.9942075417395276,2.8481227484191627,0.6635177390852242,12.28768354103837,8
8.266986669990855,0.09630242712227238,0.5045682943101528,1.9341799767289762,0.15348066312999215,25.36380134616622,96.87234309565449,0.9982505790250842,3.3392544676881726,0.6376109568438153,10.290967428927715,3
7.7845943691817325,0.5290127491918764,0.26191076281415665,2.5025128220293498,0.027742471201995716,14.07393561239194,3.6822014936238148,0.9970605672731059,3.562509838868045,0.5594469962979441,10.931844172160721,5
9.659901233301486,0.6586351376437355,0.18518348458254608,2.6647903858453414,0.15788098165250697,8.271662691110361,80.70811743250742,1.000146272044086,3.3688267409656127,0.8621593731278505,11.258435154043704,6
5.552271965657802,0.4755885735757445,0.24377490302238272,0.15953421734056628,0.08282092056439327,14.860034471603736,74.1372958566892,1.0000904528917696,3.4247199054104023,0.419916033338974,9.271983171161914,5
6.508739887451199,0.40843032276350216,0.41586935195135516,6.2944643020688495,0.11092572795785274,12.600162776484808,70.04717100387023,0.997866092757208,3.616743509127908,1.0613499692082045,12.417207201899974,4
6.484735033315372,0.4681275535708187,0.5824053757086499,3.227819425342676,0.06516744739358767,35.529445539995066,83.86032111212424,0.9976264764980014,3.3657533702882114,0.8091515755651009,10.949450876665795,3
9.91552290635508,0.4258834475198434,0.1743712521661643,2.7940116312316245,0.13615224136133808,3.744652777850977,43.94421995614303,0.9971318622171578,3.2754689799384757,0.35774415910060037,10.97145309561277,8
11.208042733389274,0.23039057761196657,0.3197867574057767,3.3612295779900125,0.11030470094243336,17.348014232902035,-14.676144502286931,0.991689835964241,3.136295038869987,0.621891723986542,8.571769884188411,3
8.1224363284863,0.35706386460191364,0.36767148838719194,3.4931753728212467,0.04929233717011982,15.816619333662901,44.614342229421965,0.9942108809733479,3.704442512594417,0.6313471942963952,11.273999278034644,3
8.013003070576982,0.6042559810027629,0.10148439865423539,2.3032251202965957,0.03173990000173557,14.825896996551306,14.290590818389703,0.9972013510061979,3.405309555830736,0.7266207269201591,10.957051375517052,5
8.41908867729241,0.5643357082753,0.3040834334425836,1.6162624092630193,0.016984878239538856,14.913833450616576,22.84864607468389,0.9982320514174954,3.1112796568161336,0.49180569397424756,12.186610460494272,8
10.275193114433925,0.5336119611933641,0.006865228531580947,3.3392309608503856,0.09939708882163782,14.839291898795166,6.000150763530414,0.9975793396242763,3.0657664664397526,0.6654443083725969,10.05760826426521,8
6.7234996718760245,0.3009703036293241,-0.05381006074787981,3.0399951767440334,0.11862357058898679,24.730660663320997,31.247619671353466,0.9952150700645687,3.5506127453857825,0.6394097023191501,9.313575837441714,6
8.705227270649136,0.46369936757286656,0.3733492815784514,1.3661538612748287,0.12254828393897207,22.08984446492435,27.311418098546177,0.998874812564939,3.0925116607183347,0.5346048783625155,9.649537105748234,6
9.957835970630132,0.06458699071142904,0.22322505173384344,4.48664985591417,0.0841009452696311,20.189116113727863,-31.459804387594374,0.9999648880575093,3.670766831500444,0.5109521206498906,9.844523941491971,5
9.151860088897738,0.5356953327770779,0.34045608152424384,2.9106928508521768,0.032150177216781796,-14.339893621452688,70.10732307231554,0.9988759792005827,2.7487074405818577,0.8161967899394007,9.16926883005549,5
8.622288748217864,0.7857715415627136,0.29642100459833,3.521747107174683,0.055896260098810845,18.99794874163164,120.2706213141611,0.998979198659181,3.5845190395579953,0.3715809681927591,11.819176026142593,4
10.00177835736414,0.20517357359157884,0.10471999026724049,4.448689242751886,0.1476174319480963,-0.556393601700826,67.00582738537753,0.9958815484040896,3.3973789622323927,0.7412394191363287,11.860467649224834,7
3.7045051019012973,0.3828144653364489,0.2909491396071327,2.530644349630769,0.06576857176999593,22.463201631358253,40.30350943437048,0.9991518682454016,3.3237188846113748,0.7955767521692811,10.18462912874594,7
9.452388043202543,0.565821355742026,0.05337973899702894,2.9437328097777615,0.0971708815340738,30.744973675705147,45.193368942684884,0.9972915172786553,3.2649083129916474,0.6228450824824693,9.967964085707386,3
7.188071338683381,0.7505685268854967,0.5781944716002801,3.634038133908563,0.03621747582125562,6.737608874114491,33.107466355565194,0.998023111057044,3.678145969718806,0.6689033827532493,8.402969895348757,6
5.187924075344024,0.4103550767399701,0.028805931028007215,1.485194482679927,0.10682915227295174,13.382192776572932,49.971372267609624,0.9977308636856494,3.4414117716802406,0.8577941499485549,11.165557380833965,8
9.169044419192469,0.3615499341468207,0.2608429458062837,2.5756723279844014,0.0671157719160461,10.006442949470031,45.77873289558329,0.9967570257891192,3.1193592782209096,0.5401752431769103,12.218784119708427,3
10.635219526777028,0.10621537151678334,0.0915456823905503,2.6757680213116077,0.14233563568878818,28.35431775756801,19.24540179685628,0.9952799950497554,2.9562180087942234,0.557719087088849,9.699085811014488,8
8.066337525132925,0.5206876258616213,0.4140842346721591,1.1615180276432477,0.12867788531034066,16.950278852720732,102.53531683527844,0.9968357266728919,3.3354594426294617,0.5757677742131176,10.271537021645962,6
9.919886730244997,0.9084152080287489,0.23371372574369942,5.74469150414343,0.06521470267125501,33.283293805663334,-2.0760897784224426,0.9989735232349657,3.299785773292517,0.8581053518679579,10.877720607447305,6
11.040873038580697,0.5554716923929351,0.19626665607575794,0.5297891791106366,0.08366679863261683,20.137542029473877,70.70494092541013,0.9961170483893742,2.996026392524898,0.8796899369704003,12.296860196670897,4
10.535354571092881,0.49554420416325734,0.4706403090103109,0.6826545348379793,0.06244418799796855,18.424501806358194,43.66047829852145,0.9987866945252163,3.2889212949035325,0.4226986601411848,10.619753844018604,5
11.087939699931368,0.5644164621533971,0.30588611833551044,4.33991720598501,0.0190283401727495,16.682067826028362,109.72744989716958,0.9984741413412354,3.18521307338516,0.8310609270429783,10.614972907629172,5
9.561616734822218,0.4977815992102796,0.40332888918719345,3.498572751115159,0.047127878522639166,24.179920992573365,58.2485317751913,0.9964021252059604,3.301858013661339,0.7992144120790383,10.597250351275784,5
8.428237186132709,0.337397125547974,0.10373481269650703,1.063649255526911,0.099910866386041,-1.376861982453434,35.12311727295281,0.9997776002072392,3.4451847223296803,0.9241111177764707,8.83246424240596,7
5.576658119774814,0.6646559831355411,0.019036611214498622,3.35020462114237,0.1062629749114791,16.8534395552051,38.825662451661586,0.9962889066576186,3.598521989492807,0.7254683654614845,8.80853028078715,5
7.881693770179088,0.5451523046223509,0.3214415924080267,4.554990622996233,0.09742739517963195,15.29953556272035,48.31692091915212,1.0000190937252253,3.481777807273857,0.652475779552642,9.51120531397364,7
6.866480787962475,0.5035226503867315,0.23623072890105373,2.45763171936422,0.07491334730206821,23.25418827157766,9.287907065118773,0.997868253963082,3.155711850033959,0.854686836717182,11.51417963144111,8
11.990602619746284,0.30492679454435,0.4252869344907888,6.138352060104415,0.13665333028604926,14.122983941259632,21.693305671108913,0.9969682681630929,3.3737830257658388,0.7788136445553001,10.031107222399408,3
8.000994118865028,0.7607015863869518,0.28401830946749007,0.08631346478475033,0.09317709522804686,5.612655658373299,-11.903150983331301,0.9952243972393247,3.3126214242984044,1.0416327304052835,9.817435546317478,7
8.509448171533627,0.632940549066622,0.341015067846926,3.471352835402743,0.12516269140479735,16.07350674919699,16.5417623536549,0.9968234795397299,3.03357420907382,0.8229803336435108,9.798107935441855,6
9.237525139268795,0.3894158325265396,-0.02467650598824872,4.133139670709404,0.0013112433898740672,5.1715947113165655,50.09891389479484,0.9965924809730111,3.379646556938454,0.6861031559920656,10.248577433680055,4
8.374124158833173,0.7003649707363875,0.6776873879228513,3.7478814622473453,-0.10612001258091713,-3.252622125874854,56.90577662638919,0.9944834072294982,3.6713344675835424,0.4604022553360509,12.272318727511806,4
11.18158676873228,0.40048583232295853,0.26715160299359364,2.2139019826960924,0.104189401391904,23.27122481485493,-18.31787993488126,0.9965647691545647,3.3064853208374005,0.5612440798769999,10.233682875733166,6
7.241496085051432,0.3435993014977926,0.4395173940678398,2.093381925184391,0.01876171731392552,21.790615726946704,42.47201379954139,0.9953923936398058,2.98116346405492,0.4158876537352373,9.535072854087655,8
8.630832673903313,0.3480593765039426,0.13278166595607468,3.12180323952216,0.0793774148643472,20.670909439935745,65.59252837713036,0.9981719835379576,3.3060537342217238,0.6234394538696533,10.427770191989797,3
7.037800004313318,0.14578628938238175,0.3616019804434682,3.642056281312897,0.07489514794876971,29.029284219458113,41.62389761858424,0.9996125609514565,3.0572575602053496,0.8174314908495838,12.33059196633769,4
6.0559617309248015,0.5943084760836411,0.039431047295050925,3.3434628107953084,0.16937003012077684,9.349681096960747,26.084974689332586,0.9945461686474095,3.472721101377257,0.6593759149583124,9.846892809170823,6
7.2599925454610155,0.13377102433232996,0.3904135676519342,3.956081047110745,0.10999982764718032,1.6888585722874492,33.39868221340894,1.0004246154567338,3.4049729983450256,0.8336932956892124,9.10089449072596,4
8.2370374450177,0.2543112337468475,0.22880518312283343,1.0735820601065709,0.09829295133993363,15.299702231919554,29.15480928575167,0.9967428979312297,3.265817989305051,0.7173875346846323,9.84890960329654,7
7.570186218320659,0.08488239818429333,0.3058381007871135,2.1811206292269114,0.1318495577316837,12.524997002940896,25.987891549434114,0.995049957230123,3.2337671468288356,0.5914743107418183,10.541640109983277,8
7.1228843342144454,0.4827860614418214,0.4395948060260195,1.1839776950267442,0.10842487934195194,7.577042832299313,52.736176333079996,0.9985155095604163,3.2575531396768906,0.6748962763788939,11.157065045907874,4
5.909260311757883,0.46993590794562556,0.053491937755943936,1.9594421134794018,0.06711615035057834,15.201508465122041,123.15371151526989,0.9961070910434899,3.3016548988684638,0.7402564374793663,11.507571936550471,8
8.15872052653122,0.4346607573627272,0.16310165387744058,3.9213092485400276,0.143573796512728,9.883948537954153,22.45790274212895,0.996836526647937,3.1455529957316912,0.6836679777388147,9.249710998641438,8
5.741975364147297,0.29148446106588477,0.3914648562173531,2.6511774890153204,0.03451249360558628,-2.360052833568311,36.50129312217291,0.9961914435115758,3.0224493837997124,0.6856163189048254,9.354070132095023,7
9.592095138272326,0.265553249312672,0.7196442949093493,6.1496028284096775,0.10616235937667812,11.588233092062396,45.293968000617355,0.9953665241362702,3.5277397893389293,0.5292614817102599,10.044411514673762,8
8.440147579988656,0.5928739727093149,0.27238353306770363,2.7707689140656035,0.012621510293184438,4.6362483329614275,24.31730366617631,0.9984479940648038,3.222919804700608,0.5863940349088232,11.152942327166587,7
5.822162450909619,0.38988961365830244,0.4182272235847865,2.5835686328116307,0.10019719287579976,18.316480716109226,83.24178151627308,0.9964273971942116,3.3334086208338287,1.0439383353462897,9.013991312582519,4
7.774344569015232,0.563271664307229,0.278605706028304,2.648656087216303,0.09964948208864648,9.43965241759345,-31.239217319112456,0.9941266964156416,3.357056390233499,0.8688393033720023,9.731940398540534,4
7.021334110496009,0.3229502627751555,0.6884491189512599,1.6070678299960899,0.17382274809573314,27.116314741410516,29.475047377503703,0.9981021202484318,3.3644040959310426,0.40944704754234834,9.747981897646858,8
8.842596667712607,0.5362125485542165,-0.049444333393051154,2.419028742671369,0.011751305327911021,32.03866067267866,74.00435329855874,0.9945888352979525,3.065236400580315,0.2576152772239185,11.435923740900808,7
10.578765758239346,0.7606556074632127,0.3189242089338716,4.078903237956304,0.05995564120730937,22.793813730119062,37.29488782317509,0.9946934796546495,2.9648319670896304,0.6729527116462828,10.981086836730881,4
5.112206801602235,0.6172331600785567,-0.025108806712412224,2.659558935378881,0.1311341213287072,0.4897381801667997,19.912314357940385,0.9993852124099546,3.1822614950616015,0.8118903920524183,11.394090197154913,8
8.49554433455061,0.4175172363567039,-0.2013143141073434,1.3891563781631402,0.10676586281986539,31.051959988790394,61.544972896479216,0.9946073202015796,3.3791423064833905,0.5716098876382247,11.87254577165636,3
8.027774247536712,0.5514397940711855,0.3594924106235633,1.2048815313299108,0.09901525256687516,31.75720450373765,76.90932676810601,0.992367110286145,3.154410026505137,0.8336819837936496,10.063784895402012,5
9.441278129965792,0.4518669650939574,0.32789955922949177,1.8697173516678194,0.04219321485207303,16.187905113079406,53.950969692096926,0.998245722969923,3.229015729260153,0.6701412760512043,9.09385322966095,5
8.662434268004072,0.5015760369389456,0.24303261245155972,2.6034088081752325,0.06045908259542854,29.22926160335532,20.55972812617485,0.9963922731410377,3.7254594827499137,0.6322795824464144,9.100940020368277,6
7.0216521360440085,0.43487778957029927,0.27876118199204936,4.171021149666767,0.15225205041116283,10.483248619533219,62.05470953200753,0.9965646897577237,2.9309152230390927,0.788539579949781,8.378081678435276,8
7.75760830936675,0.4671329588229218,0.9196598868142516,0.6233159020869887,0.0874245403123036,-2.6624593484958936,33.73237309093193,0.9963709992132996,3.1489932008179,0.5695811152066144,9.895356487367188,5
6.946756043434069,0.5424186706148351,0.2483649723937131,2.052243210955741,0.10876798480722366,8.397155613784063,71.59116710249631,0.9974633398780375,3.6793208137147855,0.611259925293379,9.977355123685088,3
10.129212135617617,0.30132826008360986,0.402024872250015,2.7020340272091103,0.08424058356117604,33.29300866044757,95.94754320026749,0.9954945615161939,3.291080265600955,0.7739284345621787,11.266308747485553,8
8.336229802742302,0.29682423460200436,0.1701270360772238,-0.06718807468120813,0.03084572423751173,1.0892007638852643,-38.98403293772158,0.9999522297491316,3.158802966900218,0.6546626906987759,10.418605638894265,5
11.532024165780113,0.2222914892337578,0.3590465150081206,1.3329624038470311,0.13669052130374984,15.995212819314945,50.66522661545588,0.9940475390393813,3.533753783402224,0.9844919664742151,9.860638711223134,5
8.196876616515146,0.17994577909925802,0.2523532649888765,1.5481560443693392,0.11516161922662481,16.341438933402124,-10.279219919271696,0.9978897498333542,3.311046087296222,0.7779503201855231,10.272401401223355,3
7.095708496252215,0.25654346155590413,0.21789630345405397,1.3856414766093024,0.20528184186835946,10.870257560321882,127.57902331588244,0.9982842420077531,3.2303383209911987,0.7668983508165695,9.25712916791376,7
5.726685532558195,0.5318925013608259,0.663779706440065,2.7686453630303065,0.03922093101747274,11.56478400162885,31.551890384725716,0.9954806964783333,3.338473785407502,0.6515842101689384,11.527947227826417,5
5.234662550364894,0.3214424969016232,0.5354369926368678,2.2752165466974836,0.13112864606002403,16.722491342362027,71.6303169802373,0.9949525311094444,3.1683782381234464,0.8087082950406331,9.53549288090954,6
5.606968896890669,0.6027228928462193,0.32734932947984613,1.7225994563585494,0.024422801698149935,10.378376580652727,45.83454363336844,0.9990343484283403,3.096501787422384,0.6051566786237201,9.146075600870516,5
8.754115306719523,0.5069427497505123,-0.1608423871887934,3.099147677173689,0.09786732838365388,1.7794150283206882,20.498208836271036,0.9950182784919666,3.27728061447305,0.7080042177039176,11.299670163378217,5
9.164832539490888,0.10629915731238926,0.22779815534948605,4.912304604704749,0.13882532945315823,18.15031942943456,16.572249443144916,0.9957866721184989,3.0978006079847984,0.5042301820092248,11.031580629200237,3
5.611975806545374,0.630995116844338,0.8406055128810168,4.794959123438453,-0.013606755804824358,26.733665824449723,99.32741271232504,0.9987746179249195,3.302138662359296,0.8367050366792006,8.503946083585088,3
9.821565133929397,0.662159729118342,0.25386766667205835,-0.19188048088727072,0.0797533762879196,24.69572518653421,78.54595598588426,0.997069482467078,3.3708813134948676,0.7094027985345046,11.340501798181245,8
7.478796212138153,0.30122746503302933,0.5206435144107316,3.3079010573691954,0.06183951329786898,7.902645326101885,111.13827488345959,0.9934057126647418,3.470612091210322,0.997027220828639,9.584248096996538,6
8.549548120375434,0.5840383085789983,0.5883884803905202,2.250767393910626,0.0549021350852439,3.487720846223242,48.82996006020407,1.000494118289107,3.5255849971033655,1.0666907252238589,9.988485019679688,4
11.040775068034222,0.3287003525181602,0.343792783171195,2.7172174800114988,0.1092606326129677,13.158121178452214,56.50134750111801,0.9959399784824401,3.2188526996735494,0.7897643067436351,10.605722118463332,3
9.824626836971404,0.5195340753496671,0.13163567362636952,1.942403753040432,0.14603428532112978,31.677915097956642,38.18267833337549,0.9961944854201872,3.399882921587814,0.6716323029053436,11.045287370878505,4
7.843497898560086,0.24710031860900689,-0.1870624663565777,2.664624081842083,0.08333606423854223,22.455980789595458,37.526287297204696,0.9975115685046527,3.398504689241271,0.49916903293865333,10.890027092156279,6
6.784973216794012,0.14137870949308462,0.4368326417217909,2.711970354500826,0.100274321378001,23.039646767942337,12.617731228246846,0.9982501535940081,3.3655637431631966,0.8138074665540002,10.345199836003397,5
4.641913817740182,0.42343656207740626,0.13704879943529036,1.6894675397115075,0.09571543765296238,24.898569517854945,49.77233630050359,1.0009222085825829,3.2041081178099082,0.6957483758621889,9.932892338192499,8
7.077439357287886,0.47525421074503277,0.3352300903775384,1.245085433044747,0.09009017531782071,20.207665625185864,20.954862368755496,0.9936798637011887,3.0943864375071777,0.7514659226562586,10.853442762921992,5
7.94107859399292,0.4204640612770792,0.050035932082127144,1.8718260443327221,0.03553286811439468,17.206085476135787,61.58299443141869,0.9986519044178519,3.4004003778133116,0.9540638558675614,10.26977337892135,8
6.621794803842988,0.26319388835548807,0.24695249190595955,2.8279629702394717,0.14542223008614463,22.62306896647968,52.61033722634692,0.9984860193881001,2.95862748756139,0.519848040927231,12.385889905038518,4
8.076863155943082,0.4200201875737726,0.30674381098021064,3.3385948783579695,0.1047597684079418,10.538338957819803,56.49350744129883,0.9967256701782518,3.2464321134863376,0.5028682913581728,11.045049910966892,6
8.430648201029907,0.5538589505161468,0.3537187162088596,3.694688568276205,0.10974407450012888,1.855369886336792,102.27928800977745,0.9985745473896325,2.78927379687028,0.6198075904769844,9.38424281251061,6
7.917744830926267,0.4910213939754926,0.07703556252951713,1.8081339677063222,0.04967451854872088,23.22996934624323,45.75530765773549,0.9988685480352731,3.0327195153283473,0.79960419545781,9.874640053488983,3
7.194995612600119,0.5365002061198427,0.5393821897522705,2.8973823942238317,0.06703898010053796,28.37738105749225,71.97199109416313,0.994236074430026,3.1245732123105148,0.754327430836463,10.453011394985813,4
8.586712942343437,0.3659769599091534,0.1806210430536057,3.847503628734618,0.08119329011446108,4.817680606439687,114.69981231482419,1.0004995330117616,3.519344841525857,0.5077329530117187,11.829374336577501,8
9.051299104267995,0.7343435829432319,-0.03489389209064908,4.13183285320178,0.01329376532755741,24.219214824159003,90.11836328673658,0.9938824754937237,3.4376216048808534,0.788613993119422,11.952215510023349,3
6.446321568347162,0.2647653326890439,0.27819531600730724,2.417634004215869,0.005598283740116089,32.807657133881904,85.05460004900988,0.9947293674375225,3.189213063231551,0.45579382078814534,9.96425180759788,4
10.69858504556866,0.5975120594173438,0.306875061805292,2.1906955850845424,0.059962603468071606,15.97753798242879,36.8792888878235,0.9964764246527518,3.44587395902595,0.5175839153606943,9.373002361751613,3
8.132400175116755,0.7363782185919923,0.33211788663435193,2.767573927370949,0.1161260383221195,7.819978152582538,54.57822083373729,1.0008498810263742,3.477524592676079,0.6403722560778379,9.232352594673195,3
8.332044359006241,0.596181618549779,0.5724264807370159,0.8904095379436321,0.057343130503502954,17.230186735267555,3.4968823630119203,0.9963834867404933,3.2678670303250557,0.5659166881842126,10.677671632937358,6
9.503964519536147,0.459495154587034,0.2527102326528281,2.2289466845502885,0.039059740120464315,10.494660317992986,63.46417523182568,0.9969361322198984,3.023124371157262,0.8112761130706589,12.934162740139243,6
8.696467423147954,0.3943405906674042,0.2760760751262457,3.5424209578623818,0.04926571733811649,9.832698900435982,56.05718586125677,0.9998641572078091,3.258417537986777,0.708684342110186,10.993003514680613,5
9.920332277652518,0.7072175302092512,0.07936312375338128,3.3987259812211814,0.06723287884273436,20.331840672715426,47.77170913015398,0.996399363714869,3.2804215189655728,0.9601454001966343,8.646696220647591,5
8.788111080843102,0.2154050149476654,0.4641107005775794,2.1216253538905554,0.0723070518589948,-0.03729475029895468,80.89742801201439,0.9946431265741387,3.0535091218339545,0.6179784878897496,9.601395486429398,6
7.258856463111256,0.30597514792407127,0.33686181281562066,2.8048054815220334,0.19827607261032784,1.5607107750777285,7.143430859994915,0.9961655303295234,3.3734093585859934,0.6392256343230737,9.713694377970596,6
8.914555992850374,0.4204884469016557,0.21599445454116747,1.3454895235930375,0.1427310314243659,16.192908803739428,100.95047408829146,0.9997415836676116,3.355962370860471,0.8657650435404998,9.495797227873602,3
6.355665447554876,0.7475307515023997,-0.08093493869309276,3.4848890075150347,0.1412387056140864,15.776914610875687,76.75823470202937,0.9971417299941102,3.389008539978837,0.6445434634689547,9.973316792572358,5
8.48455149982009,0.5759535272081793,0.5888824390110174,2.3910499894089376,0.14842901821366908,19.435545770399358,44.669078671484854,1.0008613165181126,3.3557846194334884,0.9139808921102828,10.806334347121936,6
8.243509015904417,0.30639084829795094,0.05446400710878854,2.1136679676254064,0.040058956533297524,34.752253884833884,42.091923602026014,0.9984758698525243,3.4459686070229965,0.7519407957653637,11.150179286254911,4
7.946201342636683,0.43793845892301925,0.18174439812605886,1.9935866294692588,0.02888176925063804,17.04514036075821,62.860170103203615,0.9957103821272131,3.2641343944253935,0.26002630011948896,11.600939840008309,4
8.081486230553818,0.37713537118074114,0.37166890221520066,2.4119485863401984,0.03465648542329716,21.981721503347945,97.18809065810473,0.9971021526089302,3.3403570214741904,0.8601869704054089,10.976622830351896,5
5.100856622654014,0.35804220155329297,0.06068841427666266,1.8729712970952583,0.15672530666689188,6.244670643853681,50.35305471677036,0.9952935637637162,3.2204519431508936,0.8151635582303676,8.250434735638276,4
7.367167656840366,0.6957779117113558,0.0012980443493713079,3.4214002504035887,0.06264041055587545,23.679376635165372,51.75301976531446,0.9956631339387024,3.18310015687561,0.8217265430387927,9.236964953715555,8
8.457836331939896,0.22565137414729886,-0.12478951654013298,1.9466030327773471,0.027432190888035654,10.736091348893222,47.59790976165375,1.0059581685020516,3.567649926152415,0.3351336756473061,10.22609655945489,3
8.57175586639558,0.8217561711468747,0.4441993905811271,4.730149734438333,0.06845018998900934,16.714208325810933,105.8067957191486,0.9990372490200676,2.8912462596947006,0.5472917065839219,10.562007841344228,5
6.552952260425872,0.6656459380369246,0.1909627510547356,4.551294704873934,0.07806972341426863,14.911513749308384,34.82685760307821,0.9987221959780134,3.4753519978308525,0.5599201782953491,11.347560195863883,8
10.451703329469993,0.7181723341207396,0.885454018494666,1.2518391142036935,0.1034206636847281,26.32974234914031,46.02624924557065,0.9957536393693839,3.1758918249108676,0.5170093675147334,10.44750259383845,6
6.827502758035349,0.40741209759494834,0.1011289868738253,2.597585977200992,0.10254755103560215,2.900234456250004,95.29337659061282,1.0001391681325622,3.1499923644713754,0.9561268304219696,10.455777979250042,8
9.948077240895453,0.4700118561841781,0.11570979531421571,1.5890807301293273,0.04859097180632459,-6.832386346150393,51.8513575092245,0.9991988312035859,3.3523154968130813,0.6579994675699823,10.661577099452966,4
9.026230415181866,0.21336963709505757,0.18692140594291967,2.042693411535944,0.12428281962568555,13.865673029120755,84.52294238150223,1.0007632425787156,3.0020780775297995,0.653784639753041,10.119476087340677,3
7.201413573265535,0.3950675185866394,0.3486269310276978,5.303398454702716,0.05804032331249209,20.68531256905124,16.927758122202366,1.0006662282967969,3.136795385610759,0.7538414127536824,10.495573653865593,6
11.318028517436172,0.5987309695286301,0.20595933224293772,2.069400016037881,0.08218618316474785,17.522693758075,40.22534678625904,0.9940418214238049,3.130172070697401,0.756781283541195,11.638415396912926,7
6.270817386013984,0.7592126123562792,0.4224664428005024,3.0043164519084002,0.12433870352516775,28.322042374139112,95.98632326852754,0.9947803210214602,3.255720348362981,0.09306823919360896,10.307698011337598,3
9.862562095137003,0.27856863663950965,0.10428232200226911,3.2578498116115897,0.05790892980278293,20.373726741796684,24.680789379803,0.9949924243690728,3.139172462367862,0.5501192186846082,10.36676600053729,4
10.000989940673064,0.4268988126029468,0.02368165630728375,1.0991188785234631,0.06153242882094312,10.361516681401401,42.00713168759965,0.9951121187133352,3.6202237371278536,0.41982594177548294,10.363056054756091,3
7.159945644569705,0.46974015595349555,-0.059642947881821506,1.3028663358271133,0.11958340248465654,-7.254201541396803,55.470612619418795,0.9976469047285208,3.6594033032995905,0.7280520358363194,11.827551195170287,7
10.66719101010936,0.22084215956150294,-0.14471483358743936,0.8115686800286337,0.04711334116974902,13.626877658047817,14.357900906231436,0.9958663930958084,2.895601295450387,0.610888289563212,9.181141340487613,7
7.874920925181781,0.6182698483516801,0.19638619610498864,1.2596409725431124,0.07076039881979646,26.27959002257798,33.34426608547739,1.001145197081525,3.408864540953147,0.6626158859652157,12.353431584270316,3
8.790779169775758,0.3552019336514782,0.2398039375213556,-1.490042153044055,0.11778710890214462,12.079522173328854,50.71701050024613,1.0008093597641632,3.4717326878155146,0.3066516426886111,9.105979960032936,6
8.742547125911075,0.46092192976459523,0.17371259450336332,3.262415361111079,0.19270462207179875,16.28320263677764,48.54049722734472,0.996987076811842,3.4085970404782207,0.6073251218026153,9.680357712539465,8
8.07167513950007,0.40961012561762444,0.5486811594374323,5.375871377758497,0.12027022523813732,20.213602543067086,89.25161668762547,1.0009106524322995,3.168377301381661,0.8495721428115787,11.219212096686853,6
9.67837406437163,0.3421322988560651,0.545606041921627,2.706949034651138,0.11363198814950058,5.847076257501842,97.86808742946437,0.9999762692544804,3.2511808875682915,0.8996064121273686,11.53334836502104,7
9.648930824938763,0.4985910029038891,0.2330394025110996,0.5172235969231498,0.11654007918363647,22.232358966388176,18.749199223969928,0.9960985868816454,3.1503450690444605,0.782206781321919,8.856151081301663,5
5.327495645495094,0.45687808428639554,-0.058784222638392614,1.600113063940073,0.036340486296647524,32.37121790001706,50.671861132527155,0.9929815693119489,3.2159471937682342,0.4329709001138198,9.198027950428205,5
10.51737841289286,0.4256284235442669,0.18665897838898943,1.8575724169650043,0.0957798369339954,14.271866481065937,69.25019417801727,0.9965640632300785,3.0580069942665644,0.874098306508661,10.705627090419034,6
5.473763620339355,0.3543076756639314,0.18003572121658767,1.075381311901274,0.0885116755831799,4.709355781676981,97.03946637137352,0.9957107557378431,3.2770422356730897,0.7830803833500027,12.978861326540176,5
10.055328547380817,0.563904934156591,0.1685730075443884,3.704255693753219,0.10607922701863781,15.333989729780264,70.71017981146527,0.9974130112502917,2.9994396577389857,0.6400778642090285,11.770889059098549,6
10.215398732606893,0.830723453698457,0.160456219220351,3.634364062125467,0.09582540262379353,-6.243841086088686,56.600142252546945,0.9971784565737495,3.2599730891543723,0.3157438265333435,10.127093245405009,4
6.445357068634164,0.5279774465678255,0.16930742085503855,0.8823674886552766,0.10898498387085562,19.36903263976616,68.99590355542682,0.9971260353177984,3.050283662180047,0.8221111416126279,7.738957948116669,6
7.601615710477207,0.6992236429822258,0.22269167682044805,3.515113462226511,0.07442664025503992,20.52274377648579,69.23437153309658,0.9980473694827583,3.3413632723582807,0.5593317239028256,10.489807007863275,4
6.42030206357391,0.22195561496930744,0.17289178023688864,4.637537729008171,0.09293044586858963,32.756362938455624,16.385428354615843,0.9945749561058327,3.1641160878114216,0.7188481895793128,10.798526484011209,8
7.934634248509151,0.5315522878587539,0.3416645017251184,5.163581487321384,0.028608571697150392,14.060052074333749,53.36236015270687,0.9978227205551394,3.3581160695749075,0.6716269563082327,9.979035344808917,7
7.77634171688424,0.2805263362057867,0.3720737431809722,6.5112968323203475,0.0740046360998543,20.084853381464704,95.15231280822681,0.996120767693966,3.516316145672956,0.9215271473545074,9.464203610398744,5
9.625422904857878,0.20461501449361968,0.11787098256350201,1.2372102907795237,0.15954167740883218,7.3871189761409894,40.15722663309785,0.9973999643997273,3.6178893872209414,0.6386876123804236,10.575081786353527,8
10.527524868403335,0.35212571850819274,0.5542130652014067,6.4539085969532834,0.1059404169814128,12.435728794749213,51.27173920406566,0.9989148196904644,2.794399082195902,0.6574306896853889,9.363512686716643,8
10.672662478342925,0.7383798668827146,0.10398753963187715,2.0041110560876962,0.08895394813084616,0.7481456333780194,38.99695716564128,0.9945512004535579,3.133161181225243,0.9283646163813671,12.459693526889597,7
7.344314354816887,0.6900031657339292,-0.02356012276306746,1.67054836246728,0.18480616381271733,14.052103787167644,-29.357363355026877,0.9964374126946609,3.239382784577597,0.548102218562468,12.0684192772872,3
7.944322814634304,0.5486009444108799,0.37615561427301036,2.9579013248289834,0.021958251084946034,12.946908464814351,47.67947584874441,0.9967629315319423,3.3920655636762964,0.7984348847393221,11.123703894752037,3
5.438155073224385,0.1934598880220138,0.13651837311713202,1.6851141322697827,0.034527222227689,18.99199766088896,56.959133711544794,0.9959714620568587,2.969929099169094,0.6262353271106611,10.498681626031248,8
6.93002088695648,0.46074386972241266,0.3642582941514776,3.0586617969051364,0.17563557056381363,9.764031196673606,30.087718100930235,0.9987996589922659,3.103581518639957,0.48956786645916206,9.673819504725085,8
9.940247776265679,0.5603400017803472,-0.1807337202201061,0.6518919371677778,0.09229804680244669,16.833453509750917,8.896980686803971,0.9955592232823991,3.326071440531422,0.6601973677425483,10.37713409772001,7
11.046490800031995,0.5351072459157196,0.5784911882966135,2.165746357111192,0.07787084818551031,12.666199443923343,17.939986827205573,0.9958891992011153,3.316977648305333,0.7775898693133579,12.203226848728004,6
6.201606917804133,0.13124128330385082,0.43445868160808043,4.299815128106351,0.030039783745217832,12.685006117004857,72.21819133247362,0.9955801617340959,3.3755236812840184,0.890130672796007,11.355519464280292,6
7.292810759440081,0.3219364303960256,-9.530983260036541e-05,2.420114191996382,0.11238481331975059,16.803623259630303,112.09331751054786,0.9991841108228776,3.388735145377623,0.910697977508766,10.624061506324106,5
8.255110213169825,0.48718444717025666,0.004244575230742842,2.698234101435836,0.1172229934763731,16.4052294231701,92.62030024987928,0.9960151117751755,3.367718886623172,0.6098901073816595,11.416371767584355,7
8.776273969993332,0.6072581819034379,0.6344531808195055,3.165362046604236,0.03527528195825518,23.611740390516385,2.636581840591788,0.9979200907817671,3.3387310633262985,0.4921676305545237,11.000171729718911,3
6.923674016133202,0.06077443578001068,0.15252401930040826,4.138926281044724,0.08298622072247858,14.793569658701651,75.2027012481732,1.0009514102024601,3.3111479546652736,0.6058143870718286,10.835905293875559,7
9.020903775588954,0.4675752049040283,0.13316303025347523,0.18268540293479374,0.07322420839834669,12.501146508769969,25.11564159829343,0.9968503631592989,3.4329526179448724,0.45913977193387356,11.478619584890689,7
7.4944731099794435,0.5286097539757905,-0.1532104188298566,3.3183336725724084,0.10279885732093855,14.191925549127738,27.785186937210355,0.9992241213600663,2.852135466687155,0.6230443460991941,10.968730409307234,5
8.275431139506926,0.6699223977032427,0.22984435887968915,2.1246052050615316,0.0340374878889678,8.853358831590075,31.754805266947628,1.0003427081681862,3.6088666973942467,0.6019169017846411,11.344406617113716,6
9.228683221606289,0.6385715168474874,0.25445607703284945,2.733293053436574,0.15259737272565788,12.400889064333285,70.3002093452292,0.9990543831200809,2.8591035898239348,0.7836733347066501,10.57752575459796,8
8.310917858678595,0.6165142637617611,0.44309861935389705,3.9839302376673267,0.13579118907988022,36.31158713073231,78.65536142281826,0.9969663973680445,3.0841676366191013,0.2849910194145557,10.120461594490887,3
7.5581439861048345,0.3400118986596131,0.02018431436310486,0.8281386880234183,0.07184122206335919,6.87321239304133,43.764974647767,0.9982842155179972,3.254647840669971,0.5352866491652712,9.797020833165837,5
8.113663333326087,0.11839957257533845,-0.004057358448121939,1.0822977819796749,0.07917906441808144,13.213436661206906,44.32466554673518,0.9944252428137293,3.4345225782179685,0.5366618882448744,9.665959433981946,3
8.14978296935093,0.4213894485877198,0.3901925269552954,-0.2096019435993286,0.08317889248611919,12.125113367303097,62.32070352678117,0.9954399136837001,2.7009466218400764,0.8618116329093644,8.634312513314315,3
7.670981249200383,0.700326365041712,0.5013460142454129,1.731177481530713,0.051084572349674826,13.528283877556005,65.74381980429999,0.9957906496367361,3.294375135211633,0.4706464558418271,9.39686605850717,6
7.860046693465927,0.7786909055048863,-0.014230470223576652,4.3626052821303425,0.06782852908824821,12.68760691121605,85.81544832303146,1.0014812242403486,3.4584790078831467,0.698531751140329,9.3650611174596,8
11.017700189858019,0.6421098204595571,0.5163028172599482,2.3311779361371427,0.07648648161626954,18.792401012209996,4.615724808196447,0.9953748309714895,3.4989036232056954,0.6382181695486372,9.841920284417562,8
9.253563061500106,0.5858681645603468,0.3075083682973643,0.6238251460833,0.17064341853535642,-1.1017510139179443,47.66090221353299,0.9953450464974763,3.160534068300508,0.8373172295621849,12.118468631702122,6
7.797683459350428,0.5759279296771931,0.5183610678149291,1.8200497575949344,0.13733091541652184,26.371714725320047,11.75519559559114,0.9949121580395021,3.2398329426089933,0.761291416966793,10.226681848890845,5
9.484822487668252,0.3887762506478439,0.28595592769647665,0.41699361511312816,0.13673273536683117,22.32582799642197,45.3189047909077,0.9981196235238615,3.176770374221474,0.6806114344094646,10.665943578872742,4
7.732506867414783,0.473987941289276,-0.20445558349759013,0.9247394575763737,0.10849628065021952,3.571284139368652,39.53621550653489,0.9972852427853378,3.221465069294783,0.5657066313200284,10.70065160896312,5
10.29431188389729,0.8338139051652662,0.2696065235367922,3.0443464743691986,0.03413364955343826,-6.690772729524014,45.45726802121082,0.9991735179540532,3.093634689854313,0.34510177447132107,12.146339004126604,5
8.928391726736761,0.3114883988416247,0.512028763734254,0.8565773431715598,0.08792544477113104,6.229278538585989,20.60848469235245,0.9983425193321547,3.1221495675058164,0.702004561466859,9.76685600077018,4
8.117586355192811,0.8229557581419703,0.12125079618325713,4.057688027284622,0.138524422980669,13.573335385728775,-2.0805631758451497,0.9942392203065519,3.3868753844056734,0.7501832657500784,10.155225711716133,3
9.061118773877473,0.43559436910158833,0.22240700621850956,2.4004315928375295,0.027086768531635594,41.80291898690775,-22.11643838159179,0.9953854444599792,3.3263230746545482,0.392272505879309,10.283180691048399,7
5.629510541483552,0.7650864218190156,0.2647732992898043,2.6198325855223357,0.12182766034366321,21.43256964974273,42.67105490926026,0.9997306574965517,3.3983173015180945,0.45027199206414664,11.650188341352246,4
6.384495302853332,0.21863699810049236,-0.27990277597369645,2.110277845348948,0.2061304612631383,-2.075896491814575,32.77696350751301,0.9965934035108464,3.342802877940167,0.7028960954731849,11.878516263129901,7
6.270327489121607,0.6171808402329299,0.6342695150874953,3.5819869739612127,0.1430908322994866,9.10344495099056,24.694057061473707,0.9993751836360361,3.440867720229519,0.7176540866553379,10.92204220166334,3
8.543003261098303,0.3526459728104756,0.11972486402056509,3.5964238428878152,0.16070145677809938,15.467875637270168,90.64409927344481,0.9967006381041693,3.475642799630999,0.49158995728434995,11.756200311468069,4
11.245275499124658,0.21694656161516251,0.40114708649455977,2.96907609267704,0.10091693752210804,18.53683554298097,18.638539835754738,0.995064687143423,2.951656676026779,0.5624089986934335,10.59542709611589,6
12.093210248527475,0.5437068084821891,0.28265977277035825,3.2907047482707075,0.1383965974382495,2.852511396895771,93.75552471058049,0.9963934784446666,3.1291380699171274,0.3477968974430275,10.210136427621496,5
9.384686872449288,0.7018943577191937,0.551523811271872,2.2030744621114042,0.054107339282298224,14.650097720229386,100.58684356088548,0.9950639004089006,3.253724808501992,0.8941348636482498,11.696596495244185,4
9.151435607405578,0.3310117122813007,0.3812112244856162,3.2590842096726678,0.12979319061706132,8.823608623894593,-17.379715404049577,0.9958688944751951,3.295464494902532,0.43902135074736315,10.936379442757177,4
5.238201851940344,0.20019680790831973,0.2530151456958051,2.0269711143366704,0.12271940670303816,4.962414373976834,50.048588146966004,0.9974018514131305,3.165981885236393,0.7521840965122537,9.59091626750166,3
7.377454540452164,0.48163104713300897,0.12129698149614393,2.503124271027363,0.10449555870188315,18.595956466989538,33.8100158024123,0.998023210180738,3.482404734197661,0.6540566816539254,11.497163031936786,6
6.960767621755995,0.48251293424456376,0.4595701402764278,2.1154987508871836,0.15580037098592492,23.738771734428223,-49.089530175669765,0.9938196173534914,3.6959896736581195,0.8792309153362091,10.170658105877692,4
7.244559082973104,0.6096639255108998,-0.07468826079092339,1.8598940449531258,0.06306075810763057,24.410412769616194,-0.6731613512576686,0.9969652639849818,3.3372323911163466,0.5253168042282914,10.036094125003375,6
8.014155508405858,0.6899189142728976,0.4291780840551785,1.5352434831894937,0.08064712417631686,21.74386351133876,72.57289153457965,0.9958267685288805,3.316868206439642,0.6704129607578658,11.382304805019684,7
7.497446017914884,0.4881169637455012,0.08019104968902543,3.15476614540244,0.09477310206791482,11.026304668597373,113.63357533947172,0.9957031703820823,3.469891251020866,0.3712674254296505,10.302284645070596,4
4.935190322361162,0.8711006629588527,0.550456732391328,4.334848277938848,0.03851945144552996,23.145497614635058,76.7883787090752,0.9972653692382661,2.9268320489593127,0.33045043772024185,10.827854389644319,6
9.571447435399808,0.5448469489070583,0.332259908532539,4.139542760337383,0.10134659719001239,19.09054438104288,57.679871592928265,0.9958990962546216,3.305693788087682,0.7613767092571306,11.12813354247788,5
6.47633685624233,0.43071469879862007,0.4288247535700217,0.7408085296763907,0.00405347935230764,17.33941882952013,46.29603140617411,0.9997642759896933,3.4958071650935034,0.35654560735815066,9.538762612800378,3
8.706719668988955,0.17768652817943442,0.31639776276494386,4.304884271969622,0.14234772672141047,9.883068782982017,102.52787618338775,0.9993761237525021,3.1713692005597776,0.6212030191461297,10.823335621150422,8
11.825940538574955,0.44746809593676645,-0.05047541902819935,2.0545780977348995,0.09233186832829829,11.031238726584718,117.89189366460214,0.9993636565878841,3.054687884019607,0.8319202261553964,11.884420415787787,6
6.7370461943030815,0.43272261091777275,0.1278541673209323,3.341026221203828,0.06395535480481183,16.73886936124554,27.63419157570186,0.9960101796090194,3.262838877980044,0.7869364255360956,9.347886141886429,3
3.99851121133124,0.6920609592562941,0.43447786752227646,1.2312985351339045,0.048281319385243916,40.39874466985501,-18.999556490239613,0.9950750023301613,3.2878629133596156,0.5470204670487391,10.89489977771435,8
7.813792822803812,0.5924967248133708,0.3333311634719688,2.6987718794236075,0.07827104851904061,19.0124248009139,-22.240186287949655,0.9971640598587762,3.118269543616908,0.3899544668106107,9.487585491961685,4
10.17163137949757,0.2641261756734765,0.5361979810611344,2.93921245605567,0.12441298553862068,9.888114977497139,90.62207274127347,0.9966993032674275,3.71923225521019,0.7466141264814399,11.523537452224438,4
11.62919067217501,0.5344508772822075,0.38065491260743434,0.4215532913124864,0.11738694893687802,7.6761055503055715,45.44706815444525,0.9957823536751532,3.2042607237984106,0.8881836530862308,11.513096142124748,7
6.209765689430892,0.6343062343458107,0.10665962185946803,3.351574032881865,0.054723102636076944,11.082333873437971,53.04698304513771,0.9946485311066661,3.069268129714686,0.547419526626844,10.010245425725993,3
9.144388679502088,0.8056062718775665,0.1407871724558732,4.384309010973642,0.04769801636861827,37.77293447549066,-12.091482767571534,0.9969169640614639,3.2812757361858775,0.5234368140707902,12.83059151740995,5
7.50897222347391,0.6775007934828119,0.32058347810464743,2.255492876045721,0.12284493531598237,12.00743354054038,22.14476587798061,0.9961918610994951,3.481572127540898,0.5707666663122702,11.617287840051013,5
8.11988779768297,0.6521693308622956,-0.1628088132000211,4.404235383159218,0.05388262976924852,25.06870534610285,37.249133141274186,0.998376694074076,3.303482849799646,0.7571734808372097,11.177621883649786,6
12.79538368992896,0.5120171989230328,0.634688377124597,2.2344291091666295,0.09299548870397517,12.240717545286437,53.85866665101433,0.998330212103043,3.3971187840088004,0.8688479930905353,11.11567198571675,5
5.744950441728241,0.5776624010846899,0.38834934727551146,3.689418343465264,0.09618773212621384,18.611845412796285,33.84646271584595,0.9992015996108454,3.125697881133368,0.4492668420653112,11.482319600126846,8
8.731357424540775,0.7499009801412317,0.5454069194097745,-0.6059979523315393,0.10560310658633693,23.91745274008722,12.768235456055692,0.9944814088962399,3.5975376892807027,0.405292092414809,9.304793352031425,3
9.095078392001238,0.23344452050407005,-0.01612078816183382,5.8862888910388484,0.13291352150909358,10.28097150190076,21.10928924411674,0.9978021166153873,3.4123422055836885,1.0577993747285162,10.614068358307128,4
10.14583675239689,0.4301121345566088,0.5489130320710511,4.59364154334014,0.026851853156633854,9.588883458472303,86.87466843625867,0.9955450685875327,3.509540313775522,0.6298551260586934,10.82150942391506,3
8.466571360900524,0.34548625024875185,0.7462997822055497,2.1015242940448497,-0.0055579662630243915,32.5886969445533,55.07789244691549,0.9945591715783778,3.373032126495034,0.7029917752673527,9.959850330367184,3
8.823685917156975,0.5758306237452249,0.035824328924536464,-0.2609246373013452,0.06162763593858241,25.84592894895797,67.2011746295332,0.9961427955261026,3.4649768075457565,0.5423717570950014,10.911274796388362,4
7.634197435382956,0.7460444351301575,0.4542803589807533,2.903239715627685,0.18007642039160932,23.906723186907282,17.33716424104812,0.9991374099602692,3.1253894880645543,0.7432935926069617,11.754863730477407,8
8.757515800116684,0.3806051426557852,0.3002219889374586,0.4785042340967407,0.19110870500436894,23.87276293122914,-50.4761750182206,0.996255363292859,3.2017179166620875,0.8232103486992588,9.936054003457503,3
7.716573131654403,0.021939126506112405,-0.008886769649648907,3.1227949525804832,0.18155885677829436,20.595754883110654,29.73755787281162,1.0001309093199182,3.569296119111206,0.7109653491673981,10.340133269591565,5
9.356672212755287,0.41755585099510595,0.39857679437037397,3.0761920068299946,0.08035093161196552,36.17775813175065,18.403171703958613,0.9980977570310406,3.6119483894567925,0.9559458730924539,9.497356174560661,6
7.671662428725823,0.6826947464034814,0.4667206409674697,1.1820355633971653,0.0008942459007585529,16.43908301877157,58.517404864726615,0.9962118190420388,3.0705868800561844,0.6044534197100144,8.43431208920813,6
8.941070669633717,0.607525980589976,0.1797746894662306,4.069353833060129,-0.02715195508259205,21.772623672009196,155.4288825515008,0.9993200968578129,3.3499472135727624,0.615309979583986,11.256825398572563,3
8.250253216735537,0.5856372495621153,0.5331833040510445,3.6278045839286426,0.05929809192252944,1.4908707140598736,69.94047858140245,0.9978907935442286,3.213811239902954,0.6993390797171607,10.371692825676828,8
10.214285426312687,0.444001339625104,-0.033352681357839586,3.866152672203989,0.08009631849253199,7.750393134087592,137.28668525965514,0.9951348812231066,3.1605937061270275,0.7390434797360366,10.452337358868068,4
8.212630669899575,0.24419385275604272,0.0010487707100711452,2.5124007851364536,0.15503127005279793,3.991810001649595,65.7693999462018,1.000717605271161,3.35696793907109,0.6987510345506436,9.314549020009121,7
5.285844804048303,0.6030588643248935,0.32731947911775044,0.5182663063208108,0.13339027297712228,28.74063583516149,26.2137541601004,0.9975189576461729,3.5281925864730814,0.44164944541763457,10.19594611806019,8
10.445266551213786,0.333143637993075,0.3050770555944543,3.869021181095593,0.10137025394958103,-9.525401520207499,58.48123057798915,0.9970375923839709,3.3903324946568385,0.7131275782532455,11.606253168100336,3
6.760255088533548,0.9368193466760912,0.15668530231517894,2.1214800412098924,0.04550776145294291,11.976899772472773,105.76107378276437,0.9952889346601888,3.236097510016193,0.5963904905834156,10.400903470457406,3
7.188597224297007,0.6141014416709032,0.4619188871943772,0.5543077995302634,0.041961022087755484,-13.937066026606228,107.37556567860089,0.9993590765352155,3.402972235987032,0.5612339076073103,10.432102133860955,7
7.287375800126064,0.3838703394892098,0.4061788628431899,4.392855112364057,0.10270638435357177,7.687121045181099,28.01386685457839,0.9980345508547226,3.2280047652838197,0.6655219493080514,10.628281105649766,6
10.63654475839039,0.37772295052227434,0.4716278141868032,5.439170528703513,0.12485254894198633,11.090510502681337,55.35506195807687,0.9982584763605905,3.38242286014612,0.4965411431540336,9.039979658752898,8
4.669353836236219,0.48141115867728235,0.27537271292954646,2.442252619429116,0.10959406311227923,29.84871093794044,-0.16580702914779266,0.9959849373129485,3.5792931400911465,0.4669834749415507,11.087412510512593,6
13.63417250722199,0.45209961559565004,0.4205160535956682,5.5227696164446085,0.038270102019667254,19.96627939221457,74.21406461481718,0.9986682011438202,2.884568068139834,0.21537027679934556,9.019282073592587,7
10.095296575412288,0.7233667551059908,0.21086993939400106,2.6278406200558893,0.12253338143960431,7.668584766710337,98.26070506884452,0.9988236271871416,3.4594504597080067,0.9570303458466816,9.36642286059307,4
8.679506154019572,0.5372832339488093,0.7107637380173191,1.9673617341671084,0.11129554835507056,26.65963719731826,48.313381985828535,0.9956624435224377,2.992189015685906,0.7544743242475105,9.245863754092118,3
8.206680198952315,0.3536736522182944,0.13749084597560282,1.6173581641403314,0.03646667969049108,16.178322545297576,24.976326206115772,0.994166019720638,3.545665542108892,0.6401500993779281,10.2072525367064,5
8.785441927258017,0.8780881370311566,0.7210594858916625,4.791915371189839,0.05078395148498721,16.375668587072525,58.88432139215957,0.9981627461186778,3.1725948780254276,0.5465720497292699,10.012302026108356,6
9.185908128244876,0.5098616663040445,0.3069775894178817,1.4077985660571195,0.12442479872807832,3.9732849222800795,60.77614803498447,0.9938533061007885,3.056465724478703,0.17107451205210916,10.398652457860921,6
9.396866496115098,0.6537679351937794,0.024897822086251464,3.529377033964982,0.07827462324270545,6.0998628609686065,49.677746451037464,0.9973040315556756,3.4390538454177495,0.5361500910423477,9.404218224245913,8
9.244527592205863,0.37835469851104814,0.5736158700977202,1.7171706309171084,0.16945736508182285,7.749027000544757,52.89759910308645,0.9961055097904253,3.372834012628482,0.781697277317893,11.506044852337016,6
8.452287158133924,0.5726231255489047,0.32518027767899177,1.8555705323958918,0.11505646380322881,16.464612731541894,41.264109934510756,0.9994373304215778,3.1001626194076684,0.8201696316109577,11.317430325598965,4
7.964524685477547,0.562221998228639,0.47022481967604757,3.9423495715573935,0.06566844059053653,16.77885726980675,79.8665126314714,0.9962143122184656,3.049400048566321,0.7691896389125613,10.208805135819109,7
8.04283541778903,0.1220701415807694,0.5447711837085186,1.967948415194905,0.08948971998045337,31.44092663524045,71.29550569044919,0.9992145459440076,3.2625037025017436,0.6869266324779196,9.873796611753269,4
7.968655923400443,0.9030550220921281,0.36759111082900503,1.9332864688115896,0.0931691696318859,19.85055167937834,14.557596144243071,0.9959715811112739,3.0591826099657604,0.8816586048083345,9.76270675732028,6
10.227409164674011,0.7581288921845095,0.18155183103743705,4.08592657604473,0.05358048433791449,-11.075656936721082,13.650510095766371,0.9989999820101192,3.0877054054152744,0.6041486722449482,10.058840505488254,8
9.309046427877465,0.4205609367708025,0.49514267553385005,4.736356210510272,0.04437059009111866,18.626419878716906,38.60564423812345,1.0011206830876738,3.3231241580842865,0.8444821157428415,8.859730248373706,3
3.3013393210707243,0.27954605190882886,0.3001511014909191,3.4025657245979266,0.12506949469047496,1.4998364383246727,71.31562509547092,0.9948639057232675,3.1068256731489803,0.5946209845675638,9.344431956566975,6
9.415031320100594,0.5695123227607104,0.43717156372168375,1.5833223141264712,0.13226366485210478,6.340290753884636,51.885894658396886,0.9975840714434618,3.385307858005308,0.5102059774907804,11.346132431183463,3
8.631051531021917,0.5173395398828793,-0.1307461147582923,1.7851481009833887,0.12018907347764793,7.878305282736701,25.776036465952377,1.0024975648318202,3.5980287191766953,0.4890287933281714,10.731993734683456,8
8.268195114041974,0.5711337897126458,0.3893963434019704,2.6118813692360523,0.1657659047161901,9.366616764876982,55.630113691952396,0.9971331776538058,3.2702889170198834,0.479035608400598,12.197701934574184,3
7.639518629748895,0.538315479238818,0.17228283497099395,2.9493020866959205,0.06291133819941991,2.24850607959697,36.083252855765025,0.9971235765404592,3.3260302123971166,0.7720415648964225,10.070885334813747,6
10.210991623976224,0.6012481978611852,0.6306619274357061,1.1169877258043195,0.17371353830355651,18.034820034522877,76.05605318739633,0.998576997894702,3.7036193465670975,0.5337332529134967,10.002335450182446,6
9.91079498560886,0.7894611398783613,0.42461746957781904,3.5122531154118093,0.044953944072292355,1.8919771490904083,57.99092835721257,0.9970821617281895,3.0624797765245306,0.4843850963440596,9.951311183001987,3
6.986107964699865,0.6136206410257292,0.3479715491698593,2.6197186614954386,0.03936572183157536,19.56667607249847,36.595819814079256,0.9935855480108589,3.5382470390361482,0.7813349873424312,10.048919068460014,4
8.99198888811171,0.2900689002180118,0.3972619986700443,0.09800835390661877,0.002002055892537477,38.369710770616294,54.64011947753323,0.9992645747496779,3.5141715195824963,0.7157549663802796,9.674050585538742,4
6.648183551279814,0.7725125705424905,0.10031182942465633,1.1995029245549775,0.06771023430865915,2.7064094106593615,90.39658596429865,0.9929941031722697,3.4708634678347563,0.8236406370837864,10.69808703615592,8
5.954649119858819,0.8281229126976575,0.6246513381056108,1.7942198568876708,0.06481388315852732,13.154896956607779,28.20220747396954,0.9961664166977233,3.558349570146526,0.7471419169163758,10.432014473863253,4
7.23458071819706,1.130411346902417,0.698274083683381,2.397999235622523,0.11629686401273252,-9.2345736251247,60.287680394356315,0.9994148514983133,3.356114993191724,0.5319710313664571,9.8390940479779,5
9.76606890305069,0.27530119335208036,0.3785827021096433,5.144990313705595,0.10219454708102255,12.990647070298667,44.67480876462214,0.9962869151427144,3.1834141008801464,0.6729374107996599,11.776263804320793,3
9.920312577139349,0.548576402630055,0.6180807137147277,2.8334398285954796,0.030351331449043152,22.427171526314837,61.09046156744929,0.9956126070150711,3.518914658244113,0.6812726084308451,12.486241214734939,5
9.172245214165399,0.08358025936220254,0.18617036026549322,1.322919354141925,0.07036368807870912,23.20639231357267,25.399356927340897,0.9987585278103331,3.5265684423425787,0.5037430280594196,11.68323492613074,5
9.532662837641595,0.6106298312758418,0.14057728675500383,2.8088831260300284,0.07142689894561573,16.773637302840967,50.6410692942594,0.9952977704263313,3.5210627802986574,0.47221375440402125,11.013936414391734,3
9.17750308809543,0.39035994036664545,0.3081849497457846,2.0070771535645666,0.0012008876519053607,24.892634247589758,83.55816831975443,0.9945555485608161,3.308900416463847,0.5442773264499903,11.237946698890152,5
7.2094812881209815,0.8846891589649907,0.3869882076735797,2.9546615353469585,0.04095266364933152,41.46054535942792,16.078769618878457,0.9975490279749866,3.1567610972773346,1.0062190006342537,12.44205706960897,8
9.0342683259457,0.3450770059962836,0.2212026637513759,3.3127947618498608,0.05145931846929552,33.123046874375994,3.1296315902723038,0.9966341534031748,3.338272450822322,0.5898335039823367,11.236351247335367,8
9.66069619288706,0.16216339240654765,0.40755363807369677,4.192922906113513,0.1616812509910473,10.77479070590363,4.381966371930176,0.9945126537716223,3.488446003513567,0.8695873545357415,9.756295562140787,3
9.582295260683077,0.40574725185949606,0.3612778964146828,2.465998906061964,0.09957253579786762,1.488960135332615,8.368136503393764,0.9982739050799897,3.504870357971993,0.5803277133884344,10.831499779315603,7
10.321152731506894,0.10490244575657248,0.10033864494178898,4.794544738639766,0.12310843769737498,11.938485834261964,66.64566850045792,0.9979289752111544,3.214064774585081,0.8111025993217986,11.08886869266965,7
9.504116540241808,0.650219890901462,0.40375860349034426,3.771231727550668,0.015068225142539401,6.530172343826518,0.6066303664396386,0.9962804899667888,3.363074579225478,0.8134235814448341,9.305810998560489,3
8.897461952820692,0.08698339074873584,0.47270564850430424,1.5095846372629371,0.14971072415069958,20.513475478646328,37.16945362346348,0.9964173359877501,3.0382443391028087,0.8219403863518476,10.086576099492504,3
10.119255405137928,0.5056915162366318,0.33429386351807816,5.593797932047849,0.15505510315120463,4.188064605705019,67.40354700925336,0.9979407854840183,3.49699002060117,0.725930648141523,11.610431006461013,3
8.254913859276598,0.08443763602876064,0.5305296206523384,2.9577923185781367,-0.009917248357231317,15.27177567409658,60.74974899810359,0.9993807228395041,3.1433382486549872,0.8941523183927957,8.394157991445455,4
6.800813092912881,0.4359404390926716,0.05651924130060959,1.3308256944388708,0.054734163804207585,24.380140545363105,34.27655366123799,0.9964344135797814,3.4570510719143095,0.7243201747899638,9.024528600455346,3
8.022786161295603,0.8286756311609068,0.39359008442637033,4.8140782717225905,0.11478827865077551,14.993041271828229,53.3004831479185,0.9983093769860163,3.0701390845219674,0.9513000539878476,10.20595224100884,8
7.033665503829037,0.5721295782871589,0.06594385872064501,5.408888619277822,0.1222194226769091,6.536861772522036,50.53579588133975,0.9981304004341692,3.5062831812868014,0.38461363345796634,10.789047555056275,8
